municipality,parent_name,point_index,lon,lat,general_score,api_municipality,error
"""Мосрентген""",Новомосковский,1,37.480297,55.601258,70.550000,"""Мосрентген""",
"""Мосрентген""",Новомосковский,2,37.464257,55.605552,60.500000,"""Мосрентген""",
"""Мосрентген""",Новомосковский,3,37.472190,55.605651,66.080000,"""Мосрентген""",
"""Мосрентген""",Новомосковский,4,37.480124,55.605749,74.620000,"""Мосрентген""",
"""Мосрентген""",Новомосковский,5,37.464081,55.610043,60.600000,"""Мосрентген""",
"""Мосрентген""",Новомосковский,6,37.487885,55.610338,76.810000,"""Мосрентген""",
"""Мосрентген""",Новомосковский,7,37.463906,55.614534,67.320000,"""Мосрентген""",
"""Мосрентген""",Новомосковский,8,37.471841,55.614633,75.130000,"""Мосрентген""",
"""Мосрентген""",Новомосковский,9,37.479776,55.614732,78.480000,"""Мосрентген""",
"""Мосрентген""",Новомосковский,10,37.463730,55.619025,70.520000,"""Мосрентген""",
"""Мосрентген""",Новомосковский,11,37.471666,55.619124,78.070000,"""Мосрентген""",
"""Мосрентген""",Новомосковский,12,37.447680,55.623316,53.950000,"""Мосрентген""",
"""Мосрентген""",Новомосковский,13,37.455617,55.623416,57.990000,"""Мосрентген""",
"""Мосрентген""",Новомосковский,14,37.463554,55.623516,68.510000,"""Мосрентген""",
"""Мосрентген""",Новомосковский,15,37.447503,55.627807,65.970000,"""Мосрентген""",
"""Мосрентген""",Новомосковский,16,37.455441,55.627908,60.070000,"""Мосрентген""",
"""Мосрентген""",Новомосковский,17,37.463379,55.628007,70.020000,"""Мосрентген""",
"""Мосрентген""",Новомосковский,18,37.447325,55.632298,73.020000,"""Мосрентген""",
"""Мосрентген""",Новомосковский,19,37.455264,55.632399,69.240000,"""Мосрентген""",
"""Мосрентген""",Новомосковский,20,37.463203,55.632498,71.220000,"""Мосрентген""",
Академический,Юго-Западный,1,37.564770,55.678661,87.090000,Академический,
Академический,Юго-Западный,2,37.572719,55.678754,86.610000,Академический,
Академический,Юго-Западный,3,37.580667,55.678846,85.470000,Академический,
Академический,Юго-Западный,4,37.556656,55.683059,87.010000,Академический,
Академический,Юго-Западный,5,37.564606,55.683152,88.650000,Академический,
Академический,Юго-Западный,6,37.572555,55.683245,87.470000,Академический,
Академический,Юго-Западный,7,37.588454,55.683429,88.450000,Академический,
Академический,Юго-Западный,8,37.572392,55.687736,87.850000,Академический,
Академический,Юго-Западный,9,37.580342,55.687829,89.300000,Академический,
Академический,Юго-Западный,10,37.588293,55.687920,89.820000,Академический,
Академический,Юго-Западный,11,37.564277,55.692135,88.250000,Академический,
Академический,Юго-Западный,12,37.572228,55.692228,88.050000,Академический,
Академический,Юго-Западный,13,37.580179,55.692320,86.930000,Академический,
Академический,Юго-Западный,14,37.588131,55.692412,87.420000,Академический,
Академический,Юго-Западный,15,37.596082,55.692503,87.860000,Академический,
Академический,Юго-Западный,16,37.572064,55.696719,84.650000,Академический,
Академический,Юго-Западный,17,37.580017,55.696811,84.480000,Академический,
Академический,Юго-Западный,18,37.587969,55.696903,79.810000,Академический,
Академический,Юго-Западный,19,37.579854,55.701302,84.660000,Академический,
Академический,Юго-Западный,20,37.587807,55.701394,83.970000,Академический,
Академический,Юго-Западный,21,37.587645,55.705886,84.200000,Академический,
Алексеевский,Северо-Восточный,1,37.648332,55.791938,82.650000,Алексеевский,
Алексеевский,Северо-Восточный,2,37.640204,55.796341,81.780000,Алексеевский,
Алексеевский,Северо-Восточный,3,37.648177,55.796429,78.240000,Алексеевский,
Алексеевский,Северо-Восточный,4,37.640047,55.800832,83.580000,Алексеевский,
Алексеевский,Северо-Восточный,5,37.648021,55.800920,78.030000,Алексеевский,
Алексеевский,Северо-Восточный,6,37.639891,55.805324,82.740000,Алексеевский,
Алексеевский,Северо-Восточный,7,37.647866,55.805412,83.800000,Алексеевский,
Алексеевский,Северо-Восточный,8,37.639734,55.809815,83.690000,Алексеевский,
Алексеевский,Северо-Восточный,9,37.647710,55.809903,85.210000,Алексеевский,
Алексеевский,Северо-Восточный,10,37.655685,55.809991,84.160000,Алексеевский,
Алексеевский,Северо-Восточный,11,37.639578,55.814307,86.600000,Алексеевский,
Алексеевский,Северо-Восточный,12,37.647554,55.814395,86.270000,Алексеевский,
Алексеевский,Северо-Восточный,13,37.655531,55.814482,84.170000,Алексеевский,
Алексеевский,Северо-Восточный,14,37.663507,55.814569,80.290000,Алексеевский,
Алексеевский,Северо-Восточный,15,37.647398,55.818886,87.870000,Алексеевский,
Алексеевский,Северо-Восточный,16,37.655376,55.818973,84.240000,Алексеевский,
Алексеевский,Северо-Восточный,17,37.663353,55.819060,78.160000,Алексеевский,
Алексеевский,Северо-Восточный,18,37.647242,55.823377,87.550000,Алексеевский,
Алексеевский,Северо-Восточный,19,37.655221,55.823465,84.680000,Алексеевский,
Алексеевский,Северо-Восточный,20,37.663199,55.823552,78.430000,Алексеевский,
Алексеевский,Северо-Восточный,21,37.655066,55.827956,83.810000,Алексеевский,
Алтуфьевский,Северо-Восточный,1,37.573631,55.871970,82.380000,Алтуфьевский,
Алтуфьевский,Северо-Восточный,2,37.581619,55.872062,84.040000,Алтуфьевский,
Алтуфьевский,Северо-Восточный,3,37.573466,55.876461,80.870000,Алтуфьевский,
Алтуфьевский,Северо-Восточный,4,37.581455,55.876553,81.070000,Алтуфьевский,
Алтуфьевский,Северо-Восточный,5,37.589444,55.876645,82.320000,Алтуфьевский,
Алтуфьевский,Северо-Восточный,6,37.581291,55.881044,85.420000,Алтуфьевский,
Алтуфьевский,Северо-Восточный,7,37.589281,55.881136,85.320000,Алтуфьевский,
Алтуфьевский,Северо-Восточный,8,37.597271,55.881227,87.800000,Алтуфьевский,
Алтуфьевский,Северо-Восточный,9,37.573136,55.885443,82.600000,Алтуфьевский,
Алтуфьевский,Северо-Восточный,10,37.581127,55.885536,84.640000,Алтуфьевский,
Алтуфьевский,Северо-Восточный,11,37.589118,55.885627,86.220000,Алтуфьевский,
Алтуфьевский,Северо-Восточный,12,37.597109,55.885719,87.500000,Алтуфьевский,
Арбат,Центральный,1,37.578222,55.746215,89.070000,Арбат,
Арбат,Центральный,2,37.578059,55.750707,88.540000,Арбат,
Арбат,Центральный,3,37.586022,55.750799,88.590000,Арбат,
Арбат,Центральный,4,37.593986,55.750890,87.500000,Арбат,
Арбат,Центральный,5,37.601949,55.750981,89.450000,Арбат,
Арбат,Центральный,6,37.609913,55.751071,88.130000,Арбат,
Арбат,Центральный,7,37.585860,55.755290,88.680000,Арбат,
Арбат,Центральный,8,37.593824,55.755381,86.630000,Арбат,
Аэропорт,Северный,1,37.560644,55.790942,85.820000,Аэропорт,
Аэропорт,Северный,2,37.568615,55.791035,89.140000,Аэропорт,
Аэропорт,Северный,3,37.544533,55.795246,85.740000,Аэропорт,
Аэропорт,Северный,4,37.552506,55.795340,86.930000,Аэропорт,
Аэропорт,Северный,5,37.536393,55.799642,89.400000,Аэропорт,
Аэропорт,Северный,6,37.544366,55.799737,87.630000,Аэропорт,
Аэропорт,Северный,7,37.552339,55.799831,87.690000,Аэропорт,
Аэропорт,Северный,8,37.520276,55.803943,88.450000,Аэропорт,
Аэропорт,Северный,9,37.528250,55.804038,89.780000,Аэропорт,
Аэропорт,Северный,10,37.536224,55.804134,89.010000,Аэропорт,
Аэропорт,Северный,11,37.544198,55.804228,87.780000,Аэропорт,
Аэропорт,Северный,12,37.520106,55.808434,87.820000,Аэропорт,
Аэропорт,Северный,13,37.528081,55.808529,88.780000,Аэропорт,
Аэропорт,Северный,14,37.536056,55.808625,86.530000,Аэропорт,
Аэропорт,Северный,15,37.544031,55.808719,84.750000,Аэропорт,
Аэропорт,Северный,16,37.519935,55.812925,85.710000,Аэропорт,
Аэропорт,Северный,17,37.527911,55.813021,85.870000,Аэропорт,
Аэропорт,Северный,18,37.535887,55.813116,83.110000,Аэропорт,
Бабушкинский,Северо-Восточный,1,37.670105,55.855078,83.660000,Бабушкинский,
Бабушкинский,Северо-Восточный,2,37.653980,55.859395,90.540000,Бабушкинский,
Бабушкинский,Северо-Восточный,3,37.661966,55.859483,88.450000,Бабушкинский,
Бабушкинский,Северо-Восточный,4,37.669951,55.859569,85.860000,Бабушкинский,
Бабушкинский,Северо-Восточный,5,37.677937,55.859655,83.970000,Бабушкинский,
Бабушкинский,Северо-Восточный,6,37.645838,55.863799,85.150000,Бабушкинский,
Бабушкинский,Северо-Восточный,7,37.653824,55.863887,88.930000,Бабушкинский,
Бабушкинский,Северо-Восточный,8,37.661811,55.863974,89.200000,Бабушкинский,
Бабушкинский,Северо-Восточный,9,37.669798,55.864061,90.330000,Бабушкинский,
Бабушкинский,Северо-Восточный,10,37.677785,55.864147,84.990000,Бабушкинский,
Бабушкинский,Северо-Восточный,11,37.653669,55.868378,89.710000,Бабушкинский,
Бабушкинский,Северо-Восточный,12,37.661657,55.868465,90.160000,Бабушкинский,
Бабушкинский,Северо-Восточный,13,37.669644,55.868552,89.880000,Бабушкинский,
Бабушкинский,Северо-Восточный,14,37.661502,55.872957,89.480000,Бабушкинский,
Бабушкинский,Северо-Восточный,15,37.669491,55.873043,90.560000,Бабушкинский,
Бабушкинский,Северо-Восточный,16,37.677479,55.873129,87.490000,Бабушкинский,
Бабушкинский,Северо-Восточный,17,37.661348,55.877448,86.270000,Бабушкинский,
Бабушкинский,Северо-Восточный,18,37.669337,55.877535,88.430000,Бабушкинский,
Бабушкинский,Северо-Восточный,19,37.677327,55.877621,83.490000,Бабушкинский,
Басманный,Центральный,1,37.633646,55.755830,88.060000,Басманный,
Басманный,Центральный,2,37.641611,55.755919,87.740000,Басманный,
Басманный,Центральный,3,37.649575,55.756007,87.640000,Басманный,
Басманный,Центральный,4,37.657540,55.756094,88.500000,Басманный,
Басманный,Центральный,5,37.665505,55.756181,89.240000,Басманный,
Басманный,Центральный,6,37.633489,55.760322,86.300000,Басманный,
Басманный,Центральный,7,37.641455,55.760410,86.190000,Басманный,
Басманный,Центральный,8,37.649420,55.760498,85.780000,Басманный,
Басманный,Центральный,9,37.657386,55.760585,88.900000,Басманный,
Басманный,Центральный,10,37.665351,55.760672,89.210000,Басманный,
Басманный,Центральный,11,37.673317,55.760758,87.750000,Басманный,
Басманный,Центральный,12,37.681283,55.760844,81.520000,Басманный,
Басманный,Центральный,13,37.641299,55.764902,87.880000,Басманный,
Басманный,Центральный,14,37.649265,55.764989,86.100000,Басманный,
Басманный,Центральный,15,37.657231,55.765077,87.280000,Басманный,
Басманный,Центральный,16,37.665198,55.765163,87.580000,Басманный,
Басманный,Центральный,17,37.673165,55.765250,87.200000,Басманный,
Басманный,Центральный,18,37.681131,55.765335,87.290000,Басманный,
Басманный,Центральный,19,37.657077,55.769568,86.980000,Басманный,
Басманный,Центральный,20,37.665044,55.769655,88.490000,Басманный,
Басманный,Центральный,21,37.673012,55.769741,88.250000,Басманный,
Басманный,Центральный,22,37.680979,55.769827,88.990000,Басманный,
Басманный,Центральный,23,37.688947,55.769912,86.730000,Басманный,
Басманный,Центральный,24,37.696915,55.769997,83.460000,Басманный,
Басманный,Центральный,25,37.672859,55.774233,88.790000,Басманный,
Басманный,Центральный,26,37.680828,55.774318,87.440000,Басманный,
Басманный,Центральный,27,37.688796,55.774404,87.210000,Басманный,
Басманный,Центральный,28,37.696765,55.774488,86.110000,Басманный,
Басманный,Центральный,29,37.704733,55.774573,86.720000,Басманный,
Басманный,Центральный,30,37.688645,55.778895,86.790000,Басманный,
Басманный,Центральный,31,37.696615,55.778980,85.420000,Басманный,
Басманный,Центральный,32,37.704584,55.779064,87.540000,Басманный,
Беговой,Северный,1,37.553172,55.777375,81.920000,Беговой,
Беговой,Северный,2,37.561140,55.777469,80.210000,Беговой,
Беговой,Северный,3,37.569109,55.777562,82.580000,Беговой,
Беговой,Северный,4,37.577078,55.777654,85.020000,Беговой,
Беговой,Северный,5,37.545036,55.781772,77.010000,Беговой,
Беговой,Северный,6,37.553005,55.781866,80.140000,Беговой,
Беговой,Северный,7,37.560975,55.781960,81.440000,Беговой,
Беговой,Северный,8,37.568945,55.782053,82.480000,Беговой,
Беговой,Северный,9,37.576914,55.782145,83.740000,Беговой,
Беговой,Северный,10,37.584884,55.782237,86.220000,Беговой,
Беговой,Северный,11,37.544868,55.786263,77.080000,Беговой,
Беговой,Северный,12,37.552839,55.786358,79.640000,Беговой,
Беговой,Северный,13,37.568780,55.786544,85.300000,Беговой,
Беговой,Северный,14,37.576750,55.786637,84.290000,Беговой,
Беговой,Северный,15,37.584721,55.786729,86.270000,Беговой,
Беговой,Северный,16,37.552672,55.790849,80.130000,Беговой,
Беговой,Северный,17,37.576587,55.791128,88.070000,Беговой,
Беговой,Северный,18,37.584558,55.791220,87.290000,Беговой,
Бескудниковский,Северный,1,37.566304,55.853912,84.600000,Бескудниковский,
Бескудниковский,Северный,2,37.566139,55.858403,84.490000,Бескудниковский,
Бескудниковский,Северный,3,37.541847,55.867104,87.250000,Бескудниковский,
Бескудниковский,Северный,4,37.533691,55.871500,86.820000,Бескудниковский,
Бескудниковский,Северный,5,37.541679,55.871595,88.370000,Бескудниковский,
Бескудниковский,Северный,6,37.549667,55.871690,89.330000,Бескудниковский,
Бескудниковский,Северный,7,37.557654,55.871783,85.840000,Бескудниковский,
Бескудниковский,Северный,8,37.541510,55.876086,90.270000,Бескудниковский,
Бескудниковский,Северный,9,37.549499,55.876181,88.700000,Бескудниковский,
Бескудниковский,Северный,10,37.557488,55.876275,87.070000,Бескудниковский,
Бибирево,Северо-Восточный,1,37.605261,55.881318,88.530000,Бибирево,
Бибирево,Северо-Восточный,2,37.613251,55.881409,83.730000,Бибирево,
Бибирево,Северо-Восточный,3,37.605100,55.885810,87.700000,Бибирево,
Бибирево,Северо-Восточный,4,37.613091,55.885900,87.690000,Бибирево,
Бибирево,Северо-Восточный,5,37.588955,55.890119,87.270000,Бибирево,
Бибирево,Северо-Восточный,6,37.596947,55.890210,88.070000,Бибирево,
Бибирево,Северо-Восточный,7,37.604939,55.890301,88.380000,Бибирево,
Бибирево,Северо-Восточный,8,37.612931,55.890391,87.730000,Бибирево,
Бибирево,Северо-Восточный,9,37.620923,55.890481,80.790000,Бибирево,
Бибирево,Северо-Восточный,10,37.588792,55.894610,88.950000,Бибирево,
Бибирево,Северо-Восточный,11,37.596785,55.894701,88.820000,Бибирево,
Бибирево,Северо-Восточный,12,37.604778,55.894792,83.150000,Бибирево,
Бибирево,Северо-Восточный,13,37.612771,55.894882,82.140000,Бибирево,
Бибирево,Северо-Восточный,14,37.628757,55.895061,75.580000,Бибирево,
Бибирево,Северо-Восточный,15,37.636750,55.895150,75.510000,Бибирево,
Бибирево,Северо-Восточный,16,37.588629,55.899101,90.950000,Бибирево,
Бибирево,Северо-Восточный,17,37.596623,55.899192,88.920000,Бибирево,
Бибирево,Северо-Восточный,18,37.604617,55.899283,80.760000,Бибирево,
Бибирево,Северо-Восточный,19,37.612610,55.899373,79.800000,Бибирево,
Бибирево,Северо-Восточный,20,37.620604,55.899463,76.830000,Бибирево,
Бибирево,Северо-Восточный,21,37.628598,55.899553,72.690000,Бибирево,
Бибирево,Северо-Восточный,22,37.588466,55.903592,89.950000,Бибирево,
Бибирево,Северо-Восточный,23,37.588303,55.908083,83.130000,Бибирево,
Бирюлёво Восточное,Южный,1,37.671757,55.572029,68.330000,Бирюлёво Восточное,
Бирюлёво Восточное,Южный,2,37.663677,55.576434,77.380000,Бирюлёво Восточное,
Бирюлёво Восточное,Южный,3,37.687462,55.576691,73.890000,Бирюлёво Восточное,
Бирюлёво Восточное,Южный,4,37.663525,55.580926,77.940000,Бирюлёво Восточное,
Бирюлёво Восточное,Южный,5,37.671454,55.581012,80.320000,Бирюлёво Восточное,
Бирюлёво Восточное,Южный,6,37.679383,55.581098,79.310000,Бирюлёво Восточное,
Бирюлёво Восточное,Южный,7,37.687312,55.581183,75.950000,Бирюлёво Восточное,
Бирюлёво Восточное,Южный,8,37.703171,55.581352,62.490000,Бирюлёво Восточное,
Бирюлёво Восточное,Южный,9,37.663372,55.585417,77.010000,Бирюлёво Восточное,
Бирюлёво Восточное,Южный,10,37.671302,55.585504,80.000000,Бирюлёво Восточное,
Бирюлёво Восточное,Южный,11,37.687162,55.585674,75.720000,Бирюлёво Восточное,
Бирюлёво Восточное,Южный,12,37.695093,55.585759,70.250000,Бирюлёво Восточное,
Бирюлёво Восточное,Южный,13,37.703023,55.585843,59.840000,Бирюлёво Восточное,
Бирюлёво Восточное,Южный,14,37.710953,55.585927,60.020000,Бирюлёво Восточное,
Бирюлёво Восточное,Южный,15,37.663219,55.589909,78.470000,Бирюлёво Восточное,
Бирюлёво Восточное,Южный,16,37.671150,55.589995,79.310000,Бирюлёво Восточное,
Бирюлёво Восточное,Южный,17,37.718737,55.590502,72.320000,Бирюлёво Восточное,
Бирюлёво Восточное,Южный,18,37.663067,55.594400,77.800000,Бирюлёво Восточное,
Бирюлёво Восточное,Южный,19,37.670998,55.594487,79.350000,Бирюлёво Восточное,
Бирюлёво Восточное,Южный,20,37.654981,55.598805,72.670000,Бирюлёво Восточное,
Бирюлёво Восточное,Южный,21,37.662914,55.598892,79.320000,Бирюлёво Восточное,
Бирюлёво Восточное,Южный,22,37.670847,55.598978,79.460000,Бирюлёво Восточное,
Бирюлёво Восточное,Южный,23,37.654827,55.603297,76.090000,Бирюлёво Восточное,
Бирюлёво Восточное,Южный,24,37.662761,55.603384,80.970000,Бирюлёво Восточное,
Бирюлёво Восточное,Южный,25,37.686562,55.603641,59.750000,Бирюлёво Восточное,
Бирюлёво Восточное,Южный,26,37.646739,55.607701,66.230000,Бирюлёво Восточное,
Бирюлёво Восточное,Южный,27,37.654674,55.607788,77.850000,Бирюлёво Восточное,
Бирюлёво Восточное,Южный,28,37.662608,55.607875,81.350000,Бирюлёво Восточное,
Бирюлёво Восточное,Южный,29,37.646584,55.612193,66.280000,Бирюлёво Восточное,
Бирюлёво Восточное,Южный,30,37.654520,55.612280,74.290000,Бирюлёво Восточное,
Бирюлёво Восточное,Южный,31,37.662455,55.612367,84.000000,Бирюлёво Восточное,
Бирюлёво Восточное,Южный,32,37.670391,55.612453,84.270000,Бирюлёво Восточное,
Бирюлёво Западное,Южный,1,37.663830,55.571943,69.740000,Бирюлёво Западное,
Бирюлёво Западное,Южный,2,37.616108,55.575906,61.870000,Бирюлёво Западное,
Бирюлёво Западное,Южный,3,37.624036,55.575996,57.360000,Бирюлёво Западное,
Бирюлёво Западное,Южный,4,37.631964,55.576084,62.280000,Бирюлёво Западное,
Бирюлёво Западное,Южный,5,37.639892,55.576173,69.350000,Бирюлёво Западное,
Бирюлёво Западное,Южный,6,37.647821,55.576260,71.480000,Бирюлёво Западное,
Бирюлёво Западное,Южный,7,37.655749,55.576348,73.260000,Бирюлёво Западное,
Бирюлёво Западное,Южный,8,37.615950,55.580398,65.800000,Бирюлёво Западное,
Бирюлёво Западное,Южный,9,37.623879,55.580487,55.040000,Бирюлёво Западное,
Бирюлёво Западное,Южный,10,37.631808,55.580576,62.910000,Бирюлёво Западное,
Бирюлёво Западное,Южный,11,37.639737,55.580664,69.900000,Бирюлёво Западное,
Бирюлёво Западное,Южный,12,37.647666,55.580752,74.480000,Бирюлёво Западное,
Бирюлёво Западное,Южный,13,37.615792,55.584889,74.670000,Бирюлёво Западное,
Бирюлёво Западное,Южный,14,37.623722,55.584979,66.340000,Бирюлёво Западное,
Бирюлёво Западное,Южный,15,37.631652,55.585067,64.290000,Бирюлёво Западное,
Бирюлёво Западное,Южный,16,37.639582,55.585156,73.070000,Бирюлёво Западное,
Бирюлёво Западное,Южный,17,37.615634,55.589381,79.090000,Бирюлёво Западное,
Бирюлёво Западное,Южный,18,37.623565,55.589470,68.960000,Бирюлёво Западное,
Бирюлёво Западное,Южный,19,37.631496,55.589559,65.490000,Бирюлёво Западное,
Бирюлёво Западное,Южный,20,37.639426,55.589647,73.800000,Бирюлёво Западное,
Бирюлёво Западное,Южный,21,37.647357,55.589735,76.760000,Бирюлёво Западное,
Бирюлёво Западное,Южный,22,37.623408,55.593962,75.450000,Бирюлёво Западное,
Бирюлёво Западное,Южный,23,37.631339,55.594050,71.860000,Бирюлёво Западное,
Бирюлёво Западное,Южный,24,37.639271,55.594139,72.510000,Бирюлёво Западное,
Бирюлёво Западное,Южный,25,37.647203,55.594226,76.830000,Бирюлёво Западное,
Бирюлёво Западное,Южный,26,37.631183,55.598542,73.790000,Бирюлёво Западное,
Бирюлёво Западное,Южный,27,37.639116,55.598630,70.300000,Бирюлёво Западное,
Бирюлёво Западное,Южный,28,37.647048,55.598718,72.280000,Бирюлёво Западное,
Богородское,Восточный,1,37.703689,55.806013,87.890000,Богородское,
Богородское,Восточный,2,37.711665,55.806097,85.060000,Богородское,
Богородское,Восточный,3,37.719640,55.806180,86.370000,Богородское,
Богородское,Восточный,4,37.703540,55.810504,84.580000,Богородское,
Богородское,Восточный,5,37.711516,55.810588,84.260000,Богородское,
Богородское,Восточный,6,37.719492,55.810672,85.940000,Богородское,
Богородское,Восточный,7,37.727468,55.810754,87.510000,Богородское,
Богородское,Восточный,8,37.735444,55.810837,87.080000,Богородское,
Богородское,Восточный,9,37.743420,55.810918,82.180000,Богородское,
Богородское,Восточный,10,37.695414,55.814911,84.450000,Богородское,
Богородское,Восточный,11,37.703391,55.814996,85.670000,Богородское,
Богородское,Восточный,12,37.711368,55.815080,82.830000,Богородское,
Богородское,Восточный,13,37.719345,55.815163,84.660000,Богородское,
Богородское,Восточный,14,37.727322,55.815246,87.050000,Богородское,
Богородское,Восточный,15,37.735299,55.815328,85.640000,Богородское,
Богородское,Восточный,16,37.703241,55.819487,83.730000,Богородское,
Богородское,Восточный,17,37.711219,55.819571,80.940000,Богородское,
Богородское,Восточный,18,37.719197,55.819654,82.620000,Богородское,
Богородское,Восточный,19,37.727175,55.819737,85.740000,Богородское,
Богородское,Восточный,20,37.695113,55.823894,78.210000,Богородское,
Братеево,Южный,1,37.781214,55.622591,54.290000,Братеево,
Братеево,Южный,2,37.789152,55.622669,55.420000,Братеево,
Братеево,Южный,3,37.757258,55.626843,86.620000,Братеево,
Братеево,Южный,4,37.765197,55.626923,83.290000,Братеево,
Братеево,Южный,5,37.773136,55.627003,74.280000,Братеево,
Братеево,Южный,6,37.781075,55.627082,57.960000,Братеево,
Братеево,Южный,7,37.733297,55.631091,85.960000,Братеево,
Братеево,Южный,8,37.757116,55.631335,89.490000,Братеево,
Братеево,Южный,9,37.765056,55.631415,88.440000,Братеево,
Братеево,Южный,10,37.772996,55.631495,83.690000,Братеево,
Братеево,Южный,11,37.733152,55.635583,84.440000,Братеево,
Братеево,Южный,12,37.741093,55.635665,87.830000,Братеево,
Братеево,Южный,13,37.749033,55.635746,89.050000,Братеево,
Братеево,Южный,14,37.756974,55.635827,90.840000,Братеево,
Братеево,Южный,15,37.764915,55.635907,89.420000,Братеево,
Братеево,Южный,16,37.772855,55.635987,86.910000,Братеево,
Братеево,Южный,17,37.756832,55.640318,86.790000,Братеево,
Братеево,Южный,18,37.764773,55.640399,88.230000,Братеево,
Бутырский,Северо-Восточный,1,37.584395,55.795711,89.490000,Бутырский,
Бутырский,Северо-Восточный,2,37.584232,55.800203,87.350000,Бутырский,
Бутырский,Северо-Восточный,3,37.592206,55.800294,85.020000,Бутырский,
Бутырский,Северо-Восточный,4,37.584069,55.804694,86.250000,Бутырский,
Бутырский,Северо-Восточный,5,37.592044,55.804785,82.510000,Бутырский,
Бутырский,Северо-Восточный,6,37.583906,55.809185,87.060000,Бутырский,
Бутырский,Северо-Восточный,7,37.591882,55.809277,84.100000,Бутырский,
Бутырский,Северо-Восточный,8,37.599857,55.809368,82.570000,Бутырский,
Бутырский,Северо-Восточный,9,37.607832,55.809458,82.010000,Бутырский,
Бутырский,Северо-Восточный,10,37.583743,55.813676,86.820000,Бутырский,
Бутырский,Северо-Восточный,11,37.591719,55.813768,83.120000,Бутырский,
Бутырский,Северо-Восточный,12,37.599696,55.813859,82.430000,Бутырский,
Бутырский,Северо-Восточный,13,37.607672,55.813949,81.990000,Бутырский,
Бутырский,Северо-Восточный,14,37.583580,55.818167,85.690000,Бутырский,
Бутырский,Северо-Восточный,15,37.591557,55.818259,84.270000,Бутырский,
Бутырский,Северо-Восточный,16,37.599534,55.818350,84.330000,Бутырский,
Бутырский,Северо-Восточный,17,37.575439,55.822567,87.440000,Бутырский,
Бутырский,Северо-Восточный,18,37.583417,55.822659,86.640000,Бутырский,
Бутырский,Северо-Восточный,19,37.591395,55.822750,85.090000,Бутырский,
Бутырский,Северо-Восточный,20,37.575275,55.827058,86.870000,Бутырский,
Бутырский,Северо-Восточный,21,37.583254,55.827150,82.760000,Бутырский,
Бутырский,Северо-Восточный,22,37.575111,55.831549,86.340000,Бутырский,
Вешняки,Восточный,1,37.834113,55.712966,76.120000,Вешняки,
Вешняки,Восточный,2,37.818064,55.717305,83.810000,Вешняки,
Вешняки,Восточный,3,37.826022,55.717382,81.840000,Вешняки,
Вешняки,Восточный,4,37.833979,55.717458,82.040000,Вешняки,
Вешняки,Восточный,5,37.802012,55.721643,88.470000,Вешняки,
Вешняки,Восточный,6,37.809970,55.721720,85.980000,Вешняки,
Вешняки,Восточный,7,37.817929,55.721797,85.530000,Вешняки,
Вешняки,Восточный,8,37.825887,55.721873,84.910000,Вешняки,
Вешняки,Восточный,9,37.833845,55.721949,82.140000,Вешняки,
Вешняки,Восточный,10,37.801875,55.726135,83.710000,Вешняки,
Вешняки,Восточный,11,37.809834,55.726212,84.280000,Вешняки,
Вешняки,Восточный,12,37.825752,55.726365,84.520000,Вешняки,
Вешняки,Восточный,13,37.833711,55.726441,82.900000,Вешняки,
Вешняки,Восточный,14,37.833577,55.730933,83.840000,Вешняки,
Вешняки,Восточный,15,37.817521,55.735272,87.370000,Вешняки,
Вешняки,Восточный,16,37.825482,55.735349,88.210000,Вешняки,
Вешняки,Восточный,17,37.833443,55.735425,84.360000,Вешняки,
Вешняки,Восточный,18,37.817386,55.739764,91.060000,Вешняки,
Вешняки,Восточный,19,37.825347,55.739840,88.810000,Вешняки,
Вешняки,Восточный,20,37.833309,55.739916,82.670000,Вешняки,
Вешняки,Восточный,21,37.841271,55.739992,79.690000,Вешняки,
Вешняки,Восточный,22,37.825212,55.744332,91.580000,Вешняки,
Вешняки,Восточный,23,37.833175,55.744408,82.830000,Вешняки,
Вешняки,Восточный,24,37.841138,55.744483,77.030000,Вешняки,
Внуково,Западный,1,37.235015,55.584492,30.950000,Внуково,
Внуково,Западный,2,37.242943,55.584606,33.430000,Внуково,
Внуково,Западный,3,37.250872,55.584719,31.920000,Внуково,
Внуково,Западный,4,37.258800,55.584832,36.270000,Внуково,
Внуково,Западный,5,37.242743,55.589096,33.500000,Внуково,
Внуково,Западный,6,37.250672,55.589210,32.500000,Внуково,
Внуково,Западный,7,37.258601,55.589323,31.410000,Внуково,
Внуково,Западный,8,37.266531,55.589435,34.700000,Внуково,
Внуково,Западный,9,37.274460,55.589547,32.910000,Внуково,
Внуково,Западный,10,37.242542,55.593587,39.330000,Внуково,
Внуково,Западный,11,37.250472,55.593701,33.650000,Внуково,
Внуково,Западный,12,37.258402,55.593813,27.480000,Внуково,
Внуково,Западный,13,37.266333,55.593926,30.930000,Внуково,
Внуково,Западный,14,37.274263,55.594038,32.870000,Внуково,
Внуково,Западный,15,37.282193,55.594149,41.430000,Внуково,
Внуково,Западный,16,37.290124,55.594260,41.390000,Внуково,
Внуково,Западный,17,37.250272,55.598191,41.340000,Внуково,
Внуково,Западный,18,37.258203,55.598304,37.870000,Внуково,
Внуково,Западный,19,37.266134,55.598417,35.010000,Внуково,
Внуково,Западный,20,37.274066,55.598528,41.630000,Внуково,
Внуково,Западный,21,37.281997,55.598640,54.140000,Внуково,
Внуково,Западный,22,37.289928,55.598751,61.050000,Внуково,
Внуково,Западный,23,37.297860,55.598861,54.550000,Внуково,
Внуково,Западный,24,37.305791,55.598971,49.600000,Внуково,
Внуково,Западный,25,37.186618,55.601760,56.250000,Внуково,
Внуково,Западный,26,37.250072,55.602682,45.390000,Внуково,
Внуково,Западный,27,37.258004,55.602795,45.940000,Внуково,
Внуково,Западный,28,37.265936,55.602907,50.250000,Внуково,
Внуково,Западный,29,37.273869,55.603019,57.060000,Внуково,
Внуково,Западный,30,37.281801,55.603131,67.150000,Внуково,
Внуково,Западный,31,37.289733,55.603242,71.920000,Внуково,
Внуково,Западный,32,37.186411,55.606250,55.260000,Внуково,
Внуково,Западный,33,37.194343,55.606367,54.320000,Внуково,
Внуково,Западный,34,37.210208,55.606600,43.720000,Внуково,
Внуково,Западный,35,37.257805,55.607286,56.890000,Внуково,
Внуково,Западный,36,37.265738,55.607398,61.830000,Внуково,
Внуково,Западный,37,37.273671,55.607510,65.200000,Внуково,
Внуково,Западный,38,37.281604,55.607621,71.730000,Внуково,
Внуково,Западный,39,37.297471,55.607843,76.940000,Внуково,
Внуково,Западный,40,37.305404,55.607953,69.570000,Внуково,
Внуково,Западный,41,37.202070,55.610975,45.950000,Внуково,
Внуково,Западный,42,37.210004,55.611091,42.320000,Внуково,
Внуково,Западный,43,37.217937,55.611206,38.340000,Внуково,
Внуково,Западный,44,37.257606,55.611776,62.980000,Внуково,
Внуково,Западный,45,37.265540,55.611889,66.790000,Внуково,
Внуково,Западный,46,37.281408,55.612112,76.660000,Внуково,
Внуково,Западный,47,37.289342,55.612223,79.960000,Внуково,
Внуково,Западный,48,37.297276,55.612333,78.960000,Внуково,
Внуково,Западный,49,37.305210,55.612443,72.030000,Внуково,
Внуково,Западный,50,37.313145,55.612553,58.060000,Внуково,
Внуково,Западный,51,37.201865,55.615465,42.980000,Внуково,
Внуково,Западный,52,37.209799,55.615581,43.170000,Внуково,
Внуково,Западный,53,37.257407,55.616267,62.270000,Внуково,
Внуково,Западный,54,37.273277,55.616491,69.680000,Внуково,
Внуково,Западный,55,37.289146,55.616714,73.480000,Внуково,
Внуково,Западный,56,37.297082,55.616824,76.630000,Внуково,
Внуковское,Новомосковский,1,37.249872,55.607173,51.380000,Внуковское,
Внуковское,Новомосковский,2,37.265342,55.616379,67.830000,Внуковское,
Внуковское,Новомосковский,3,37.281211,55.616603,72.560000,Внуковское,
Внуковское,Новомосковский,4,37.257208,55.620758,62.820000,Внуковское,
Внуковское,Новомосковский,5,37.265143,55.620870,66.870000,Внуковское,
Внуковское,Новомосковский,6,37.273079,55.620982,67.420000,Внуковское,
Внуковское,Новомосковский,7,37.296887,55.621315,76.900000,Внуковское,
Внуковское,Новомосковский,8,37.304823,55.621425,77.060000,Внуковское,
Внуковское,Новомосковский,9,37.257008,55.625248,52.390000,Внуковское,
Внуковское,Новомосковский,10,37.264945,55.625361,60.630000,Внуковское,
Внуковское,Новомосковский,11,37.272882,55.625473,59.210000,Внуковское,
Внуковское,Новомосковский,12,37.296692,55.625806,75.390000,Внуковское,
Внуковское,Новомосковский,13,37.304629,55.625916,76.630000,Внуковское,
Внуковское,Новомосковский,14,37.312566,55.626025,73.180000,Внуковское,
Внуковское,Новомосковский,15,37.344314,55.626458,71.870000,Внуковское,
Внуковское,Новомосковский,16,37.256809,55.629739,43.630000,Внуковское,
Внуковское,Новомосковский,17,37.272684,55.629963,48.410000,Внуковское,
Внуковское,Новомосковский,18,37.328249,55.630733,78.640000,Внуковское,
Внуковское,Новомосковский,19,37.336187,55.630841,83.930000,Внуковское,
Внуковское,Новомосковский,20,37.256609,55.634230,44.350000,Внуковское,
Внуковское,Новомосковский,21,37.264548,55.634342,46.690000,Внуковское,
Внуковское,Новомосковский,22,37.272486,55.634454,41.870000,Внуковское,
Внуковское,Новомосковский,23,37.304241,55.634897,64.950000,Внуковское,
Внуковское,Новомосковский,24,37.312180,55.635007,71.910000,Внуковское,
Внуковское,Новомосковский,25,37.320119,55.635116,79.450000,Внуковское,
Внуковское,Новомосковский,26,37.328058,55.635224,86.520000,Внуковское,
Внуковское,Новомосковский,27,37.335997,55.635332,89.400000,Внуковское,
Внуковское,Новомосковский,28,37.256410,55.638720,46.020000,Внуковское,
Внуковское,Новомосковский,29,37.264349,55.638833,47.830000,Внуковское,
Внуковское,Новомосковский,30,37.272289,55.638945,43.120000,Внуковское,
Внуковское,Новомосковский,31,37.280228,55.639056,31.990000,Внуковское,
Внуковское,Новомосковский,32,37.311987,55.639498,73.330000,Внуковское,
Внуковское,Новомосковский,33,37.319926,55.639607,80.700000,Внуковское,
Внуковское,Новомосковский,34,37.327866,55.639715,87.960000,Внуковское,
Внуковское,Новомосковский,35,37.264151,55.643323,53.000000,Внуковское,
Внуковское,Новомосковский,36,37.272091,55.643436,49.210000,Внуковское,
Внуковское,Новомосковский,37,37.319734,55.644097,79.280000,Внуковское,
Внуковское,Новомосковский,38,37.327675,55.644206,86.950000,Внуковское,
Внуковское,Новомосковский,39,37.256011,55.647702,51.560000,Внуковское,
Внуковское,Новомосковский,40,37.263952,55.647814,57.180000,Внуковское,
Внуковское,Новомосковский,41,37.271893,55.647926,55.140000,Внуковское,
Внуковское,Новомосковский,42,37.279835,55.648038,50.000000,Внуковское,
Внуковское,Новомосковский,43,37.319542,55.648588,69.070000,Внуковское,
Внуковское,Новомосковский,44,37.327484,55.648697,76.960000,Внуковское,
Внуковское,Новомосковский,45,37.327292,55.653187,60.220000,Внуковское,
Внуковское,Новомосковский,46,37.335235,55.653295,69.220000,Внуковское,
Внуковское,Новомосковский,47,37.342988,55.657894,66.140000,Внуковское,
Внуковское,Новомосковский,48,37.334853,55.662277,56.600000,Внуковское,
Войковский,Северный,1,37.487858,55.817028,88.590000,Войковский,
Войковский,Северный,2,37.495835,55.817126,89.170000,Войковский,
Войковский,Северный,3,37.503812,55.817223,87.760000,Войковский,
Войковский,Северный,4,37.511788,55.817320,84.720000,Войковский,
Войковский,Северный,5,37.519765,55.817416,85.120000,Войковский,
Войковский,Северный,6,37.495662,55.821617,87.970000,Войковский,
Войковский,Северный,7,37.503639,55.821714,87.070000,Войковский,
Войковский,Северный,8,37.511617,55.821811,86.310000,Войковский,
Войковский,Северный,9,37.495488,55.826108,86.080000,Войковский,
Войковский,Северный,10,37.503467,55.826205,84.650000,Войковский,
Войковский,Северный,11,37.487336,55.830501,84.190000,Войковский,
Войковский,Северный,12,37.495315,55.830599,83.290000,Войковский,
Войковский,Северный,13,37.503294,55.830696,80.860000,Войковский,
Войковский,Северный,14,37.487161,55.834992,84.770000,Войковский,
Войковский,Северный,15,37.495141,55.835090,85.060000,Войковский,
Войковский,Северный,16,37.503122,55.835187,79.750000,Войковский,
Войковский,Северный,17,37.479006,55.839385,87.070000,Войковский,
Вороновское,Троицкий,1,37.203009,55.242506,9.930000,Вороновское,
Вороновское,Троицкий,2,37.179224,55.246648,15.900000,Вороновское,
Вороновское,Троицкий,3,37.187085,55.246765,13.830000,Вороновское,
Вороновское,Троицкий,4,37.194945,55.246881,10.860000,Вороновское,
Вороновское,Троицкий,5,37.202806,55.246997,5.730000,Вороновское,
Вороновское,Троицкий,6,37.163295,55.250903,16.720000,Вороновское,
Вороновское,Троицкий,7,37.171157,55.251021,19.030000,Вороновское,
Вороновское,Троицкий,8,37.186880,55.251256,13.420000,Вороновское,
Вороновское,Троицкий,9,37.170951,55.255512,16.180000,Вороновское,
Вороновское,Троицкий,10,37.178813,55.255629,14.140000,Вороновское,
Вороновское,Троицкий,11,37.186676,55.255746,9.610000,Вороновское,
Вороновское,Троицкий,12,37.162881,55.259884,13.140000,Вороновское,
Вороновское,Троицкий,13,37.178608,55.260120,9.810000,Вороновское,
Вороновское,Троицкий,14,37.186471,55.260237,8.300000,Вороновское,
Вороновское,Троицкий,15,37.162674,55.264375,8.520000,Вороновское,
Вороновское,Троицкий,16,37.170538,55.264493,8.280000,Вороновское,
Вороновское,Троицкий,17,37.209860,55.265076,6.180000,Вороновское,
Вороновское,Троицкий,18,37.233453,55.265420,6.050000,Вороновское,
Вороновское,Троицкий,19,37.241318,55.265533,5.770000,Вороновское,
Вороновское,Троицкий,20,37.170331,55.268984,7.020000,Вороновское,
Вороновское,Троицкий,21,37.233254,55.269911,7.150000,Вороновское,
Вороновское,Троицкий,22,37.115065,55.272637,19.570000,Вороновское,
Вороновское,Троицкий,23,37.130796,55.272879,18.330000,Вороновское,
Вороновское,Троицкий,24,37.233054,55.274402,11.220000,Вороновское,
Вороновское,Троицкий,25,37.240921,55.274515,10.160000,Вороновское,
Вороновское,Троицкий,26,37.099119,55.276883,9.940000,Вороновское,
Вороновское,Троицкий,27,37.106986,55.277006,18.090000,Вороновское,
Вороновское,Троицкий,28,37.114852,55.277127,20.940000,Вороновское,
Вороновское,Троицкий,29,37.122718,55.277249,20.150000,Вороновское,
Вороновское,Троицкий,30,37.138452,55.277489,17.500000,Вороновское,
Вороновское,Троицкий,31,37.232855,55.278893,14.150000,Вороновское,
Вороновское,Троицкий,32,37.083170,55.281128,6.760000,Вороновское,
Вороновское,Троицкий,33,37.106772,55.281496,16.410000,Вороновское,
Вороновское,Троицкий,34,37.114639,55.281618,20.660000,Вороновское,
Вороновское,Троицкий,35,37.122507,55.281739,21.120000,Вороновское,
Вороновское,Троицкий,36,37.138241,55.281980,15.530000,Вороновское,
Вороновское,Троицкий,37,37.146109,55.282100,19.550000,Вороновское,
Вороновское,Троицкий,38,37.185447,55.282691,17.620000,Вороновское,
Вороновское,Троицкий,39,37.067218,55.285370,6.170000,Вороновское,
Вороновское,Троицкий,40,37.106558,55.285987,10.060000,Вороновское,
Вороновское,Троицкий,41,37.114426,55.286108,17.080000,Вороновское,
Вороновское,Троицкий,42,37.122295,55.286230,20.640000,Вороновское,
Вороновское,Троицкий,43,37.130163,55.286350,19.300000,Вороновское,
Вороновское,Троицкий,44,37.185242,55.287182,26.840000,Вороновское,
Вороновское,Троицкий,45,37.193111,55.287298,25.750000,Вороновское,
Вороновское,Троицкий,46,37.200980,55.287415,18.160000,Вороновское,
Вороновское,Троицкий,47,37.114213,55.290599,16.300000,Вороновское,
Вороновское,Троицкий,48,37.122082,55.290720,19.330000,Вороновское,
Вороновское,Троицкий,49,37.129952,55.290841,22.270000,Вороновское,
Вороновское,Троицкий,50,37.137821,55.290961,18.980000,Вороновское,
Вороновское,Троицкий,51,37.145690,55.291081,16.390000,Вороновское,
Вороновское,Троицкий,52,37.185037,55.291672,32.570000,Вороновское,
Вороновское,Троицкий,53,37.192907,55.291789,31.750000,Вороновское,
Вороновское,Троицкий,54,37.200777,55.291905,26.050000,Вороновское,
Вороновское,Троицкий,55,37.208647,55.292021,15.830000,Вороновское,
Вороновское,Троицкий,56,37.043173,55.293975,5.160000,Вороновское,
Вороновское,Троицкий,57,37.121870,55.295211,17.390000,Вороновское,
Вороновское,Троицкий,58,37.129740,55.295332,23.900000,Вороновское,
Вороновское,Троицкий,59,37.137610,55.295452,26.750000,Вороновское,
Вороновское,Троицкий,60,37.145481,55.295572,25.600000,Вороновское,
Вороновское,Троицкий,61,37.192703,55.296280,35.690000,Вороновское,
Вороновское,Троицкий,62,37.200574,55.296396,31.880000,Вороновское,
Вороновское,Троицкий,63,37.208444,55.296512,26.790000,Вороновское,
Вороновское,Троицкий,64,37.216315,55.296627,22.910000,Вороновское,
Вороновское,Троицкий,65,37.224186,55.296742,15.470000,Вороновское,
Вороновское,Троицкий,66,37.121658,55.299701,14.210000,Вороновское,
Вороновское,Троицкий,67,37.129529,55.299822,25.900000,Вороновское,
Вороновское,Троицкий,68,37.145271,55.300062,33.530000,Вороновское,
Вороновское,Троицкий,69,37.192499,55.300771,36.450000,Вороновское,
Вороновское,Троицкий,70,37.200370,55.300887,33.920000,Вороновское,
Вороновское,Троицкий,71,37.216113,55.301118,28.580000,Вороновское,
Вороновское,Троицкий,72,37.223985,55.301233,20.910000,Вороновское,
Вороновское,Троицкий,73,37.011247,55.302447,6.440000,Вороновское,
Вороновское,Троицкий,74,37.050602,55.303082,6.040000,Вороновское,
Вороновское,Троицкий,75,37.113574,55.304071,12.230000,Вороновское,
Вороновское,Троицкий,76,37.145062,55.304553,37.900000,Вороновское,
Вороновское,Троицкий,77,37.152934,55.304672,38.080000,Вороновское,
Вороновское,Троицкий,78,37.200167,55.305378,35.130000,Вороновское,
Вороновское,Троицкий,79,37.208039,55.305493,33.730000,Вороновское,
Вороновское,Троицкий,80,37.215912,55.305609,30.400000,Вороновское,
Вороновское,Троицкий,81,37.223784,55.305723,23.880000,Вороновское,
Вороновское,Троицкий,82,37.003150,55.306809,7.980000,Вороновское,
Вороновское,Троицкий,83,37.018894,55.307065,13.450000,Вороновское,
Вороновское,Троицкий,84,37.026766,55.307193,14.650000,Вороновское,
Вороновское,Троицкий,85,37.034638,55.307320,11.950000,Вороновское,
Вороновское,Троицкий,86,37.050382,55.307572,6.860000,Вороновское,
Вороновское,Троицкий,87,37.058254,55.307697,7.030000,Вороновское,
Вороновское,Троицкий,88,37.129106,55.308803,22.840000,Вороновское,
Вороновское,Троицкий,89,37.144852,55.309044,42.900000,Вороновское,
Вороновское,Троицкий,90,37.152725,55.309163,44.170000,Вороновское,
Вороновское,Троицкий,91,37.176344,55.309518,50.480000,Вороновское,
Вороновское,Троицкий,92,37.184217,55.309635,50.770000,Вороновское,
Вороновское,Троицкий,93,37.192090,55.309752,44.140000,Вороновское,
Вороновское,Троицкий,94,37.207837,55.309984,30.290000,Вороновское,
Вороновское,Троицкий,95,37.231457,55.310328,19.420000,Вороновское,
Вороновское,Троицкий,96,36.995052,55.311170,10.310000,Вороновское,
Вороновское,Троицкий,97,37.002924,55.311299,7.970000,Вороновское,
Вороновское,Троицкий,98,37.010797,55.311428,11.000000,Вороновское,
Вороновское,Троицкий,99,37.018670,55.311555,17.470000,Вороновское,
Вороновское,Троицкий,100,37.034415,55.311810,15.050000,Вороновское,
Вороновское,Троицкий,101,37.065908,55.312313,9.270000,Вороновское,
Вороновское,Троицкий,102,37.128895,55.313294,22.800000,Вороновское,
Вороновское,Троицкий,103,37.152516,55.313654,52.460000,Вороновское,
Вороновское,Троицкий,104,37.176138,55.314009,52.790000,Вороновское,
Вороновское,Троицкий,105,37.184012,55.314126,51.600000,Вороновское,
Вороновское,Троицкий,106,37.191886,55.314243,45.190000,Вороновское,
Вороновское,Троицкий,107,37.199760,55.314359,32.990000,Вороновское,
Вороновское,Троицкий,108,37.223383,55.314705,22.540000,Вороновское,
Вороновское,Троицкий,109,36.986952,55.315531,10.230000,Вороновское,
Вороновское,Троицкий,110,37.002699,55.315789,8.220000,Вороновское,
Вороновское,Троицкий,111,37.010572,55.315918,11.020000,Вороновское,
Вороновское,Троицкий,112,37.018446,55.316046,16.290000,Вороновское,
Вороновское,Троицкий,113,37.026319,55.316173,17.430000,Вороновское,
Вороновское,Троицкий,114,37.049941,55.316553,13.340000,Вороновское,
Вороновское,Троицкий,115,37.073563,55.316928,14.600000,Вороновское,
Вороновское,Троицкий,116,37.081437,55.317052,13.740000,Вороновское,
Вороновское,Троицкий,117,37.112934,55.317542,19.410000,Вороновское,
Вороновское,Троицкий,118,37.136558,55.317905,33.250000,Вороновское,
Вороновское,Троицкий,119,37.144432,55.318025,48.710000,Вороновское,
Вороновское,Троицкий,120,37.152307,55.318144,52.410000,Вороновское,
Вороновское,Троицкий,121,37.160182,55.318263,52.600000,Вороновское,
Вороновское,Троицкий,122,37.168057,55.318381,50.520000,Вороновское,
Вороновское,Троицкий,123,37.175932,55.318499,52.260000,Вороновское,
Вороновское,Троицкий,124,37.183806,55.318617,50.160000,Вороновское,
Вороновское,Троицкий,125,37.191681,55.318734,39.980000,Вороновское,
Вороновское,Троицкий,126,37.199556,55.318850,29.290000,Вороновское,
Вороновское,Троицкий,127,37.207432,55.318966,30.310000,Вороновское,
Вороновское,Троицкий,128,37.215307,55.319081,27.420000,Вороновское,
Вороновское,Троицкий,129,37.231057,55.319310,17.260000,Вороновское,
Вороновское,Троицкий,130,37.238932,55.319424,15.090000,Вороновское,
Вороновское,Троицкий,131,36.994598,55.320150,7.750000,Вороновское,
Вороновское,Троицкий,132,37.002473,55.320280,7.750000,Вороновское,
Вороновское,Троицкий,133,37.010347,55.320408,9.020000,Вороновское,
Вороновское,Троицкий,134,37.073345,55.321418,15.510000,Вороновское,
Вороновское,Троицкий,135,37.081220,55.321542,15.890000,Вороновское,
Вороновское,Троицкий,136,37.089095,55.321665,16.660000,Вороновское,
Вороновское,Троицкий,137,37.096970,55.321788,19.130000,Вороновское,
Вороновское,Троицкий,138,37.144223,55.322515,45.320000,Вороновское,
Вороновское,Троицкий,139,37.152098,55.322635,49.580000,Вороновское,
Вороновское,Троицкий,140,37.159974,55.322754,50.480000,Вороновское,
Вороновское,Троицкий,141,37.167850,55.322872,46.420000,Вороновское,
Вороновское,Троицкий,142,37.175725,55.322990,43.390000,Вороновское,
Вороновское,Троицкий,143,37.183601,55.323107,41.480000,Вороновское,
Вороновское,Троицкий,144,37.191477,55.323224,35.780000,Вороновское,
Вороновское,Троицкий,145,37.199353,55.323341,31.330000,Вороновское,
Вороновское,Троицкий,146,37.207229,55.323456,29.120000,Вороновское,
Вороновское,Троицкий,147,37.215105,55.323572,26.580000,Вороновское,
Вороновское,Троицкий,148,37.230857,55.323801,11.360000,Вороновское,
Вороновское,Троицкий,149,37.238733,55.323915,11.270000,Вороновское,
Вороновское,Троицкий,150,37.010122,55.324898,7.240000,Вороновское,
Вороновское,Троицкий,151,37.065251,55.325784,14.220000,Вороновское,
Вороновское,Троицкий,152,37.073127,55.325908,14.120000,Вороновское,
Вороновское,Троицкий,153,37.081003,55.326032,15.470000,Вороновское,
Вороновское,Троицкий,154,37.088879,55.326156,16.370000,Вороновское,
Вороновское,Троицкий,155,37.096755,55.326279,20.600000,Вороновское,
Вороновское,Троицкий,156,37.104631,55.326401,24.000000,Вороновское,
Вороновское,Троицкий,157,37.151889,55.327126,40.110000,Вороновское,
Вороновское,Троицкий,158,37.159766,55.327244,45.220000,Вороновское,
Вороновское,Троицкий,159,37.167642,55.327363,40.670000,Вороновское,
Вороновское,Троицкий,160,37.175519,55.327481,34.500000,Вороновское,
Вороновское,Троицкий,161,37.183396,55.327598,34.050000,Вороновское,
Вороновское,Троицкий,162,37.191272,55.327715,30.750000,Вороновское,
Вороновское,Троицкий,163,37.199149,55.327831,29.210000,Вороновское,
Вороновское,Троицкий,164,37.207026,55.327947,28.800000,Вороновское,
Вороновское,Троицкий,165,37.214903,55.328063,25.550000,Вороновское,
Вороновское,Троицкий,166,37.222780,55.328177,20.810000,Вороновское,
Вороновское,Троицкий,167,37.230657,55.328292,14.130000,Вороновское,
Вороновское,Троицкий,168,37.238534,55.328406,7.890000,Вороновское,
Вороновское,Троицкий,169,36.994145,55.329131,7.240000,Вороновское,
Вороновское,Троицкий,170,37.017773,55.329517,5.240000,Вороновское,
Вороновское,Троицкий,171,37.049279,55.330024,5.470000,Вороновское,
Вороновское,Троицкий,172,37.057156,55.330149,6.160000,Вороновское,
Вороновское,Троицкий,173,37.065033,55.330274,7.950000,Вороновское,
Вороновское,Троицкий,174,37.072909,55.330399,10.640000,Вороновское,
Вороновское,Троицкий,175,37.104417,55.330892,20.500000,Вороновское,
Вороновское,Троицкий,176,37.112294,55.331014,22.320000,Вороновское,
Вороновское,Троицкий,177,37.120171,55.331135,21.470000,Вороновское,
Вороновское,Троицкий,178,37.128048,55.331256,19.480000,Вороновское,
Вороновское,Троицкий,179,37.135926,55.331377,17.450000,Вороновское,
Вороновское,Троицкий,180,37.151680,55.331616,25.720000,Вороновское,
Вороновское,Троицкий,181,37.159558,55.331735,32.310000,Вороновское,
Вороновское,Троицкий,182,37.167435,55.331854,32.890000,Вороновское,
Вороновское,Троицкий,183,37.175313,55.331971,31.180000,Вороновское,
Вороновское,Троицкий,184,37.183190,55.332089,26.140000,Вороновское,
Вороновское,Троицкий,185,37.191068,55.332206,22.180000,Вороновское,
Вороновское,Троицкий,186,37.198945,55.332322,26.290000,Вороновское,
Вороновское,Троицкий,187,37.206823,55.332438,25.810000,Вороновское,
Вороновское,Троицкий,188,37.230457,55.332783,15.360000,Вороновское,
Вороновское,Троицкий,189,37.238335,55.332896,8.620000,Вороновское,
Вороновское,Троицкий,190,37.269847,55.333347,13.980000,Вороновское,
Вороновское,Троицкий,191,37.056936,55.334640,5.960000,Вороновское,
Вороновское,Троицкий,192,37.064814,55.334765,6.160000,Вороновское,
Вороновское,Троицкий,193,37.112080,55.335504,12.720000,Вороновское,
Вороновское,Троицкий,194,37.119958,55.335626,14.280000,Вороновское,
Вороновское,Троицкий,195,37.135715,55.335867,16.760000,Вороновское,
Вороновское,Троицкий,196,37.167228,55.336344,34.180000,Вороновское,
Вороновское,Троицкий,197,37.182985,55.336580,28.070000,Вороновское,
Вороновское,Троицкий,198,37.190863,55.336696,20.310000,Вороновское,
Вороновское,Троицкий,199,37.198742,55.336813,18.940000,Вороновское,
Вороновское,Троицкий,200,37.206620,55.336929,20.760000,Вороновское,
Вороновское,Троицкий,201,37.214499,55.337044,18.810000,Вороновское,
Вороновское,Троицкий,202,37.230257,55.337273,15.220000,Вороновское,
Вороновское,Троицкий,203,37.238135,55.337387,15.300000,Вороновское,
Вороновское,Троицкий,204,37.246014,55.337501,10.880000,Вороновское,
Вороновское,Троицкий,205,37.048838,55.339005,5.210000,Вороновское,
Вороновское,Троицкий,206,37.056716,55.339130,5.400000,Вороновское,
Вороновское,Троицкий,207,37.103988,55.339873,8.240000,Вороновское,
Вороновское,Троицкий,208,37.111867,55.339995,10.350000,Вороновское,
Вороновское,Троицкий,209,37.135504,55.340358,16.370000,Вороновское,
Вороновское,Троицкий,210,37.151262,55.340597,20.070000,Вороновское,
Вороновское,Троицкий,211,37.159141,55.340716,29.330000,Вороновское,
Вороновское,Троицкий,212,37.167020,55.340835,34.340000,Вороновское,
Вороновское,Троицкий,213,37.174900,55.340953,35.910000,Вороновское,
Вороновское,Троицкий,214,37.182779,55.341070,32.150000,Вороновское,
Вороновское,Троицкий,215,37.190658,55.341187,20.260000,Вороновское,
Вороновское,Троицкий,216,37.198538,55.341304,17.940000,Вороновское,
Вороновское,Троицкий,217,37.206417,55.341420,17.760000,Вороновское,
Вороновское,Троицкий,218,37.214297,55.341535,16.240000,Вороновское,
Вороновское,Троицкий,219,37.222177,55.341650,13.680000,Вороновское,
Вороновское,Троицкий,220,37.230056,55.341764,16.710000,Вороновское,
Вороновское,Троицкий,221,37.237936,55.341878,16.550000,Вороновское,
Вороновское,Троицкий,222,37.245816,55.341992,12.360000,Вороновское,
Вороновское,Троицкий,223,37.253696,55.342104,7.700000,Вороновское,
Вороновское,Троицкий,224,37.261576,55.342217,5.770000,Вороновское,
Вороновское,Троицкий,225,37.269456,55.342329,6.310000,Вороновское,
Вороновское,Троицкий,226,37.056496,55.343620,5.360000,Вороновское,
Вороновское,Троицкий,227,37.143173,55.344969,17.140000,Вороновское,
Вороновское,Троицкий,228,37.151053,55.345088,19.070000,Вороновское,
Вороновское,Троицкий,229,37.158933,55.345207,25.720000,Вороновское,
Вороновское,Троицкий,230,37.166813,55.345325,32.700000,Вороновское,
Вороновское,Троицкий,231,37.174693,55.345443,36.060000,Вороновское,
Вороновское,Троицкий,232,37.182573,55.345561,32.920000,Вороновское,
Вороновское,Троицкий,233,37.198334,55.345794,18.060000,Вороновское,
Вороновское,Троицкий,234,37.206214,55.345910,15.220000,Вороновское,
Вороновское,Троицкий,235,37.214095,55.346026,15.760000,Вороновское,
Вороновское,Троицкий,236,37.221975,55.346141,13.200000,Вороновское,
Вороновское,Троицкий,237,37.229856,55.346255,15.470000,Вороновское,
Вороновское,Троицкий,238,37.237737,55.346369,14.880000,Вороновское,
Вороновское,Троицкий,239,37.245617,55.346482,11.490000,Вороновское,
Вороновское,Троицкий,240,37.253498,55.346595,7.090000,Вороновское,
Вороновское,Троицкий,241,37.261379,55.346708,5.670000,Вороновское,
Вороновское,Троицкий,242,37.001116,55.347221,5.190000,Вороновское,
Вороновское,Троицкий,243,37.072037,55.348361,5.190000,Вороновское,
Вороновское,Троицкий,244,37.079917,55.348485,5.160000,Вороновское,
Вороновское,Троицкий,245,37.150843,55.349579,18.800000,Вороновское,
Вороновское,Троицкий,246,37.158724,55.349698,20.150000,Вороновское,
Вороновское,Троицкий,247,37.166605,55.349816,26.960000,Вороновское,
Вороновское,Троицкий,248,37.174486,55.349934,34.270000,Вороновское,
Вороновское,Троицкий,249,37.182368,55.350052,37.780000,Вороновское,
Вороновское,Троицкий,250,37.190249,55.350169,34.340000,Вороновское,
Вороновское,Троицкий,251,37.198130,55.350285,25.690000,Вороновское,
Вороновское,Троицкий,252,37.206011,55.350401,14.900000,Вороновское,
Вороновское,Троицкий,253,37.213893,55.350516,13.630000,Вороновское,
Вороновское,Троицкий,254,37.221774,55.350631,12.230000,Вороновское,
Вороновское,Троицкий,255,37.229656,55.350746,11.370000,Вороновское,
Вороновское,Троицкий,256,37.237537,55.350860,12.620000,Вороновское,
Вороновское,Троицкий,257,37.071819,55.352851,5.160000,Вороновское,
Вороновское,Троицкий,258,37.079700,55.352975,5.160000,Вороновское,
Вороновское,Троицкий,259,37.142752,55.353950,14.770000,Вороновское,
Вороновское,Троицкий,260,37.150634,55.354069,17.340000,Вороновское,
Вороновское,Троицкий,261,37.158516,55.354188,18.270000,Вороновское,
Вороновское,Троицкий,262,37.174280,55.354425,30.510000,Вороновское,
Вороновское,Троицкий,263,37.182162,55.354542,37.120000,Вороновское,
Вороновское,Троицкий,264,37.190044,55.354659,33.960000,Вороновское,
Вороновское,Троицкий,265,37.197926,55.354776,29.330000,Вороновское,
Вороновское,Троицкий,266,37.205808,55.354892,18.340000,Вороновское,
Вороновское,Троицкий,267,37.213691,55.355007,14.570000,Вороновское,
Вороновское,Троицкий,268,37.221573,55.355122,11.940000,Вороновское,
Вороновское,Троицкий,269,37.229455,55.355237,10.950000,Вороновское,
Вороновское,Троицкий,270,37.237338,55.355351,10.180000,Вороновское,
Вороновское,Троицкий,271,37.245220,55.355464,9.360000,Вороновское,
Вороновское,Троицкий,272,37.055836,55.357092,5.160000,Вороновское,
Вороновское,Троицкий,273,37.071600,55.357341,5.160000,Вороновское,
Вороновское,Троицкий,274,37.142542,55.358440,13.110000,Вороновское,
Вороновское,Троицкий,275,37.150425,55.358560,15.680000,Вороновское,
Вороновское,Троицкий,276,37.158307,55.358679,16.900000,Вороновское,
Вороновское,Троицкий,277,37.166190,55.358797,18.130000,Вороновское,
Вороновское,Троицкий,278,37.174073,55.358915,26.300000,Вороновское,
Вороновское,Троицкий,279,37.181956,55.359033,30.090000,Вороновское,
Вороновское,Троицкий,280,37.189839,55.359150,33.250000,Вороновское,
Вороновское,Троицкий,281,37.197722,55.359267,28.420000,Вороновское,
Вороновское,Троицкий,282,37.205605,55.359383,22.840000,Вороновское,
Вороновское,Троицкий,283,37.213488,55.359498,13.050000,Вороновское,
Вороновское,Троицкий,284,37.245021,55.359955,9.690000,Вороновское,
Вороновское,Троицкий,285,36.992555,55.360562,5.830000,Вороновское,
Вороновское,Троицкий,286,37.150215,55.363050,13.120000,Вороновское,
Вороновское,Троицкий,287,37.158099,55.363169,15.070000,Вороновское,
Вороновское,Троицкий,288,37.165983,55.363288,15.950000,Вороновское,
Вороновское,Троицкий,289,37.173866,55.363406,14.820000,Вороновское,
Вороновское,Троицкий,290,37.181750,55.363524,18.360000,Вороновское,
Вороновское,Троицкий,291,37.189634,55.363641,25.430000,Вороновское,
Вороновское,Троицкий,292,37.197518,55.363757,26.800000,Вороновское,
Вороновское,Троицкий,293,37.205402,55.363873,24.180000,Вороновское,
Вороновское,Троицкий,294,37.126352,55.367181,9.160000,Вороновское,
Вороновское,Троицкий,295,37.134237,55.367301,9.310000,Вороновское,
Вороновское,Троицкий,296,37.165775,55.367779,13.200000,Вороновское,
Вороновское,Троицкий,297,37.189429,55.368131,19.840000,Вороновское,
Вороновское,Троицкий,298,37.197314,55.368248,22.860000,Вороновское,
Вороновское,Троицкий,299,37.205199,55.368364,22.080000,Вороновское,
Вороновское,Троицкий,300,37.228854,55.368709,16.600000,Вороновское,
Вороновское,Троицкий,301,37.197110,55.372739,21.100000,Вороновское,
Вороновское,Троицкий,302,37.204995,55.372855,21.630000,Вороновское,
Вороновское,Троицкий,303,37.212881,55.372970,23.330000,Вороновское,
Вороновское,Троицкий,304,37.228653,55.373200,17.930000,Вороновское,
Вороновское,Троицкий,305,37.236539,55.373314,14.120000,Вороновское,
Вороновское,Троицкий,306,37.196905,55.377229,17.710000,Вороновское,
Вороновское,Троицкий,307,37.204792,55.377345,21.600000,Вороновское,
Вороновское,Троицкий,308,37.212679,55.377461,23.820000,Вороновское,
Вороновское,Троицкий,309,37.220565,55.377576,23.640000,Вороновское,
Вороновское,Троицкий,310,37.228452,55.377691,20.310000,Вороновское,
Вороновское,Троицкий,311,37.070508,55.379793,7.240000,Вороновское,
Вороновское,Троицкий,312,37.204588,55.381836,21.730000,Вороновское,
Вороновское,Троицкий,313,37.212476,55.381952,22.750000,Вороновское,
Вороновское,Троицкий,314,37.220364,55.382067,24.930000,Вороновское,
Вороновское,Троицкий,315,37.014854,55.387890,7.730000,Вороновское,
Вороновское,Троицкий,316,37.014629,55.392380,10.330000,Вороновское,
Вороновское,Троицкий,317,37.030406,55.392635,5.230000,Вороновское,
Вороновское,Троицкий,318,37.053853,55.397505,6.630000,Вороновское,
Воскресенское,Новомосковский,1,37.579710,55.485624,47.240000,Воскресенское,
Воскресенское,Новомосковский,2,37.555816,55.489838,62.910000,Воскресенское,
Воскресенское,Новомосковский,3,37.563727,55.489931,59.160000,Воскресенское,
Воскресенское,Новомосковский,4,37.579548,55.490115,46.130000,Воскресенское,
Воскресенское,Новомосковский,5,37.579386,55.494607,59.690000,Воскресенское,
Воскресенское,Новомосковский,6,37.603121,55.494880,48.870000,Воскресенское,
Воскресенское,Новомосковский,7,37.452631,55.497564,22.310000,Воскресенское,
Воскресенское,Новомосковский,8,37.436630,55.501854,24.450000,Воскресенское,
Воскресенское,Новомосковский,9,37.452455,55.502055,25.710000,Воскресенское,
Воскресенское,Новомосковский,10,37.436452,55.506345,27.780000,Воскресенское,
Воскресенское,Новомосковский,11,37.444366,55.506446,32.490000,Воскресенское,
Воскресенское,Новомосковский,12,37.420446,55.510633,16.190000,Воскресенское,
Воскресенское,Новомосковский,13,37.428360,55.510735,19.940000,Воскресенское,
Воскресенское,Новомосковский,14,37.436274,55.510836,28.450000,Воскресенское,
Воскресенское,Новомосковский,15,37.444188,55.510937,33.100000,Воскресенское,
Воскресенское,Новомосковский,16,37.594570,55.512755,60.640000,Воскресенское,
Воскресенское,Новомосковский,17,37.436096,55.515328,30.740000,Воскресенское,
Воскресенское,Новомосковский,18,37.467757,55.515728,31.980000,Воскресенское,
Воскресенское,Новомосковский,19,37.483588,55.515925,31.360000,Воскресенское,
Воскресенское,Новомосковский,20,37.451750,55.520020,43.250000,Воскресенское,
Воскресенское,Новомосковский,21,37.459666,55.520120,40.380000,Воскресенское,
Воскресенское,Новомосковский,22,37.467583,55.520219,36.980000,Воскресенское,
Воскресенское,Новомосковский,23,37.475499,55.520318,36.460000,Воскресенское,
Воскресенское,Новомосковский,24,37.483415,55.520416,35.460000,Воскресенское,
Воскресенское,Новомосковский,25,37.491332,55.520514,42.750000,Воскресенское,
Воскресенское,Новомосковский,26,37.404072,55.523901,31.360000,Воскресенское,
Воскресенское,Новомосковский,27,37.411989,55.524004,23.860000,Воскресенское,
Воскресенское,Новомосковский,28,37.427823,55.524209,25.780000,Воскресенское,
Воскресенское,Новомосковский,29,37.435740,55.524310,43.860000,Воскресенское,
Воскресенское,Новомосковский,30,37.443657,55.524411,53.260000,Воскресенское,
Воскресенское,Новомосковский,31,37.451574,55.524511,55.370000,Воскресенское,
Воскресенское,Новомосковский,32,37.459491,55.524611,47.610000,Воскресенское,
Воскресенское,Новомосковский,33,37.467408,55.524710,41.710000,Воскресенское,
Воскресенское,Новомосковский,34,37.475325,55.524809,40.470000,Воскресенское,
Воскресенское,Новомосковский,35,37.483242,55.524907,42.070000,Воскресенское,
Воскресенское,Новомосковский,36,37.491160,55.525005,46.650000,Воскресенское,
Воскресенское,Новомосковский,37,37.499077,55.525102,60.170000,Воскресенское,
Воскресенское,Новомосковский,38,37.506995,55.525199,71.250000,Воскресенское,
Воскресенское,Новомосковский,39,37.514912,55.525295,73.520000,Воскресенское,
Воскресенское,Новомосковский,40,37.411808,55.528495,22.180000,Воскресенское,
Воскресенское,Новомосковский,41,37.427643,55.528700,27.600000,Воскресенское,
Воскресенское,Новомосковский,42,37.435561,55.528801,49.990000,Воскресенское,
Воскресенское,Новомосковский,43,37.427464,55.533191,24.090000,Воскресенское,
Воскресенское,Новомосковский,44,37.435383,55.533292,47.040000,Воскресенское,
Воскресенское,Новомосковский,45,37.443302,55.533393,56.900000,Воскресенское,
Воскресенское,Новомосковский,46,37.451221,55.533493,59.700000,Воскресенское,
Воскресенское,Новомосковский,47,37.459140,55.533593,60.250000,Воскресенское,
Воскресенское,Новомосковский,48,37.427285,55.537682,20.640000,Воскресенское,
Воскресенское,Новомосковский,49,37.435205,55.537783,37.590000,Воскресенское,
Воскресенское,Новомосковский,50,37.443124,55.537884,51.490000,Воскресенское,
Воскресенское,Новомосковский,51,37.451044,55.537985,59.230000,Воскресенское,
Воскресенское,Новомосковский,52,37.427106,55.542173,20.770000,Воскресенское,
Восточное Дегунино,Северный,1,37.565974,55.862895,84.300000,Восточное Дегунино,
Восточное Дегунино,Северный,2,37.565808,55.867386,85.510000,Восточное Дегунино,
Восточное Дегунино,Северный,3,37.565643,55.871877,83.840000,Восточное Дегунино,
Восточное Дегунино,Северный,4,37.565477,55.876368,84.720000,Восточное Дегунино,
Восточное Дегунино,Северный,5,37.549332,55.880672,87.120000,Восточное Дегунино,
Восточное Дегунино,Северный,6,37.557321,55.880766,86.230000,Восточное Дегунино,
Восточное Дегунино,Северный,7,37.565311,55.880859,86.380000,Восточное Дегунино,
Восточное Дегунино,Северный,8,37.549164,55.885163,86.560000,Восточное Дегунино,
Восточное Дегунино,Северный,9,37.557155,55.885257,86.730000,Восточное Дегунино,
Восточное Дегунино,Северный,10,37.565146,55.885350,86.450000,Восточное Дегунино,
Восточное Дегунино,Северный,11,37.556988,55.889748,83.670000,Восточное Дегунино,
Восточное Дегунино,Северный,12,37.556821,55.894239,86.530000,Восточное Дегунино,
Восточное Измайлово,Восточный,1,37.807917,55.789096,90.740000,Восточное Измайлово,
Восточное Измайлово,Восточный,2,37.815889,55.789173,85.370000,Восточное Измайлово,
Восточное Измайлово,Восточный,3,37.807780,55.793587,90.350000,Восточное Измайлово,
Восточное Измайлово,Восточный,4,37.815753,55.793664,85.190000,Восточное Измайлово,
Восточное Измайлово,Восточный,5,37.823725,55.793741,80.550000,Восточное Измайлово,
Восточное Измайлово,Восточный,6,37.831698,55.793817,70.990000,Восточное Измайлово,
Восточное Измайлово,Восточный,7,37.807643,55.798079,86.020000,Восточное Измайлово,
Восточное Измайлово,Восточный,8,37.815616,55.798156,82.710000,Восточное Измайлово,
Восточное Измайлово,Восточный,9,37.823590,55.798232,82.110000,Восточное Измайлово,
Восточное Измайлово,Восточный,10,37.807505,55.802570,84.160000,Восточное Измайлово,
Восточное Измайлово,Восточный,11,37.815480,55.802648,82.720000,Восточное Измайлово,
Восточное Измайлово,Восточный,12,37.823455,55.802724,80.490000,Восточное Измайлово,
Восточное Измайлово,Восточный,13,37.831429,55.802800,77.230000,Восточное Измайлово,
Восточное Измайлово,Восточный,14,37.839404,55.802876,74.760000,Восточное Измайлово,
Восточный,Восточный,1,37.855222,55.807517,59.430000,Восточный,
Восточный,Восточный,2,37.855090,55.812009,63.130000,Восточный,
Восточный,Восточный,3,37.863067,55.812083,57.080000,Восточный,
Восточный,Восточный,4,37.871043,55.812156,53.640000,Восточный,
Восточный,Восточный,5,37.854958,55.816500,64.930000,Восточный,
Восточный,Восточный,6,37.870913,55.816648,70.980000,Восточный,
Восточный,Восточный,7,37.878891,55.816721,71.210000,Восточный,
Восточный,Восточный,8,37.886869,55.816793,64.180000,Восточный,
Восточный,Восточный,9,37.870783,55.821140,72.940000,Восточный,
Выхино-Жулебино,Юго-Восточный,1,37.850948,55.681673,82.240000,Выхино-Жулебино,
Выхино-Жулебино,Юго-Восточный,2,37.858899,55.681747,82.590000,Выхино-Жулебино,
Выхино-Жулебино,Юго-Восточный,3,37.834915,55.686015,68.210000,Выхино-Жулебино,
Выхино-Жулебино,Юго-Восточный,4,37.842866,55.686090,83.910000,Выхино-Жулебино,
Выхино-Жулебино,Юго-Восточный,5,37.850817,55.686165,85.710000,Выхино-Жулебино,
Выхино-Жулебино,Юго-Восточный,6,37.858768,55.686239,85.480000,Выхино-Жулебино,
Выхино-Жулебино,Юго-Восточный,7,37.795022,55.690123,70.200000,Выхино-Жулебино,
Выхино-Жулебино,Юго-Восточный,8,37.810926,55.690278,74.470000,Выхино-Жулебино,
Выхино-Жулебино,Юго-Восточный,9,37.850685,55.690657,87.710000,Выхино-Жулебино,
Выхино-Жулебино,Юго-Восточный,10,37.858637,55.690731,87.710000,Выхино-Жулебино,
Выхино-Жулебино,Юго-Восточный,11,37.802837,55.694693,79.790000,Выхино-Жулебино,
Выхино-Жулебино,Юго-Восточный,12,37.810789,55.694770,81.740000,Выхино-Жулебино,
Выхино-Жулебино,Юго-Восточный,13,37.818742,55.694847,81.690000,Выхино-Жулебино,
Выхино-Жулебино,Юго-Восточный,14,37.850553,55.695149,89.700000,Выхино-Жулебино,
Выхино-Жулебино,Юго-Восточный,15,37.858506,55.695223,88.490000,Выхино-Жулебино,
Выхино-Жулебино,Юго-Восточный,16,37.794746,55.699107,79.440000,Выхино-Жулебино,
Выхино-Жулебино,Юго-Восточный,17,37.802699,55.699184,79.160000,Выхино-Жулебино,
Выхино-Жулебино,Юго-Восточный,18,37.810653,55.699262,87.080000,Выхино-Жулебино,
Выхино-Жулебино,Юго-Восточный,19,37.826560,55.699415,87.690000,Выхино-Жулебино,
Выхино-Жулебино,Юго-Восточный,20,37.834514,55.699491,83.990000,Выхино-Жулебино,
Выхино-Жулебино,Юго-Восточный,21,37.842468,55.699566,89.680000,Выхино-Жулебино,
Выхино-Жулебино,Юго-Восточный,22,37.850421,55.699640,89.430000,Выхино-Жулебино,
Выхино-Жулебино,Юго-Восточный,23,37.794608,55.703598,81.070000,Выхино-Жулебино,
Выхино-Жулебино,Юго-Восточный,24,37.802562,55.703676,82.480000,Выхино-Жулебино,
Выхино-Жулебино,Юго-Восточный,25,37.810517,55.703753,87.740000,Выхино-Жулебино,
Выхино-Жулебино,Юго-Восточный,26,37.818471,55.703830,87.950000,Выхино-Жулебино,
Выхино-Жулебино,Юго-Восточный,27,37.826426,55.703907,89.000000,Выхино-Жулебино,
Выхино-Жулебино,Юго-Восточный,28,37.834380,55.703982,86.710000,Выхино-Жулебино,
Выхино-Жулебино,Юго-Восточный,29,37.842335,55.704058,90.220000,Выхино-Жулебино,
Выхино-Жулебино,Юго-Восточный,30,37.850289,55.704132,89.540000,Выхино-Жулебино,
Выхино-Жулебино,Юго-Восточный,31,37.802425,55.708168,82.600000,Выхино-Жулебино,
Выхино-Жулебино,Юго-Восточный,32,37.810380,55.708245,87.290000,Выхино-Жулебино,
Выхино-Жулебино,Юго-Восточный,33,37.818335,55.708322,87.560000,Выхино-Жулебино,
Выхино-Жулебино,Юго-Восточный,34,37.826291,55.708398,88.290000,Выхино-Жулебино,
Выхино-Жулебино,Юго-Восточный,35,37.834246,55.708474,84.300000,Выхино-Жулебино,
Выхино-Жулебино,Юго-Восточный,36,37.802287,55.712660,83.860000,Выхино-Жулебино,
Выхино-Жулебино,Юго-Восточный,37,37.810244,55.712737,86.740000,Выхино-Жулебино,
Выхино-Жулебино,Юго-Восточный,38,37.818200,55.712814,85.620000,Выхино-Жулебино,
Выхино-Жулебино,Юго-Восточный,39,37.826156,55.712890,82.960000,Выхино-Жулебино,
Выхино-Жулебино,Юго-Восточный,40,37.802150,55.717151,87.860000,Выхино-Жулебино,
Выхино-Жулебино,Юго-Восточный,41,37.810107,55.717229,84.440000,Выхино-Жулебино,
Гагаринский,Юго-Западный,1,37.548707,55.682965,85.350000,Гагаринский,
Гагаринский,Юго-Западный,2,37.540590,55.687362,86.440000,Гагаринский,
Гагаринский,Юго-Западный,3,37.548540,55.687457,87.960000,Гагаринский,
Гагаринский,Юго-Западный,4,37.556491,55.687550,84.750000,Гагаринский,
Гагаринский,Юго-Западный,5,37.540423,55.691854,86.570000,Гагаринский,
Гагаринский,Юго-Западный,6,37.548374,55.691948,86.970000,Гагаринский,
Гагаринский,Юго-Западный,7,37.556325,55.692042,82.760000,Гагаринский,
Гагаринский,Юго-Западный,8,37.548207,55.696439,81.270000,Гагаринский,
Гагаринский,Юго-Западный,9,37.556160,55.696533,82.090000,Гагаринский,
Гагаринский,Юго-Западный,10,37.564112,55.696626,82.780000,Гагаринский,
Гагаринский,Юго-Западный,11,37.548041,55.700930,80.590000,Гагаринский,
Гагаринский,Юго-Западный,12,37.563947,55.701117,80.780000,Гагаринский,
Гагаринский,Юго-Западный,13,37.571900,55.701210,77.820000,Гагаринский,
Гагаринский,Юго-Западный,14,37.555828,55.705515,77.430000,Гагаринский,
Гагаринский,Юго-Западный,15,37.563782,55.705609,78.780000,Гагаринский,
Гагаринский,Юго-Западный,16,37.571737,55.705702,82.150000,Гагаринский,
Гагаринский,Юго-Западный,17,37.579691,55.705794,84.440000,Гагаринский,
Гагаринский,Юго-Западный,18,37.579528,55.710285,85.530000,Гагаринский,
Головинский,Северный,1,37.486987,55.839483,87.030000,Головинский,
Головинский,Северный,2,37.494968,55.839581,86.980000,Головинский,
Головинский,Северный,3,37.502949,55.839678,81.330000,Головинский,
Головинский,Северный,4,37.510930,55.839775,85.010000,Головинский,
Головинский,Северный,5,37.478830,55.843876,87.790000,Головинский,
Головинский,Северный,6,37.486812,55.843974,88.710000,Головинский,
Головинский,Северный,7,37.494794,55.844072,87.820000,Головинский,
Головинский,Северный,8,37.502777,55.844169,83.620000,Головинский,
Головинский,Северный,9,37.510759,55.844266,82.080000,Головинский,
Головинский,Северный,10,37.518741,55.844363,84.080000,Головинский,
Головинский,Северный,11,37.526723,55.844458,82.610000,Головинский,
Головинский,Северный,12,37.534705,55.844554,83.460000,Головинский,
Головинский,Северный,13,37.478655,55.848367,88.060000,Головинский,
Головинский,Северный,14,37.486638,55.848465,87.850000,Головинский,
Головинский,Северный,15,37.494621,55.848563,86.510000,Головинский,
Головинский,Северный,16,37.502604,55.848660,84.450000,Головинский,
Головинский,Северный,17,37.510587,55.848757,83.440000,Головинский,
Головинский,Северный,18,37.518570,55.848854,82.180000,Головинский,
Головинский,Северный,19,37.526553,55.848949,79.890000,Головинский,
Головинский,Северный,20,37.534536,55.849045,73.080000,Головинский,
Головинский,Северный,21,37.542520,55.849140,76.760000,Головинский,
Головинский,Северный,22,37.550503,55.849234,79.690000,Головинский,
Головинский,Северный,23,37.502431,55.853151,83.820000,Головинский,
Головинский,Северный,24,37.510415,55.853248,82.210000,Головинский,
Головинский,Северный,25,37.534367,55.853536,72.480000,Головинский,
Головинский,Северный,26,37.542352,55.853631,72.410000,Головинский,
Головинский,Северный,27,37.518228,55.857836,84.430000,Головинский,
Головинский,Северный,28,37.526213,55.857932,81.730000,Головинский,
Головинский,Северный,29,37.534198,55.858027,80.040000,Головинский,
Головинский,Северный,30,37.510071,55.862230,85.440000,Головинский,
Головинский,Северный,31,37.518057,55.862327,83.930000,Головинский,
Головинский,Северный,32,37.526043,55.862423,85.420000,Головинский,
Гольяново,Восточный,1,37.751540,55.806508,81.750000,Гольяново,
Гольяново,Восточный,2,37.759516,55.806589,82.170000,Гольяново,
Гольяново,Восточный,3,37.767491,55.806669,80.530000,Гольяново,
Гольяново,Восточный,4,37.751396,55.811000,77.460000,Гольяново,
Гольяново,Восточный,5,37.759373,55.811080,79.130000,Гольяново,
Гольяново,Восточный,6,37.767349,55.811160,76.000000,Гольяново,
Гольяново,Восточный,7,37.775325,55.811240,78.720000,Гольяново,
Гольяново,Восточный,8,37.783301,55.811319,82.430000,Гольяново,
Гольяново,Восточный,9,37.791278,55.811398,85.170000,Гольяново,
Гольяново,Восточный,10,37.799254,55.811476,85.510000,Гольяново,
Гольяново,Восточный,11,37.807231,55.811554,86.240000,Гольяново,
Гольяново,Восточный,12,37.815207,55.811631,82.220000,Гольяново,
Гольяново,Восточный,13,37.767207,55.815652,73.150000,Гольяново,
Гольяново,Восточный,14,37.775184,55.815732,72.600000,Гольяново,
Гольяново,Восточный,15,37.783161,55.815811,76.280000,Гольяново,
Гольяново,Восточный,16,37.791139,55.815890,84.980000,Гольяново,
Гольяново,Восточный,17,37.799116,55.815968,88.770000,Гольяново,
Гольяново,Восточный,18,37.807093,55.816045,88.430000,Гольяново,
Гольяново,Восточный,19,37.815071,55.816122,85.060000,Гольяново,
Гольяново,Восточный,20,37.823048,55.816199,81.460000,Гольяново,
Гольяново,Восточный,21,37.831026,55.816275,77.360000,Гольяново,
Гольяново,Восточный,22,37.839003,55.816351,72.620000,Гольяново,
Гольяново,Восточный,23,37.783021,55.820303,72.140000,Гольяново,
Гольяново,Восточный,24,37.790999,55.820381,79.090000,Гольяново,
Гольяново,Восточный,25,37.798978,55.820459,83.270000,Гольяново,
Гольяново,Восточный,26,37.814934,55.820614,83.370000,Гольяново,
Гольяново,Восточный,27,37.822912,55.820691,80.900000,Гольяново,
Гольяново,Восточный,28,37.830891,55.820767,76.790000,Гольяново,
Гольяново,Восточный,29,37.806818,55.825029,80.810000,Гольяново,
Гольяново,Восточный,30,37.814798,55.825106,79.940000,Гольяново,
Гольяново,Восточный,31,37.822777,55.825182,78.050000,Гольяново,
Гольяново,Восточный,32,37.830756,55.825259,74.710000,Гольяново,
Гольяново,Восточный,33,37.806681,55.829520,72.280000,Гольяново,
Гольяново,Восточный,34,37.814661,55.829597,74.500000,Гольяново,
Гольяново,Восточный,35,37.822641,55.829674,73.630000,Гольяново,
Даниловский,Южный,1,37.635997,55.688459,76.300000,Даниловский,
Даниловский,Южный,2,37.643948,55.688548,74.510000,Даниловский,
Даниловский,Южный,3,37.651899,55.688635,79.420000,Даниловский,
Даниловский,Южный,4,37.659850,55.688722,83.740000,Даниловский,
Даниловский,Южный,5,37.635840,55.692951,80.150000,Даниловский,
Даниловский,Южный,6,37.643792,55.693039,80.220000,Даниловский,
Даниловский,Южный,7,37.651744,55.693127,80.980000,Даниловский,
Даниловский,Южный,8,37.659696,55.693214,82.480000,Даниловский,
Даниловский,Южный,9,37.635684,55.697442,84.990000,Даниловский,
Даниловский,Южный,10,37.643637,55.697530,85.820000,Даниловский,
Даниловский,Южный,11,37.651589,55.697618,83.770000,Даниловский,
Даниловский,Южный,12,37.659542,55.697705,85.370000,Даниловский,
Даниловский,Южный,13,37.635528,55.701934,84.680000,Даниловский,
Даниловский,Южный,14,37.643481,55.702022,86.010000,Даниловский,
Даниловский,Южный,15,37.651435,55.702109,86.150000,Даниловский,
Даниловский,Южный,16,37.659389,55.702197,88.520000,Даниловский,
Даниловский,Южный,17,37.667342,55.702283,89.710000,Даниловский,
Даниловский,Южный,18,37.611508,55.706158,87.380000,Даниловский,
Даниловский,Южный,19,37.619462,55.706247,88.030000,Даниловский,
Даниловский,Южный,20,37.627417,55.706337,86.750000,Даниловский,
Даниловский,Южный,21,37.635371,55.706425,83.810000,Даниловский,
Даниловский,Южный,22,37.651280,55.706601,87.680000,Даниловский,
Даниловский,Южный,23,37.659235,55.706688,90.320000,Даниловский,
Даниловский,Южный,24,37.667189,55.706775,91.680000,Даниловский,
Даниловский,Южный,25,37.619304,55.710739,89.880000,Даниловский,
Даниловский,Южный,26,37.627259,55.710828,89.360000,Даниловский,
Даниловский,Южный,27,37.635214,55.710917,85.280000,Даниловский,
Даниловский,Южный,28,37.643170,55.711005,82.770000,Даниловский,
Даниловский,Южный,29,37.659081,55.711179,89.450000,Даниловский,
Даниловский,Южный,30,37.611189,55.715140,88.280000,Даниловский,
Даниловский,Южный,31,37.619145,55.715230,89.120000,Даниловский,
Даниловский,Южный,32,37.635058,55.715408,85.240000,Даниловский,
Даниловский,Южный,33,37.643014,55.715496,80.520000,Даниловский,
Даниловский,Южный,34,37.650971,55.715584,84.200000,Даниловский,
Даниловский,Южный,35,37.658927,55.715671,86.500000,Даниловский,
Даниловский,Южный,36,37.618987,55.719721,88.410000,Даниловский,
Даниловский,Южный,37,37.626944,55.719811,86.890000,Даниловский,
Даниловский,Южный,38,37.634901,55.719899,86.850000,Даниловский,
Даниловский,Южный,39,37.642858,55.719988,82.890000,Даниловский,
Даниловский,Южный,40,37.650816,55.720075,81.830000,Даниловский,
Даниловский,Южный,41,37.658773,55.720162,82.480000,Даниловский,
Даниловский,Южный,42,37.650661,55.724567,84.440000,Даниловский,
Десёновское,Новомосковский,1,37.343569,55.455695,18.670000,Десёновское,
Десёновское,Новомосковский,2,37.367278,55.456014,8.720000,Десёновское,
Десёновское,Новомосковский,3,37.343381,55.460186,20.590000,Десёновское,
Десёновское,Новомосковский,4,37.351284,55.460293,18.060000,Десёновское,
Десёновское,Новомосковский,5,37.359188,55.460399,13.230000,Десёновское,
Десёновское,Новомосковский,6,37.382900,55.460715,9.350000,Десёновское,
Десёновское,Новомосковский,7,37.390804,55.460819,18.700000,Десёновское,
Десёновское,Новомосковский,8,37.351097,55.464784,18.280000,Десёновское,
Десёновское,Новомосковский,9,37.359002,55.464890,13.600000,Десёновское,
Десёновское,Новомосковский,10,37.366907,55.464996,10.000000,Десёновское,
Десёновское,Новомосковский,11,37.374811,55.465101,6.900000,Десёновское,
Десёновское,Новомосковский,12,37.382716,55.465206,8.780000,Десёновское,
Десёновское,Новомосковский,13,37.350910,55.469275,16.220000,Десёновское,
Десёновское,Новомосковский,14,37.374627,55.469592,9.450000,Десёновское,
Десёновское,Новомосковский,15,37.390255,55.474292,20.970000,Десёновское,
Десёновское,Новомосковский,16,37.398162,55.474396,22.220000,Десёновское,
Десёновское,Новомосковский,17,37.406069,55.474499,18.620000,Десёновское,
Десёновское,Новомосковский,18,37.413976,55.474602,8.560000,Десёновское,
Десёновское,Новомосковский,19,37.382165,55.478679,23.440000,Десёновское,
Десёновское,Новомосковский,20,37.390072,55.478783,26.180000,Десёновское,
Десёновское,Новомосковский,21,37.405888,55.478990,24.560000,Десёновское,
Десёновское,Новомосковский,22,37.413796,55.479093,16.110000,Десёновское,
Десёновское,Новомосковский,23,37.342438,55.482641,32.710000,Десёновское,
Десёновское,Новомосковский,24,37.350347,55.482748,27.990000,Десёновское,
Десёновское,Новомосковский,25,37.358255,55.482854,25.110000,Десёновское,
Десёновское,Новомосковский,26,37.381981,55.483170,27.160000,Десёновское,
Десёновское,Новомосковский,27,37.413615,55.483584,19.570000,Десёновское,
Десёновское,Новомосковский,28,37.326432,55.486917,54.240000,Десёновское,
Десёновское,Новомосковский,29,37.342250,55.487132,38.740000,Десёновское,
Десёновское,Новомосковский,30,37.350159,55.487239,29.760000,Десёновское,
Десёновское,Новомосковский,31,37.381796,55.487661,22.950000,Десёновское,
Десёновское,Новомосковский,32,37.397615,55.487869,27.680000,Десёновское,
Десёновское,Новомосковский,33,37.413435,55.488075,19.530000,Десёновское,
Десёновское,Новомосковский,34,37.437164,55.488381,20.170000,Десёновское,
Десёновское,Новомосковский,35,37.326241,55.491408,56.160000,Десёновское,
Десёновское,Новомосковский,36,37.334151,55.491516,50.250000,Десёновское,
Десёновское,Новомосковский,37,37.342061,55.491623,43.690000,Десёновское,
Десёновское,Новомосковский,38,37.349971,55.491730,31.030000,Десёновское,
Десёновское,Новомосковский,39,37.381612,55.492152,19.350000,Десёновское,
Десёновское,Новомосковский,40,37.413254,55.492567,20.150000,Десёновское,
Десёновское,Новомосковский,41,37.421165,55.492669,22.410000,Десёновское,
Десёновское,Новомосковский,42,37.429075,55.492771,23.720000,Десёновское,
Десёновское,Новомосковский,43,37.436986,55.492872,20.680000,Десёновское,
Десёновское,Новомосковский,44,37.452807,55.493073,19.880000,Десёновское,
Десёновское,Новомосковский,45,37.341873,55.496114,47.400000,Десёновское,
Десёновское,Новомосковский,46,37.349784,55.496221,29.360000,Десёновское,
Десёновское,Новомосковский,47,37.357695,55.496327,23.100000,Десёновское,
Десёновское,Новомосковский,48,37.420985,55.497160,19.420000,Десёновское,
Десёновское,Новомосковский,49,37.428896,55.497262,20.470000,Десёновское,
Десёновское,Новомосковский,50,37.325860,55.500390,59.890000,Десёновское,
Десёновское,Новомосковский,51,37.333772,55.500498,58.520000,Десёновское,
Десёновское,Новомосковский,52,37.349596,55.500712,40.600000,Десёновское,
Десёновское,Новомосковский,53,37.444543,55.501955,28.360000,Десёновское,
Десёновское,Новомосковский,54,37.333582,55.504989,58.160000,Десёновское,
Десёновское,Новомосковский,55,37.357321,55.505309,45.060000,Десёновское,
Десёновское,Новомосковский,56,37.365234,55.505415,40.020000,Десёновское,
Десёновское,Новомосковский,57,37.373147,55.505521,38.350000,Десёновское,
Десёновское,Новомосковский,58,37.381060,55.505626,30.300000,Десёновское,
Десёновское,Новомосковский,59,37.333392,55.509480,58.020000,Десёновское,
Десёновское,Новомосковский,60,37.341306,55.509587,59.830000,Десёновское,
Десёновское,Новомосковский,61,37.349220,55.509694,58.560000,Десёновское,
Десёновское,Новомосковский,62,37.365047,55.509906,48.080000,Десёновское,
Десёновское,Новомосковский,63,37.372961,55.510012,46.030000,Десёновское,
Десёновское,Новомосковский,64,37.388789,55.510221,22.420000,Десёновское,
Десёновское,Новомосковский,65,37.396703,55.510325,19.300000,Десёновское,
Десёновское,Новомосковский,66,37.404617,55.510428,16.910000,Десёновское,
Десёновское,Новомосковский,67,37.333203,55.513971,55.950000,Десёновское,
Десёновское,Новомосковский,68,37.341117,55.514078,60.160000,Десёновское,
Десёновское,Новомосковский,69,37.349032,55.514185,60.430000,Десёновское,
Десёновское,Новомосковский,70,37.356946,55.514291,58.780000,Десёновское,
Десёновское,Новомосковский,71,37.364861,55.514397,55.580000,Десёновское,
Десёновское,Новомосковский,72,37.372776,55.514503,48.370000,Десёновское,
Десёновское,Новомосковский,73,37.333013,55.518461,53.530000,Десёновское,
Десёновское,Новомосковский,74,37.340928,55.518569,59.280000,Десёновское,
Десёновское,Новомосковский,75,37.348844,55.518676,60.310000,Десёновское,
Десёновское,Новомосковский,76,37.356759,55.518782,59.650000,Десёновское,
Десёновское,Новомосковский,77,37.364675,55.518888,53.580000,Десёновское,
Десёновское,Новомосковский,78,37.372591,55.518994,48.210000,Десёновское,
Десёновское,Новомосковский,79,37.340739,55.523060,55.560000,Десёновское,
Десёновское,Новомосковский,80,37.348656,55.523167,58.140000,Десёновское,
Десёновское,Новомосковский,81,37.356572,55.523273,57.970000,Десёновское,
Десёновское,Новомосковский,82,37.364489,55.523379,49.880000,Десёновское,
Десёновское,Новомосковский,83,37.372405,55.523485,43.400000,Десёновское,
Десёновское,Новомосковский,84,37.380322,55.523590,43.980000,Десёновское,
Десёновское,Новомосковский,85,37.356385,55.527764,44.870000,Десёновское,
Десёновское,Новомосковский,86,37.364302,55.527870,37.390000,Десёновское,
Десёновское,Новомосковский,87,37.372220,55.527976,38.840000,Десёновское,
Десёновское,Новомосковский,88,37.380137,55.528081,42.500000,Десёновское,
Десёновское,Новомосковский,89,37.388055,55.528185,41.350000,Десёновское,
Десёновское,Новомосковский,90,37.364116,55.532361,29.980000,Десёновское,
Десёновское,Новомосковский,91,37.372034,55.532467,37.570000,Десёновское,
Десёновское,Новомосковский,92,37.379953,55.532572,41.330000,Десёновское,
Десёновское,Новомосковский,93,37.387871,55.532676,39.000000,Десёновское,
Десёновское,Новомосковский,94,37.363929,55.536852,27.400000,Десёновское,
Десёновское,Новомосковский,95,37.371849,55.536958,36.390000,Десёновское,
Десёновское,Новомосковский,96,37.387687,55.537167,34.680000,Десёновское,
Десёновское,Новомосковский,97,37.347903,55.541131,17.330000,Десёновское,
Десёновское,Новомосковский,98,37.355823,55.541237,19.980000,Десёновское,
Десёновское,Новомосковский,99,37.363743,55.541343,23.920000,Десёновское,
Десёновское,Новомосковский,100,37.387504,55.541658,25.450000,Десёновское,
Десёновское,Новомосковский,101,37.395424,55.541762,23.930000,Десёновское,
Десёновское,Новомосковский,102,37.355635,55.545728,22.010000,Десёновское,
Десёновское,Новомосковский,103,37.379398,55.546045,18.840000,Десёновское,
Дмитровский,Северный,1,37.525533,55.875896,85.680000,Дмитровский,
Дмитровский,Северный,2,37.533521,55.875991,90.210000,Дмитровский,
Дмитровский,Северный,3,37.525362,55.880387,83.160000,Дмитровский,
Дмитровский,Северный,4,37.533352,55.880483,90.970000,Дмитровский,
Дмитровский,Северный,5,37.541342,55.880577,90.560000,Дмитровский,
Дмитровский,Северный,6,37.517202,55.884782,81.790000,Дмитровский,
Дмитровский,Северный,7,37.525192,55.884878,85.060000,Дмитровский,
Дмитровский,Северный,8,37.533183,55.884974,88.690000,Дмитровский,
Дмитровский,Северный,9,37.541173,55.885069,90.490000,Дмитровский,
Дмитровский,Северный,10,37.517030,55.889273,76.000000,Дмитровский,
Дмитровский,Северный,11,37.525022,55.889369,82.540000,Дмитровский,
Дмитровский,Северный,12,37.533013,55.889465,84.970000,Дмитровский,
Дмитровский,Северный,13,37.541005,55.889560,87.430000,Дмитровский,
Дмитровский,Северный,14,37.548996,55.889654,85.470000,Дмитровский,
Дмитровский,Северный,15,37.500874,55.893571,59.270000,Дмитровский,
Дмитровский,Северный,16,37.508867,55.893668,59.240000,Дмитровский,
Дмитровский,Северный,17,37.516859,55.893764,75.150000,Дмитровский,
Дмитровский,Северный,18,37.524851,55.893860,79.850000,Дмитровский,
Дмитровский,Северный,19,37.532844,55.893956,85.860000,Дмитровский,
Дмитровский,Северный,20,37.540836,55.894051,85.810000,Дмитровский,
Дмитровский,Северный,21,37.548829,55.894145,85.060000,Дмитровский,
Дмитровский,Северный,22,37.516688,55.898255,69.140000,Дмитровский,
Дмитровский,Северный,23,37.524681,55.898351,77.450000,Дмитровский,
Дмитровский,Северный,24,37.532674,55.898447,85.540000,Дмитровский,
Дмитровский,Северный,25,37.540668,55.898542,88.940000,Дмитровский,
Дмитровский,Северный,26,37.548661,55.898636,85.910000,Дмитровский,
Дмитровский,Северный,27,37.524510,55.902842,67.760000,Дмитровский,
Дмитровский,Северный,28,37.532505,55.902938,81.180000,Дмитровский,
Донской,Южный,1,37.604034,55.692593,84.420000,Донской,
Донской,Южный,2,37.611985,55.692684,84.730000,Донской,
Донской,Южный,3,37.619937,55.692773,84.060000,Донской,
Донской,Южный,4,37.595921,55.696994,79.430000,Донской,
Донской,Южный,5,37.611826,55.697175,84.650000,Донской,
Донской,Южный,6,37.619779,55.697265,82.020000,Донской,
Донской,Южный,7,37.595760,55.701485,78.560000,Донской,
Донской,Южный,8,37.603714,55.701576,73.330000,Донской,
Донской,Южный,9,37.611667,55.701666,81.570000,Донской,
Донской,Южный,10,37.619621,55.701756,83.680000,Донской,
Донской,Южный,11,37.595599,55.705977,81.840000,Донской,
Донской,Южный,12,37.603553,55.706067,80.100000,Донской,
Донской,Южный,13,37.587483,55.710377,85.680000,Донской,
Донской,Южный,14,37.595438,55.710468,86.140000,Донской,
Донской,Южный,15,37.603393,55.710559,84.610000,Донской,
Донской,Южный,16,37.595277,55.714959,86.440000,Донской,
Донской,Южный,17,37.603233,55.715050,85.250000,Донской,
Донской,Южный,18,37.603073,55.719542,88.150000,Донской,
Донской,Южный,19,37.611030,55.719632,86.320000,Донской,
Дорогомилово,Западный,1,37.507249,55.727401,69.270000,Дорогомилово,
Дорогомилово,Западный,2,37.491159,55.731697,78.690000,Дорогомилово,
Дорогомилово,Западный,3,37.507077,55.731892,77.970000,Дорогомилово,
Дорогомилово,Западный,4,37.515037,55.731988,82.000000,Дорогомилово,
Дорогомилово,Западный,5,37.546874,55.732369,82.780000,Дорогомилово,
Дорогомилово,Западный,6,37.506906,55.736383,86.000000,Дорогомилово,
Дорогомилово,Западный,7,37.514866,55.736479,84.300000,Дорогомилово,
Дорогомилово,Западный,8,37.522826,55.736575,87.490000,Дорогомилово,
Дорогомилово,Западный,9,37.530787,55.736671,88.810000,Дорогомилово,
Дорогомилово,Западный,10,37.538747,55.736766,89.200000,Дорогомилово,
Дорогомилово,Западный,11,37.546707,55.736860,87.900000,Дорогомилово,
Дорогомилово,Западный,12,37.554668,55.736954,85.840000,Дорогомилово,
Дорогомилово,Западный,13,37.562628,55.737048,86.630000,Дорогомилово,
Дорогомилово,Западный,14,37.514696,55.740971,86.690000,Дорогомилово,
Дорогомилово,Западный,15,37.522657,55.741067,88.410000,Дорогомилово,
Дорогомилово,Западный,16,37.530618,55.741162,90.670000,Дорогомилово,
Дорогомилово,Западный,17,37.538579,55.741257,91.800000,Дорогомилово,
Дорогомилово,Западный,18,37.546540,55.741352,90.000000,Дорогомилово,
Дорогомилово,Западный,19,37.562463,55.741539,87.620000,Дорогомилово,
Дорогомилово,Западный,20,37.522487,55.745558,89.460000,Дорогомилово,
Дорогомилово,Западный,21,37.546373,55.745843,91.690000,Дорогомилово,
Дорогомилово,Западный,22,37.554336,55.745937,88.610000,Дорогомилово,
Дорогомилово,Западный,23,37.562298,55.746030,89.330000,Дорогомилово,
Дорогомилово,Западный,24,37.570260,55.746123,89.670000,Дорогомилово,
Дорогомилово,Западный,25,37.554169,55.750428,88.940000,Дорогомилово,
Дорогомилово,Западный,26,37.562133,55.750521,88.940000,Дорогомилово,
Дорогомилово,Западный,27,37.570096,55.750614,89.100000,Дорогомилово,
Замоскворечье,Центральный,1,37.618828,55.724213,86.510000,Замоскворечье,
Замоскворечье,Центральный,2,37.626786,55.724302,88.060000,Замоскворечье,
Замоскворечье,Центральный,3,37.634744,55.724391,86.400000,Замоскворечье,
Замоскворечье,Центральный,4,37.642703,55.724479,85.230000,Замоскворечье,
Замоскворечье,Центральный,5,37.626629,55.728793,87.310000,Замоскворечье,
Замоскворечье,Центральный,6,37.634588,55.728882,88.730000,Замоскворечье,
Замоскворечье,Центральный,7,37.642547,55.728970,88.770000,Замоскворечье,
Замоскворечье,Центральный,8,37.650506,55.729058,84.220000,Замоскворечье,
Замоскворечье,Центральный,9,37.626471,55.733285,87.930000,Замоскворечье,
Замоскворечье,Центральный,10,37.634431,55.733374,88.670000,Замоскворечье,
Замоскворечье,Центральный,11,37.642391,55.733462,87.360000,Замоскворечье,
Замоскворечье,Центральный,12,37.626313,55.737776,89.310000,Замоскворечье,
Замоскворечье,Центральный,13,37.634274,55.737865,87.560000,Замоскворечье,
Замоскворечье,Центральный,14,37.642235,55.737953,85.660000,Замоскворечье,
Замоскворечье,Центральный,15,37.626155,55.742268,89.510000,Замоскворечье,
Замоскворечье,Центральный,16,37.634117,55.742356,87.440000,Замоскворечье,
Замоскворечье,Центральный,17,37.642079,55.742445,86.770000,Замоскворечье,
Замоскворечье,Центральный,18,37.625998,55.746759,89.380000,Замоскворечье,
Замоскворечье,Центральный,19,37.633960,55.746848,88.730000,Замоскворечье,
Западное Дегунино,Северный,1,37.558486,55.849328,79.920000,Западное Дегунино,
Западное Дегунино,Северный,2,37.550336,55.853725,77.650000,Западное Дегунино,
Западное Дегунино,Северный,3,37.558320,55.853819,83.210000,Западное Дегунино,
Западное Дегунино,Северный,4,37.542183,55.858122,80.560000,Западное Дегунино,
Западное Дегунино,Северный,5,37.550169,55.858216,83.840000,Западное Дегунино,
Западное Дегунино,Северный,6,37.558154,55.858310,85.060000,Западное Дегунино,
Западное Дегунино,Северный,7,37.534029,55.862518,85.930000,Западное Дегунино,
Западное Дегунино,Северный,8,37.542015,55.862613,86.160000,Западное Дегунино,
Западное Дегунино,Северный,9,37.550001,55.862707,87.230000,Западное Дегунино,
Западное Дегунино,Северный,10,37.517886,55.866818,86.030000,Западное Дегунино,
Западное Дегунино,Северный,11,37.525873,55.866914,86.950000,Западное Дегунино,
Западное Дегунино,Северный,12,37.533860,55.867009,87.370000,Западное Дегунино,
Западное Дегунино,Северный,13,37.517715,55.871309,87.060000,Западное Дегунино,
Западное Дегунино,Северный,14,37.525703,55.871405,86.130000,Западное Дегунино,
Западное Дегунино,Северный,15,37.501567,55.875607,83.620000,Западное Дегунино,
Западное Дегунино,Северный,16,37.509555,55.875704,87.060000,Западное Дегунино,
Западное Дегунино,Северный,17,37.517544,55.875800,86.800000,Западное Дегунино,
Западное Дегунино,Северный,18,37.493404,55.880000,86.570000,Западное Дегунино,
Западное Дегунино,Северный,19,37.501394,55.880098,79.860000,Западное Дегунино,
Западное Дегунино,Северный,20,37.509383,55.880195,80.320000,Западное Дегунино,
Западное Дегунино,Северный,21,37.517373,55.880291,84.780000,Западное Дегунино,
Западное Дегунино,Северный,22,37.485240,55.884393,83.930000,Западное Дегунино,
Западное Дегунино,Северный,23,37.493230,55.884491,82.380000,Западное Дегунино,
Западное Дегунино,Северный,24,37.501221,55.884589,75.940000,Западное Дегунино,
Западное Дегунино,Северный,25,37.509211,55.884686,76.210000,Западное Дегунино,
Западное Дегунино,Северный,26,37.493056,55.888982,73.120000,Западное Дегунино,
Западное Дегунино,Северный,27,37.501048,55.889080,69.290000,Западное Дегунино,
Зюзино,Юго-Западный,1,37.589909,55.643007,85.190000,Зюзино,
Зюзино,Юго-Западный,2,37.597850,55.643098,87.030000,Зюзино,
Зюзино,Юго-Западный,3,37.573863,55.647314,80.070000,Зюзино,
Зюзино,Юго-Западный,4,37.581805,55.647406,81.280000,Зюзино,
Зюзино,Юго-Западный,5,37.589747,55.647498,86.480000,Зюзино,
Зюзино,Юго-Западный,6,37.573699,55.651806,83.630000,Зюзино,
Зюзино,Юго-Западный,7,37.581643,55.651898,85.890000,Зюзино,
Зюзино,Юго-Западный,8,37.589586,55.651989,86.450000,Зюзино,
Зюзино,Юго-Западный,9,37.597529,55.652080,88.880000,Зюзино,
Зюзино,Юго-Западный,10,37.605473,55.652171,88.890000,Зюзино,
Зюзино,Юго-Западный,11,37.573536,55.656297,85.420000,Зюзино,
Зюзино,Юго-Западный,12,37.581480,55.656389,86.370000,Зюзино,
Зюзино,Юго-Западный,13,37.589424,55.656481,86.670000,Зюзино,
Зюзино,Юго-Западный,14,37.597369,55.656572,88.740000,Зюзино,
Зюзино,Юго-Западный,15,37.605313,55.656662,88.770000,Зюзино,
Зюзино,Юго-Западный,16,37.581318,55.660881,85.510000,Зюзино,
Зюзино,Юго-Западный,17,37.589263,55.660972,84.610000,Зюзино,
Зюзино,Юго-Западный,18,37.597208,55.661063,89.080000,Зюзино,
Зюзино,Юго-Западный,19,37.605153,55.661154,88.630000,Зюзино,
Зюзино,Юго-Западный,20,37.597047,55.665555,86.910000,Зюзино,
Зябликово,Южный,1,37.733877,55.613125,88.260000,Зябликово,
Зябликово,Южный,2,37.749749,55.613288,88.050000,Зябликово,
Зябликово,Южный,3,37.757685,55.613368,85.210000,Зябликово,
Зябликово,Южный,4,37.741669,55.617698,88.600000,Зябликово,
Зябликово,Южный,5,37.749606,55.617779,87.210000,Зябликово,
Зябликово,Южный,6,37.757543,55.617860,83.560000,Зябликово,
Зябликово,Южный,7,37.765479,55.617940,74.510000,Зябликово,
Зябликово,Южный,8,37.773416,55.618020,57.980000,Зябликово,
Зябликово,Южный,9,37.733587,55.622108,88.200000,Зябликово,
Зябликово,Южный,10,37.741525,55.622190,88.390000,Зябликово,
Зябликово,Южный,11,37.749463,55.622271,88.490000,Зябликово,
Зябликово,Южный,12,37.757400,55.622352,85.600000,Зябликово,
Зябликово,Южный,13,37.733442,55.626600,89.370000,Зябликово,
Зябликово,Южный,14,37.741381,55.626681,90.770000,Зябликово,
Зябликово,Южный,15,37.749320,55.626763,89.770000,Зябликово,
Зябликово,Южный,16,37.741237,55.631173,88.290000,Зябликово,
Ивановское,Восточный,1,37.833041,55.748900,85.070000,Ивановское,
Ивановское,Восточный,2,37.841005,55.748975,80.270000,Ивановское,
Ивановское,Восточный,3,37.832907,55.753391,88.350000,Ивановское,
Ивановское,Восточный,4,37.840872,55.753467,85.440000,Ивановское,
Ивановское,Восточный,5,37.824672,55.762299,87.440000,Ивановское,
Ивановское,Восточный,6,37.832639,55.762375,85.990000,Ивановское,
Ивановское,Восточный,7,37.840605,55.762450,85.180000,Ивановское,
Ивановское,Восточный,8,37.824537,55.766791,85.490000,Ивановское,
Ивановское,Восточный,9,37.832504,55.766867,84.420000,Ивановское,
Ивановское,Восточный,10,37.840472,55.766942,83.380000,Ивановское,
Ивановское,Восточный,11,37.816434,55.771206,82.380000,Ивановское,
Ивановское,Восточный,12,37.824402,55.771282,85.260000,Ивановское,
Ивановское,Восточный,13,37.832370,55.771358,83.980000,Ивановское,
Ивановское,Восточный,14,37.840339,55.771434,81.510000,Ивановское,
Ивановское,Восточный,15,37.824267,55.775774,82.490000,Ивановское,
Ивановское,Восточный,16,37.832236,55.775850,82.410000,Ивановское,
Ивановское,Восточный,17,37.840205,55.775925,80.820000,Ивановское,
Ивановское,Восточный,18,37.824131,55.780266,79.780000,Ивановское,
Ивановское,Восточный,19,37.832102,55.780342,77.580000,Ивановское,
Ивановское,Восточный,20,37.840072,55.780417,78.650000,Ивановское,
Измайлово,Восточный,1,37.792668,55.766482,76.780000,Измайлово,
Измайлово,Восточный,2,37.744577,55.774986,82.810000,Измайлово,
Измайлово,Восточный,3,37.744432,55.779478,82.660000,Измайлово,
Измайлово,Восточный,4,37.744288,55.783969,84.300000,Измайлово,
Измайлово,Восточный,5,37.744143,55.788461,88.510000,Измайлово,
Измайлово,Восточный,6,37.768058,55.788703,87.170000,Измайлово,
Измайлово,Восточный,7,37.776030,55.788782,91.350000,Измайлово,
Измайлово,Восточный,8,37.784002,55.788861,90.810000,Измайлово,
Измайлово,Восточный,9,37.791973,55.788940,88.050000,Измайлово,
Измайлово,Восточный,10,37.751971,55.793033,84.850000,Измайлово,
Измайлово,Восточный,11,37.783862,55.793353,90.880000,Измайлово,
Измайлово,Восточный,12,37.791834,55.793432,89.700000,Измайлово,
Измайлово,Восточный,13,37.799807,55.793510,89.340000,Измайлово,
Измайлово,Восточный,14,37.751828,55.797525,83.230000,Измайлово,
Измайлово,Восточный,15,37.759801,55.797606,83.170000,Измайлово,
Измайлово,Восточный,16,37.767775,55.797686,86.360000,Измайлово,
Измайлово,Восточный,17,37.775748,55.797765,87.450000,Измайлово,
Измайлово,Восточный,18,37.783722,55.797845,85.140000,Измайлово,
Измайлово,Восточный,19,37.791695,55.797923,86.460000,Измайлово,
Измайлово,Восточный,20,37.799669,55.798001,87.140000,Измайлово,
Измайлово,Восточный,21,37.751684,55.802016,83.690000,Измайлово,
Измайлово,Восточный,22,37.759658,55.802097,85.650000,Измайлово,
Измайлово,Восточный,23,37.767633,55.802177,81.840000,Измайлово,
Измайлово,Восточный,24,37.775607,55.802257,80.750000,Измайлово,
Измайлово,Восточный,25,37.783582,55.802336,81.440000,Измайлово,
Измайлово,Восточный,26,37.791556,55.802415,86.580000,Измайлово,
Измайлово,Восточный,27,37.799531,55.802493,86.230000,Измайлово,
Капотня,Юго-Восточный,1,37.796815,55.631731,74.110000,Капотня,
Капотня,Юго-Восточный,2,37.796677,55.636223,76.880000,Капотня,
Капотня,Юго-Восточный,3,37.804618,55.636300,72.720000,Капотня,
Капотня,Юго-Восточный,4,37.788598,55.640636,76.700000,Капотня,
Капотня,Юго-Восточный,5,37.796540,55.640714,75.200000,Капотня,
Капотня,Юго-Восточный,6,37.820365,55.640946,54.350000,Капотня,
Капотня,Юго-Восточный,7,37.788459,55.645128,71.550000,Капотня,
Капотня,Юго-Восточный,8,37.796402,55.645206,69.300000,Капотня,
Капотня,Юго-Восточный,9,37.804344,55.645284,57.800000,Капотня,
Капотня,Юго-Восточный,10,37.812287,55.645361,50.520000,Капотня,
Капотня,Юго-Восточный,11,37.820230,55.645437,51.240000,Капотня,
Капотня,Юго-Восточный,12,37.828172,55.645514,52.860000,Капотня,
Капотня,Юго-Восточный,13,37.796264,55.649698,58.200000,Капотня,
Капотня,Юго-Восточный,14,37.804208,55.649775,48.320000,Капотня,
Капотня,Юго-Восточный,15,37.812151,55.649853,48.870000,Капотня,
Капотня,Юго-Восточный,16,37.820095,55.649929,52.110000,Капотня,
Капотня,Юго-Восточный,17,37.828038,55.650005,51.650000,Капотня,
Капотня,Юго-Восточный,18,37.796126,55.654189,56.150000,Капотня,
Капотня,Юго-Восточный,19,37.804071,55.654267,52.080000,Капотня,
Капотня,Юго-Восточный,20,37.812015,55.654344,54.030000,Капотня,
Капотня,Юго-Восточный,21,37.819960,55.654421,54.460000,Капотня,
Капотня,Юго-Восточный,22,37.827904,55.654497,53.370000,Капотня,
Капотня,Юго-Восточный,23,37.835849,55.654573,55.650000,Капотня,
Киевский,Троицкий,1,36.908221,55.314208,9.610000,Киевский,
Киевский,Троицкий,2,36.907984,55.318698,9.570000,Киевский,
Киевский,Троицкий,3,36.915858,55.318832,8.070000,Киевский,
Киевский,Троицкий,4,36.915622,55.323322,6.560000,Киевский,
Киевский,Троицкий,5,36.954765,55.328478,5.440000,Киевский,
Киевский,Троицкий,6,36.970287,55.333231,6.850000,Киевский,
Киевский,Троицкий,7,36.970057,55.337721,5.870000,Киевский,
Киевский,Троицкий,8,36.938314,55.341683,5.610000,Киевский,
Киевский,Троицкий,9,36.954071,55.341948,11.210000,Киевский,
Киевский,Троицкий,10,36.961949,55.342080,11.360000,Киевский,
Киевский,Троицкий,11,36.969828,55.342211,7.180000,Киевский,
Киевский,Троицкий,12,36.985585,55.342472,5.550000,Киевский,
Киевский,Троицкий,13,36.953839,55.346438,12.950000,Киевский,
Киевский,Троицкий,14,36.953607,55.350928,13.200000,Киевский,
Киевский,Троицкий,15,36.961488,55.351060,12.620000,Киевский,
Киевский,Троицкий,16,36.953376,55.355418,11.120000,Киевский,
Киевский,Троицкий,17,36.961257,55.355550,10.630000,Киевский,
Киевский,Троицкий,18,36.969138,55.355681,6.730000,Киевский,
Киевский,Троицкий,19,36.953144,55.359909,6.610000,Киевский,
Киевский,Троицкий,20,36.968908,55.360172,6.830000,Киевский,
Киевский,Троицкий,21,36.921145,55.368356,9.290000,Киевский,
Киевский,Троицкий,22,36.865237,55.380875,8.790000,Киевский,
Киевский,Троицкий,23,36.912553,55.381692,13.500000,Киевский,
Киевский,Троицкий,24,36.856865,55.389716,7.940000,Киевский,
Киевский,Троицкий,25,36.904191,55.390537,16.840000,Киевский,
Киевский,Троицкий,26,36.903954,55.395027,17.100000,Киевский,
Киевский,Троицкий,27,36.895826,55.399381,12.550000,Киевский,
Киевский,Троицкий,28,36.903716,55.399517,15.700000,Киевский,
Киевский,Троицкий,29,36.864026,55.403324,11.560000,Киевский,
Киевский,Троицкий,30,36.887697,55.403735,12.080000,Киевский,
Киевский,Троицкий,31,36.895588,55.403871,12.490000,Киевский,
Киевский,Троицкий,32,36.863784,55.407813,16.710000,Киевский,
Киевский,Троицкий,33,36.855650,55.412165,26.170000,Киевский,
Киевский,Троицкий,34,36.863542,55.412303,30.390000,Киевский,
Киевский,Троицкий,35,36.871434,55.412441,27.890000,Киевский,
Киевский,Троицкий,36,36.879326,55.412578,20.920000,Киевский,
Киевский,Троицкий,37,36.887218,55.412714,14.460000,Киевский,
Киевский,Троицкий,38,36.847513,55.416516,24.900000,Киевский,
Киевский,Троицкий,39,36.855406,55.416655,31.360000,Киевский,
Киевский,Троицкий,40,36.863299,55.416793,35.930000,Киевский,
Киевский,Троицкий,41,36.871192,55.416931,35.690000,Киевский,
Киевский,Троицкий,42,36.831482,55.420727,21.220000,Киевский,
Киевский,Троицкий,43,36.855163,55.421144,34.880000,Киевский,
Киевский,Троицкий,44,36.863057,55.421283,44.610000,Киевский,
Киевский,Троицкий,45,36.870951,55.421420,45.770000,Киевский,
Киевский,Троицкий,46,36.878844,55.421558,32.670000,Киевский,
Киевский,Троицкий,47,36.886738,55.421694,20.010000,Киевский,
Киевский,Троицкий,48,36.823341,55.425076,21.460000,Киевский,
Киевский,Троицкий,49,36.831236,55.425217,26.310000,Киевский,
Киевский,Троицкий,50,36.870709,55.425910,48.130000,Киевский,
Киевский,Троицкий,51,36.886499,55.426184,21.450000,Киевский,
Киевский,Троицкий,52,36.823094,55.429566,21.740000,Киевский,
Киевский,Троицкий,53,36.830990,55.429706,25.120000,Киевский,
Киевский,Троицкий,54,36.838885,55.429846,29.030000,Киевский,
Киевский,Троицкий,55,36.862572,55.430262,51.040000,Киевский,
Киевский,Троицкий,56,36.870467,55.430400,49.470000,Киевский,
Киевский,Троицкий,57,36.886259,55.430674,23.150000,Киевский,
Киевский,Троицкий,58,36.838640,55.434336,25.430000,Киевский,
Киевский,Троицкий,59,36.870225,55.434890,47.810000,Киевский,
Киевский,Троицкий,60,36.893915,55.435300,16.680000,Киевский,
Киевский,Троицкий,61,36.838394,55.438825,15.150000,Киевский,
Киевский,Троицкий,62,36.846291,55.438965,21.610000,Киевский,
Киевский,Троицкий,63,36.822353,55.443035,12.750000,Киевский,
Киевский,Троицкий,64,36.830004,55.447665,12.280000,Киевский,
Киевский,Троицкий,65,36.877158,55.452986,14.250000,Киевский,
Клёновское,Троицкий,1,37.314004,55.221622,5.370000,Клёновское,
Клёновское,Троицкий,2,37.305957,55.226004,5.490000,Клёновское,
Клёновское,Троицкий,3,37.313814,55.226113,5.490000,Клёновское,
Клёновское,Троицкий,4,37.305766,55.230495,5.490000,Клёновское,
Клёновское,Троицкий,5,37.313624,55.230604,5.480000,Клёновское,
Клёновское,Троицкий,6,37.352544,55.240123,5.700000,Клёновское,
Клёновское,Троицкий,7,37.328775,55.244294,6.380000,Клёновское,
Клёновское,Троицкий,8,37.336636,55.244401,6.450000,Клёновское,
Клёновское,Троицкий,9,37.344497,55.244508,5.680000,Клёновское,
Клёновское,Троицкий,10,37.320725,55.248677,6.340000,Клёновское,
Клёновское,Троицкий,11,37.328587,55.248785,9.330000,Клёновское,
Клёновское,Троицкий,12,37.336449,55.248892,9.650000,Клёновское,
Клёновское,Троицкий,13,37.344311,55.248999,7.540000,Клёновское,
Клёновское,Троицкий,14,37.352172,55.249106,7.460000,Клёновское,
Клёновское,Троицкий,15,37.391483,55.249630,5.250000,Клёновское,
Клёновское,Троицкий,16,37.320536,55.253168,8.010000,Клёновское,
Клёновское,Троицкий,17,37.328398,55.253276,12.490000,Клёновское,
Клёновское,Троицкий,18,37.336261,55.253383,13.050000,Клёновское,
Клёновское,Троицкий,19,37.344124,55.253490,11.510000,Клёновское,
Клёновское,Троицкий,20,37.351987,55.253597,10.260000,Клёновское,
Клёновское,Троицкий,21,37.367712,55.253808,5.290000,Клёновское,
Клёновское,Троицкий,22,37.304620,55.257442,5.200000,Клёновское,
Клёновское,Троицкий,23,37.312483,55.257551,7.190000,Клёновское,
Клёновское,Троицкий,24,37.320346,55.257659,11.270000,Клёновское,
Клёновское,Троицкий,25,37.328210,55.257767,11.960000,Клёновское,
Клёновское,Троицкий,26,37.336073,55.257875,13.670000,Клёновское,
Клёновское,Троицкий,27,37.351801,55.258088,11.490000,Клёновское,
Клёновское,Троицкий,28,37.367528,55.258299,8.420000,Клёновское,
Клёновское,Троицкий,29,37.312293,55.262042,7.930000,Клёновское,
Клёновское,Троицкий,30,37.320157,55.262150,10.900000,Клёновское,
Клёновское,Троицкий,31,37.328021,55.262258,12.000000,Клёновское,
Клёновское,Троицкий,32,37.335886,55.262366,9.960000,Клёновское,
Клёновское,Троицкий,33,37.359479,55.262685,10.690000,Клёновское,
Клёновское,Троицкий,34,37.367344,55.262791,11.360000,Клёновское,
Клёновское,Троицкий,35,37.359294,55.267176,10.080000,Клёновское,
Клёновское,Троицкий,36,37.367160,55.267282,12.230000,Клёновское,
Клёновское,Троицкий,37,37.375025,55.267387,11.170000,Клёновское,
Клёновское,Троицкий,38,37.382891,55.267491,11.140000,Клёновское,
Клёновское,Троицкий,39,37.343376,55.271455,5.250000,Клёновское,
Клёновское,Троицкий,40,37.374842,55.271878,12.320000,Клёновское,
Клёновское,Троицкий,41,37.382708,55.271982,11.930000,Клёновское,
Клёновское,Троицкий,42,37.390575,55.272086,9.930000,Клёновское,
Клёновское,Троицкий,43,37.398441,55.272190,5.520000,Клёновское,
Клёновское,Троицкий,44,37.272387,55.274965,5.690000,Клёновское,
Клёновское,Троицкий,45,37.288121,55.275186,7.240000,Клёновское,
Клёновское,Троицкий,46,37.303854,55.275406,7.240000,Клёновское,
Клёновское,Троицкий,47,37.311721,55.275515,7.240000,Клёновское,
Клёновское,Троицкий,48,37.351057,55.276053,5.530000,Клёновское,
Клёновское,Троицкий,49,37.366791,55.276264,5.750000,Клёновское,
Клёновское,Троицкий,50,37.390393,55.276578,10.640000,Клёновское,
Клёновское,Троицкий,51,37.398261,55.276681,9.020000,Клёновское,
Клёновское,Троицкий,52,37.406128,55.276784,6.350000,Клёновское,
Клёновское,Троицкий,53,37.287927,55.279677,7.240000,Клёновское,
Клёновское,Троицкий,54,37.295795,55.279787,7.880000,Клёновское,
Клёновское,Троицкий,55,37.303663,55.279897,8.190000,Клёновское,
Клёновское,Троицкий,56,37.311531,55.280006,7.240000,Клёновское,
Клёновское,Троицкий,57,37.327266,55.280223,6.870000,Клёновское,
Клёновское,Троицкий,58,37.350870,55.280544,6.000000,Клёновское,
Клёновское,Троицкий,59,37.358738,55.280650,6.020000,Клёновское,
Клёновское,Троицкий,60,37.390211,55.281069,13.220000,Клёновское,
Клёновское,Троицкий,61,37.398080,55.281172,13.190000,Клёновское,
Клёновское,Троицкий,62,37.279865,55.284058,7.040000,Клёновское,
Клёновское,Троицкий,63,37.311340,55.284497,7.990000,Клёновское,
Клёновское,Троицкий,64,37.319209,55.284606,7.450000,Клёновское,
Клёновское,Троицкий,65,37.350684,55.285035,6.970000,Клёновское,
Клёновское,Троицкий,66,37.358553,55.285141,10.690000,Клёновское,
Клёновское,Троицкий,67,37.366422,55.285246,12.840000,Клёновское,
Клёновское,Троицкий,68,37.397899,55.285664,12.100000,Клёновское,
Клёновское,Троицкий,69,37.405768,55.285767,9.750000,Клёновское,
Клёновское,Троицкий,70,37.413638,55.285869,6.740000,Клёновское,
Клёновское,Троицкий,71,37.279671,55.288549,5.250000,Клёновское,
Клёновское,Троицкий,72,37.287541,55.288659,8.300000,Клёновское,
Клёновское,Троицкий,73,37.295410,55.288769,11.370000,Клёновское,
Клёновское,Троицкий,74,37.319019,55.289097,11.360000,Клёновское,
Клёновское,Троицкий,75,37.350498,55.289526,8.570000,Клёновское,
Клёновское,Троицкий,76,37.381978,55.289947,16.320000,Клёновское,
Клёновское,Троицкий,77,37.389848,55.290051,11.010000,Клёновское,
Клёновское,Троицкий,78,37.397718,55.290155,9.620000,Клёновское,
Клёновское,Троицкий,79,37.405588,55.290258,7.240000,Клёновское,
Клёновское,Троицкий,80,37.413458,55.290360,7.110000,Клёновское,
Клёновское,Троицкий,81,37.247996,55.292592,9.390000,Клёновское,
Клёновское,Троицкий,82,37.279477,55.293040,5.350000,Клёновское,
Клёновское,Троицкий,83,37.287347,55.293150,7.460000,Клёновское,
Клёновское,Троицкий,84,37.295217,55.293260,11.440000,Клёновское,
Клёновское,Троицкий,85,37.303088,55.293370,13.990000,Клёновское,
Клёновское,Троицкий,86,37.358182,55.294123,13.620000,Клёновское,
Клёновское,Троицкий,87,37.366053,55.294229,16.560000,Клёновское,
Клёновское,Троицкий,88,37.373924,55.294334,18.700000,Клёновское,
Клёновское,Троицкий,89,37.381795,55.294438,16.850000,Клёновское,
Клёновское,Троицкий,90,37.389666,55.294542,10.610000,Клёновское,
Клёновское,Троицкий,91,37.397537,55.294646,8.120000,Клёновское,
Клёновское,Троицкий,92,37.405408,55.294749,7.490000,Клёновское,
Клёновское,Троицкий,93,37.239927,55.296970,10.330000,Клёновское,
Клёновское,Троицкий,94,37.247798,55.297083,9.660000,Клёновское,
Клёновское,Троицкий,95,37.295025,55.297751,7.760000,Клёновское,
Клёновское,Троицкий,96,37.302896,55.297861,14.950000,Клёновское,
Клёновское,Троицкий,97,37.326510,55.298187,14.170000,Клёновское,
Клёновское,Троицкий,98,37.357997,55.298614,15.180000,Клёновское,
Клёновское,Троицкий,99,37.381612,55.298930,15.410000,Клёновское,
Клёновское,Троицкий,100,37.389484,55.299034,12.120000,Клёновское,
Клёновское,Троицкий,101,37.397356,55.299137,9.020000,Клёновское,
Клёновское,Троицкий,102,37.239728,55.301461,10.700000,Клёновское,
Клёновское,Троицкий,103,37.247600,55.301574,9.880000,Клёновское,
Клёновское,Троицкий,104,37.310577,55.302461,15.160000,Клёновское,
Клёновское,Троицкий,105,37.247402,55.306065,10.440000,Клёновское,
Клёновское,Троицкий,106,37.255275,55.306177,9.300000,Клёновское,
Клёновское,Троицкий,107,37.302513,55.306843,10.200000,Клёновское,
Клёновское,Троицкий,108,37.310386,55.306952,15.390000,Клёновское,
Клёновское,Троицкий,109,37.318259,55.307061,17.720000,Клёновское,
Клёновское,Троицкий,110,37.326132,55.307169,18.380000,Клёновское,
Клёновское,Троицкий,111,37.334005,55.307277,16.960000,Клёновское,
Клёновское,Троицкий,112,37.341879,55.307384,21.180000,Клёновское,
Клёновское,Троицкий,113,37.349752,55.307491,24.940000,Клёновское,
Клёновское,Троицкий,114,37.357626,55.307597,21.650000,Клёновское,
Клёновское,Троицкий,115,37.365499,55.307702,21.090000,Клёновское,
Клёновское,Троицкий,116,37.373373,55.307807,21.110000,Клёновское,
Клёновское,Троицкий,117,37.381246,55.307912,20.460000,Клёновское,
Клёновское,Троицкий,118,37.389120,55.308016,15.830000,Клёновское,
Клёновское,Троицкий,119,37.255078,55.310668,11.290000,Клёновское,
Клёновское,Троицкий,120,37.262951,55.310780,8.980000,Клёновское,
Клёновское,Троицкий,121,37.270825,55.310892,6.530000,Клёновское,
Клёновское,Троицкий,122,37.310195,55.311443,13.140000,Клёновское,
Клёновское,Троицкий,123,37.333817,55.311768,22.760000,Клёновское,
Клёновское,Троицкий,124,37.341691,55.311875,28.170000,Клёновское,
Клёновское,Троицкий,125,37.349566,55.311982,29.000000,Клёновское,
Клёновское,Троицкий,126,37.373189,55.312299,22.070000,Клёновское,
Клёновское,Троицкий,127,37.381063,55.312403,20.620000,Клёновское,
Клёновское,Троицкий,128,37.404687,55.312714,8.410000,Клёновское,
Клёновское,Троицкий,129,37.412562,55.312817,7.250000,Клёновское,
Клёновское,Троицкий,130,37.420437,55.312919,6.290000,Клёновское,
Клёновское,Троицкий,131,37.247006,55.315046,18.910000,Клёновское,
Клёновское,Троицкий,132,37.254881,55.315159,15.620000,Клёновское,
Клёновское,Троицкий,133,37.262755,55.315271,13.200000,Клёновское,
Клёновское,Троицкий,134,37.286379,55.315605,8.460000,Клёновское,
Клёновское,Троицкий,135,37.317879,55.316043,15.400000,Клёновское,
Клёновское,Троицкий,136,37.325754,55.316151,18.760000,Клёновское,
Клёновское,Троицкий,137,37.333629,55.316259,30.190000,Клёновское,
Клёновское,Троицкий,138,37.341504,55.316366,43.720000,Клёновское,
Клёновское,Троицкий,139,37.349379,55.316473,43.480000,Клёновское,
Клёновское,Троицкий,140,37.357254,55.316579,33.620000,Клёновское,
Клёновское,Троицкий,141,37.388756,55.316999,16.980000,Клёновское,
Клёновское,Троицкий,142,37.396631,55.317102,11.590000,Клёновское,
Клёновское,Троицкий,143,37.404507,55.317205,8.950000,Клёновское,
Клёновское,Троицкий,144,37.412382,55.317308,7.980000,Клёновское,
Клёновское,Троицкий,145,37.254683,55.319650,18.660000,Клёновское,
Клёновское,Троицкий,146,37.262559,55.319762,17.680000,Клёновское,
Клёновское,Троицкий,147,37.270434,55.319874,17.440000,Клёновское,
Клёновское,Троицкий,148,37.286185,55.320096,9.730000,Клёновское,
Клёновское,Троицкий,149,37.301937,55.320316,12.220000,Клёновское,
Клёновское,Троицкий,150,37.317689,55.320534,16.600000,Клёновское,
Клёновское,Троицкий,151,37.325564,55.320642,22.060000,Клёновское,
Клёновское,Троицкий,152,37.333440,55.320750,43.000000,Клёновское,
Клёновское,Троицкий,153,37.341316,55.320857,49.450000,Клёновское,
Клёновское,Троицкий,154,37.349192,55.320964,49.190000,Клёновское,
Клёновское,Троицкий,155,37.357069,55.321070,43.060000,Клёновское,
Клёновское,Троицкий,156,37.364945,55.321176,23.560000,Клёновское,
Клёновское,Троицкий,157,37.372821,55.321281,22.890000,Клёновское,
Клёновское,Троицкий,158,37.388574,55.321490,17.170000,Клёновское,
Клёновское,Троицкий,159,37.396450,55.321593,11.390000,Клёновское,
Клёновское,Троицкий,160,37.404326,55.321696,9.820000,Клёновское,
Клёновское,Троицкий,161,37.262362,55.324253,19.380000,Клёновское,
Клёновское,Троицкий,162,37.270239,55.324365,19.720000,Клёновское,
Клёновское,Троицкий,163,37.293868,55.324697,10.840000,Клёновское,
Клёновское,Троицкий,164,37.317498,55.325025,18.040000,Клёновское,
Клёновское,Троицкий,165,37.325375,55.325133,22.680000,Клёновское,
Клёновское,Троицкий,166,37.333252,55.325241,44.470000,Клёновское,
Клёновское,Троицкий,167,37.341129,55.325348,49.730000,Клёновское,
Клёновское,Троицкий,168,37.349006,55.325455,48.870000,Клёновское,
Клёновское,Троицкий,169,37.356883,55.325561,44.640000,Клёновское,
Клёновское,Троицкий,170,37.372637,55.325772,19.950000,Клёновское,
Клёновское,Троицкий,171,37.388391,55.325981,14.770000,Клёновское,
Клёновское,Троицкий,172,37.396269,55.326085,11.660000,Клёновское,
Клёновское,Троицкий,173,37.262166,55.328744,16.870000,Клёновское,
Клёновское,Троицкий,174,37.270043,55.328856,18.010000,Клёновское,
Клёновское,Троицкий,175,37.277920,55.328967,19.540000,Клёновское,
Клёновское,Троицкий,176,37.293675,55.329188,15.020000,Клёновское,
Клёновское,Троицкий,177,37.317308,55.329516,18.800000,Клёновское,
Клёновское,Троицкий,178,37.325186,55.329624,23.420000,Клёновское,
Клёновское,Троицкий,179,37.340941,55.329839,47.700000,Клёновское,
Клёновское,Троицкий,180,37.348819,55.329946,46.020000,Клёновское,
Клёновское,Троицкий,181,37.356697,55.330052,38.140000,Клёновское,
Клёновское,Троицкий,182,37.380331,55.330368,16.720000,Клёновское,
Клёновское,Троицкий,183,37.388209,55.330472,15.040000,Клёновское,
Клёновское,Троицкий,184,37.285604,55.333569,13.880000,Клёновское,
Клёновское,Троицкий,185,37.293482,55.333679,17.990000,Клёновское,
Клёновское,Троицкий,186,37.301361,55.333789,18.820000,Клёновское,
Клёновское,Троицкий,187,37.317118,55.334007,20.670000,Клёновское,
Клёновское,Троицкий,188,37.340754,55.334330,30.850000,Клёновское,
Клёновское,Троицкий,189,37.356511,55.334543,23.540000,Клёновское,
Клёновское,Троицкий,190,37.364390,55.334649,21.540000,Клёновское,
Клёновское,Троицкий,191,37.380148,55.334859,17.530000,Клёновское,
Клёновское,Троицкий,192,37.388027,55.334963,13.690000,Клёновское,
Клёновское,Троицкий,193,37.277531,55.337949,9.500000,Клёновское,
Клёновское,Троицкий,194,37.285410,55.338060,16.050000,Клёновское,
Клёновское,Троицкий,195,37.293289,55.338170,19.320000,Клёновское,
Клёновское,Троицкий,196,37.301168,55.338280,19.370000,Клёновское,
Клёновское,Троицкий,197,37.309048,55.338389,21.600000,Клёновское,
Клёновское,Троицкий,198,37.324807,55.338606,25.580000,Клёновское,
Клёновское,Троицкий,199,37.364205,55.339140,20.150000,Клёновское,
Клёновское,Троицкий,200,37.387844,55.339454,17.320000,Клёновское,
Клёновское,Троицкий,201,37.277336,55.342440,11.630000,Клёновское,
Клёновское,Троицкий,202,37.285216,55.342551,16.830000,Клёновское,
Клёновское,Троицкий,203,37.293096,55.342661,19.440000,Клёновское,
Клёновское,Троицкий,204,37.300976,55.342771,17.860000,Клёновское,
Клёновское,Троицкий,205,37.308856,55.342880,19.090000,Клёновское,
Клёновское,Троицкий,206,37.340378,55.343313,27.270000,Клёновское,
Клёновское,Троицкий,207,37.364020,55.343631,23.420000,Клёновское,
Клёновское,Троицкий,208,37.371900,55.343737,22.780000,Клёновское,
Клёновское,Троицкий,209,37.387662,55.343946,20.380000,Клёновское,
Клёновское,Троицкий,210,37.277141,55.346931,10.910000,Клёновское,
Клёновское,Троицкий,211,37.285022,55.347042,15.790000,Клёновское,
Клёновское,Троицкий,212,37.300784,55.347262,14.790000,Клёновское,
Клёновское,Троицкий,213,37.308665,55.347371,17.110000,Клёновское,
Клёновское,Троицкий,214,37.316546,55.347480,19.740000,Клёновское,
Клёновское,Троицкий,215,37.324427,55.347588,23.590000,Клёновское,
Клёновское,Троицкий,216,37.332309,55.347696,26.600000,Клёновское,
Клёновское,Троицкий,217,37.340190,55.347804,27.080000,Клёновское,
Клёновское,Троицкий,218,37.348072,55.347910,26.870000,Клёновское,
Клёновское,Троицкий,219,37.363835,55.348122,24.560000,Клёновское,
Клёновское,Троицкий,220,37.371716,55.348228,24.650000,Клёновское,
Клёновское,Троицкий,221,37.269064,55.351310,5.860000,Клёновское,
Клёновское,Троицкий,222,37.276946,55.351422,8.750000,Клёновское,
Клёновское,Троицкий,223,37.316356,55.351971,15.640000,Клёновское,
Клёновское,Троицкий,224,37.332120,55.352187,25.200000,Клёновское,
Клёновское,Троицкий,225,37.347885,55.352401,25.890000,Клёновское,
Клёновское,Троицкий,226,37.355767,55.352508,23.220000,Клёновское,
Клёновское,Троицкий,227,37.268868,55.355801,5.740000,Клёновское,
Клёновское,Троицкий,228,37.276751,55.355913,5.900000,Клёновское,
Клёновское,Троицкий,229,37.284633,55.356024,8.690000,Клёновское,
Клёновское,Троицкий,230,37.347697,55.356893,24.850000,Клёновское,
Клёновское,Троицкий,231,37.355581,55.356999,25.750000,Клёновское,
Клёновское,Троицкий,232,37.276556,55.360404,5.790000,Клёновское,
Клёновское,Троицкий,233,37.284439,55.360515,5.700000,Клёновское,
Клёновское,Троицкий,234,37.276360,55.364895,5.520000,Клёновское,
Кокошкино,Новомосковский,1,37.147596,55.587696,35.790000,Кокошкино,
Кокошкино,Новомосковский,2,37.155524,55.587815,43.390000,Кокошкино,
Кокошкино,Новомосковский,3,37.163453,55.587934,44.790000,Кокошкино,
Кокошкино,Новомосковский,4,37.171382,55.588053,44.310000,Кокошкино,
Кокошкино,Новомосковский,5,37.179310,55.588171,44.820000,Кокошкино,
Кокошкино,Новомосковский,6,37.155313,55.592306,43.860000,Кокошкино,
Кокошкино,Новомосковский,7,37.163243,55.592425,56.000000,Кокошкино,
Кокошкино,Новомосковский,8,37.171173,55.592543,54.550000,Кокошкино,
Кокошкино,Новомосковский,9,37.179102,55.592661,41.870000,Кокошкино,
Кокошкино,Новомосковский,10,37.139242,55.596556,26.180000,Кокошкино,
Кокошкино,Новомосковский,11,37.147172,55.596676,39.930000,Кокошкино,
Кокошкино,Новомосковский,12,37.155103,55.596796,55.670000,Кокошкино,
Кокошкино,Новомосковский,13,37.163033,55.596915,60.850000,Кокошкино,
Кокошкино,Новомосковский,14,37.170964,55.597034,61.370000,Кокошкино,
Кокошкино,Новомосковский,15,37.178894,55.597152,53.320000,Кокошкино,
Кокошкино,Новомосковский,16,37.186825,55.597269,42.940000,Кокошкино,
Кокошкино,Новомосковский,17,37.139029,55.601047,25.590000,Кокошкино,
Кокошкино,Новомосковский,18,37.146961,55.601167,39.260000,Кокошкино,
Кокошкино,Новомосковский,19,37.154892,55.601286,59.190000,Кокошкино,
Кокошкино,Новомосковский,20,37.162823,55.601406,61.010000,Кокошкино,
Кокошкино,Новомосковский,21,37.170755,55.601524,60.920000,Кокошкино,
Кокошкино,Новомосковский,22,37.178686,55.601642,59.210000,Кокошкино,
Кокошкино,Новомосковский,23,37.138817,55.605537,25.500000,Кокошкино,
Кокошкино,Новомосковский,24,37.146749,55.605657,29.520000,Кокошкино,
Кокошкино,Новомосковский,25,37.178478,55.606133,56.760000,Кокошкино,
Кокошкино,Новомосковский,26,37.186203,55.610741,48.140000,Кокошкино,
Кокошкино,Новомосковский,27,37.194137,55.610858,46.870000,Кокошкино,
Кокошкино,Новомосковский,28,37.209594,55.620072,39.940000,Кокошкино,
Коньково,Юго-Западный,1,37.518946,55.628691,88.700000,Коньково,
Коньково,Юго-Западный,2,37.534655,55.633373,84.090000,Коньково,
Коньково,Юго-Западный,3,37.510667,55.637577,86.850000,Коньково,
Коньково,Юго-Западный,4,37.518607,55.637673,89.970000,Коньково,
Коньково,Юго-Западный,5,37.526547,55.637769,89.130000,Коньково,
Коньково,Юго-Западный,6,37.534487,55.637864,87.920000,Коньково,
Коньково,Юго-Западный,7,37.542427,55.637959,82.540000,Коньково,
Коньково,Юго-Западный,8,37.502555,55.641972,82.960000,Коньково,
Коньково,Юго-Западный,9,37.518437,55.642164,87.970000,Коньково,
Коньково,Юго-Западный,10,37.526378,55.642260,90.020000,Коньково,
Коньково,Юго-Западный,11,37.534320,55.642355,89.020000,Коньково,
Коньково,Юго-Западный,12,37.542261,55.642450,83.910000,Коньково,
Коньково,Юго-Западный,13,37.550202,55.642544,75.530000,Коньково,
Коньково,Юго-Западный,14,37.518268,55.646656,86.640000,Коньково,
Коньково,Юго-Западный,15,37.526210,55.646751,87.650000,Коньково,
Коньково,Юго-Западный,16,37.542094,55.646941,84.170000,Коньково,
Коньково,Юго-Западный,17,37.550036,55.647035,74.860000,Коньково,
Коньково,Юго-Западный,18,37.557978,55.647129,72.730000,Коньково,
Коньково,Юго-Западный,19,37.518098,55.651147,84.990000,Коньково,
Коньково,Юго-Западный,20,37.526041,55.651243,86.530000,Коньково,
Коньково,Юго-Западный,21,37.533984,55.651338,85.110000,Коньково,
Коньково,Юго-Западный,22,37.541927,55.651432,81.390000,Коньково,
Коньково,Юго-Западный,23,37.549870,55.651526,79.280000,Коньково,
Коньково,Юго-Западный,24,37.525872,55.655734,84.480000,Коньково,
Коньково,Юго-Западный,25,37.533816,55.655829,83.690000,Коньково,
Коптево,Северный,1,37.527742,55.817512,84.770000,Коптево,
Коптево,Северный,2,37.535718,55.817607,79.800000,Коптево,
Коптево,Северный,3,37.519594,55.821907,84.780000,Коптево,
Коптево,Северный,4,37.527572,55.822003,86.410000,Коптево,
Коптево,Северный,5,37.519424,55.826398,84.060000,Коптево,
Коптево,Северный,6,37.527402,55.826494,86.640000,Коптево,
Коптево,Северный,7,37.511274,55.830793,81.260000,Коптево,
Коптево,Северный,8,37.519253,55.830889,84.980000,Коптево,
Коптево,Северный,9,37.511102,55.835284,83.380000,Коптево,
Коптево,Северный,10,37.519082,55.835380,88.050000,Коптево,
Коптево,Северный,11,37.527063,55.835476,91.050000,Коптево,
Коптево,Северный,12,37.535043,55.835571,89.420000,Коптево,
Коптево,Северный,13,37.518912,55.839871,85.990000,Коптево,
Коптево,Северный,14,37.526893,55.839967,89.140000,Коптево,
Коптево,Северный,15,37.534874,55.840063,88.070000,Коптево,
Коптево,Северный,16,37.542856,55.840157,84.090000,Коптево,
Коптево,Северный,17,37.542688,55.844649,83.990000,Коптево,
Коптево,Северный,18,37.550670,55.844743,81.540000,Коптево,
Коптево,Северный,19,37.558653,55.844837,84.080000,Коптево,
Косино-Ухтомский,Восточный,1,37.866329,55.699788,83.760000,Косино-Ухтомский,
Косино-Ухтомский,Восточный,2,37.874283,55.699862,79.440000,Косино-Ухтомский,
Косино-Ухтомский,Восточный,3,37.858244,55.704206,84.300000,Косино-Ухтомский,
Косино-Ухтомский,Восточный,4,37.866199,55.704280,82.150000,Косино-Ухтомский,
Косино-Ухтомский,Восточный,5,37.874154,55.704353,81.060000,Косино-Ухтомский,
Косино-Ухтомский,Восточный,6,37.882108,55.704426,83.840000,Косино-Ухтомский,
Косино-Ухтомский,Восточный,7,37.842202,55.708549,84.580000,Косино-Ухтомский,
Косино-Ухтомский,Восточный,8,37.850158,55.708624,86.160000,Косино-Ухтомский,
Косино-Ухтомский,Восточный,9,37.866069,55.708772,82.170000,Косино-Ухтомский,
Косино-Ухтомский,Восточный,10,37.874024,55.708845,88.030000,Косино-Ухтомский,
Косино-Ухтомский,Восточный,11,37.881980,55.708918,88.830000,Косино-Ухтомский,
Косино-Ухтомский,Восточный,12,37.889936,55.708990,84.580000,Косино-Ухтомский,
Косино-Ухтомский,Восточный,13,37.897892,55.709062,84.630000,Косино-Ухтомский,
Косино-Ухтомский,Восточный,14,37.905848,55.709133,81.290000,Косино-Ухтомский,
Косино-Ухтомский,Восточный,15,37.913803,55.709203,78.090000,Косино-Ухтомский,
Косино-Ухтомский,Восточный,16,37.921759,55.709274,77.390000,Косино-Ухтомский,
Косино-Ухтомский,Восточный,17,37.842069,55.713041,81.190000,Косино-Ухтомский,
Косино-Ухтомский,Восточный,18,37.850026,55.713116,82.770000,Косино-Ухтомский,
Косино-Ухтомский,Восточный,19,37.857982,55.713190,79.400000,Косино-Ухтомский,
Косино-Ухтомский,Восточный,20,37.881852,55.713410,88.490000,Косино-Ухтомский,
Косино-Ухтомский,Восточный,21,37.889809,55.713482,85.900000,Косино-Ухтомский,
Косино-Ухтомский,Восточный,22,37.897765,55.713554,85.340000,Косино-Ухтомский,
Косино-Ухтомский,Восточный,23,37.905722,55.713625,80.970000,Косино-Ухтомский,
Косино-Ухтомский,Восточный,24,37.913679,55.713695,69.140000,Косино-Ухтомский,
Косино-Ухтомский,Восточный,25,37.857851,55.717682,78.600000,Косино-Ухтомский,
Косино-Ухтомский,Восточный,26,37.865808,55.717756,77.500000,Косино-Ухтомский,
Косино-Ухтомский,Восточный,27,37.889681,55.717974,81.740000,Косино-Ухтомский,
Косино-Ухтомский,Восточный,28,37.897639,55.718045,83.930000,Косино-Ухтомский,
Косино-Ухтомский,Восточный,29,37.913554,55.718187,69.820000,Косино-Ухтомский,
Косино-Ухтомский,Восточный,30,37.921512,55.718257,58.670000,Косино-Ухтомский,
Косино-Ухтомский,Восточный,31,37.929470,55.718327,56.180000,Косино-Ухтомский,
Косино-Ухтомский,Восточный,32,37.937427,55.718396,51.080000,Косино-Ухтомский,
Косино-Ухтомский,Восточный,33,37.857720,55.722174,72.980000,Косино-Ухтомский,
Косино-Ухтомский,Восточный,34,37.865678,55.722247,72.630000,Косино-Ухтомский,
Косино-Ухтомский,Восточный,35,37.873637,55.722321,73.700000,Косино-Ухтомский,
Косино-Ухтомский,Восточный,36,37.897512,55.722537,77.210000,Косино-Ухтомский,
Косино-Ухтомский,Восточный,37,37.905471,55.722608,73.520000,Косино-Ухтомский,
Косино-Ухтомский,Восточный,38,37.921388,55.722749,56.220000,Косино-Ухтомский,
Косино-Ухтомский,Восточный,39,37.929347,55.722819,44.860000,Косино-Ухтомский,
Косино-Ухтомский,Восточный,40,37.849630,55.726591,70.420000,Косино-Ухтомский,
Косино-Ухтомский,Восточный,41,37.857589,55.726665,73.140000,Косино-Ухтомский,
Косино-Ухтомский,Восточный,42,37.865548,55.726739,73.120000,Косино-Ухтомский,
Косино-Ухтомский,Восточный,43,37.849497,55.731083,79.180000,Косино-Ухтомский,
Косино-Ухтомский,Восточный,44,37.865418,55.731231,79.390000,Косино-Ухтомский,
Котловка,Юго-Западный,1,37.588940,55.669955,82.920000,Котловка,
Котловка,Юго-Западный,2,37.580830,55.674355,81.670000,Котловка,
Котловка,Юго-Западный,3,37.588778,55.674446,83.040000,Котловка,
Котловка,Юго-Западный,4,37.596726,55.674537,88.680000,Котловка,
Котловка,Юго-Западный,5,37.604674,55.674628,89.350000,Котловка,
Котловка,Юго-Западный,6,37.596565,55.679029,83.470000,Котловка,
Котловка,Юго-Западный,7,37.604514,55.679119,87.760000,Котловка,
Котловка,Юго-Западный,8,37.596404,55.683520,87.580000,Котловка,
Котловка,Юго-Западный,9,37.604354,55.683611,87.340000,Котловка,
Котловка,Юго-Западный,10,37.596243,55.688011,88.730000,Котловка,
Котловка,Юго-Западный,11,37.604194,55.688102,87.070000,Котловка,
Краснопахорское,Троицкий,1,37.244624,55.368937,8.200000,Краснопахорское,
Краснопахорское,Троицкий,2,37.252509,55.369050,7.250000,Краснопахорское,
Краснопахорское,Троицкий,3,37.291743,55.374098,6.200000,Краснопахорское,
Краснопахорское,Троицкий,4,37.299629,55.374208,6.620000,Краснопахорское,
Краснопахорское,Троицкий,5,37.307515,55.374317,8.190000,Краснопахорское,
Краснопахорское,Троицкий,6,37.283662,55.378478,5.570000,Краснопахорское,
Краснопахорское,Троицкий,7,37.291549,55.378589,7.900000,Краснопахорское,
Краснопахорское,Троицкий,8,37.299436,55.378699,8.760000,Краснопахорское,
Краснопахорское,Троицкий,9,37.307324,55.378808,10.260000,Краснопахорское,
Краснопахорское,Троицкий,10,37.291355,55.383080,9.100000,Краснопахорское,
Краснопахорское,Троицкий,11,37.299244,55.383190,12.170000,Краснопахорское,
Краснопахорское,Троицкий,12,37.235939,55.386786,19.580000,Краснопахорское,
Краснопахорское,Троицкий,13,37.243828,55.386900,10.270000,Краснопахорское,
Краснопахорское,Троицкий,14,37.251717,55.387013,11.660000,Краснопахорское,
Краснопахорское,Троицкий,15,37.227850,55.391163,23.950000,Краснопахорское,
Краснопахорское,Троицкий,16,37.235739,55.391277,23.100000,Краснопахорское,
Краснопахорское,Троицкий,17,37.243629,55.391391,18.210000,Краснопахорское,
Краснопахорское,Троицкий,18,37.251519,55.391504,17.110000,Краснопахорское,
Краснопахорское,Троицкий,19,37.259408,55.391616,16.540000,Краснопахорское,
Краснопахорское,Троицкий,20,37.243430,55.395881,23.250000,Краснопахорское,
Краснопахорское,Троицкий,21,37.251320,55.395995,21.390000,Краснопахорское,
Краснопахорское,Троицкий,22,37.259211,55.396107,17.920000,Краснопахорское,
Краснопахорское,Троицкий,23,37.267102,55.396219,17.360000,Краснопахорское,
Краснопахорское,Троицкий,24,37.243231,55.400372,24.390000,Краснопахорское,
Краснопахорское,Троицкий,25,37.251122,55.400485,21.090000,Краснопахорское,
Краснопахорское,Троицкий,26,37.259014,55.400598,17.860000,Краснопахорское,
Краснопахорское,Троицкий,27,37.266709,55.405201,17.330000,Краснопахорское,
Краснопахорское,Троицкий,28,37.274601,55.405313,16.060000,Краснопахорское,
Краснопахорское,Троицкий,29,37.250725,55.409467,22.590000,Краснопахорское,
Краснопахорское,Троицкий,30,37.258619,55.409580,27.220000,Краснопахорское,
Краснопахорское,Троицкий,31,37.274405,55.409803,21.580000,Краснопахорское,
Краснопахорское,Троицкий,32,37.298086,55.410135,10.300000,Краснопахорское,
Краснопахорское,Троицкий,33,37.226845,55.413617,13.500000,Краснопахорское,
Краснопахорское,Троицкий,34,37.234739,55.413731,15.380000,Краснопахорское,
Краснопахорское,Троицкий,35,37.242633,55.413845,18.810000,Краснопахорское,
Краснопахорское,Троицкий,36,37.258421,55.414070,32.470000,Краснопахорское,
Краснопахорское,Троицкий,37,37.266315,55.414183,31.240000,Краснопахорское,
Краснопахорское,Троицкий,38,37.274210,55.414294,28.750000,Краснопахорское,
Краснопахорское,Троицкий,39,37.282104,55.414405,19.700000,Краснопахорское,
Краснопахорское,Троицкий,40,37.297893,55.414626,12.980000,Краснопахорское,
Краснопахорское,Троицкий,41,37.210854,55.417878,16.330000,Краснопахорское,
Краснопахорское,Троицкий,42,37.218748,55.417993,14.230000,Краснопахорское,
Краснопахорское,Троицкий,43,37.226643,55.418108,14.150000,Краснопахорское,
Краснопахорское,Троицкий,44,37.234538,55.418222,15.590000,Краснопахорское,
Краснопахорское,Троицкий,45,37.242433,55.418335,17.960000,Краснопахорское,
Краснопахорское,Троицкий,46,37.250328,55.418449,30.380000,Краснопахорское,
Краснопахорское,Троицкий,47,37.258223,55.418561,35.440000,Краснопахорское,
Краснопахорское,Троицкий,48,37.266119,55.418674,36.160000,Краснопахорское,
Краснопахорское,Троицкий,49,37.274014,55.418785,33.820000,Краснопахорское,
Краснопахорское,Троицкий,50,37.281909,55.418896,29.810000,Краснопахорское,
Краснопахорское,Троицкий,51,37.297700,55.419117,23.390000,Краснопахорское,
Краснопахорское,Троицкий,52,37.305595,55.419227,18.690000,Краснопахорское,
Краснопахорское,Троицкий,53,37.321386,55.419444,10.260000,Краснопахорское,
Краснопахорское,Троицкий,54,37.210651,55.422368,14.800000,Краснопахорское,
Краснопахорское,Троицкий,55,37.218546,55.422484,13.960000,Краснопахорское,
Краснопахорское,Троицкий,56,37.226442,55.422598,13.840000,Краснопахорское,
Краснопахорское,Троицкий,57,37.250130,55.422939,24.850000,Краснопахорское,
Краснопахорское,Троицкий,58,37.265922,55.423164,43.010000,Краснопахорское,
Краснопахорское,Троицкий,59,37.273818,55.423276,44.350000,Краснопахорское,
Краснопахорское,Троицкий,60,37.281714,55.423387,42.580000,Краснопахорское,
Краснопахорское,Троицкий,61,37.289610,55.423498,34.200000,Краснопахорское,
Краснопахорское,Троицкий,62,37.297507,55.423608,31.880000,Краснопахорское,
Краснопахорское,Троицкий,63,37.305403,55.423718,26.590000,Краснопахорское,
Краснопахорское,Троицкий,64,37.321196,55.423935,18.830000,Краснопахорское,
Краснопахорское,Троицкий,65,37.329092,55.424044,16.040000,Краснопахорское,
Краснопахорское,Троицкий,66,37.202551,55.426743,16.990000,Краснопахорское,
Краснопахорское,Троицкий,67,37.210447,55.426859,13.570000,Краснопахорское,
Краснопахорское,Троицкий,68,37.218344,55.426974,13.500000,Краснопахорское,
Краснопахорское,Троицкий,69,37.226241,55.427089,13.280000,Краснопахорское,
Краснопахорское,Троицкий,70,37.234137,55.427203,14.550000,Краснопахорское,
Краснопахорское,Троицкий,71,37.242034,55.427317,17.340000,Краснопахорское,
Краснопахорское,Троицкий,72,37.249931,55.427430,21.440000,Краснопахорское,
Краснопахорское,Троицкий,73,37.257828,55.427543,30.730000,Краснопахорское,
Краснопахорское,Троицкий,74,37.265725,55.427655,44.820000,Краснопахорское,
Краснопахорское,Троицкий,75,37.273622,55.427767,44.620000,Краснопахорское,
Краснопахорское,Троицкий,76,37.281519,55.427878,45.890000,Краснопахорское,
Краснопахорское,Троицкий,77,37.305210,55.428209,31.320000,Краснопахорское,
Краснопахорское,Троицкий,78,37.313108,55.428318,26.970000,Краснопахорское,
Краснопахорское,Троицкий,79,37.321005,55.428426,26.450000,Краснопахорское,
Краснопахорское,Троицкий,80,37.328902,55.428535,22.250000,Краснопахорское,
Краснопахорское,Троицкий,81,37.336800,55.428642,18.320000,Краснопахорское,
Краснопахорское,Троицкий,82,37.178655,55.430883,15.020000,Краснопахорское,
Краснопахорское,Троицкий,83,37.186552,55.431001,16.920000,Краснопахорское,
Краснопахорское,Троицкий,84,37.194449,55.431118,17.190000,Краснопахорское,
Краснопахорское,Троицкий,85,37.202347,55.431234,15.440000,Краснопахорское,
Краснопахорское,Троицкий,86,37.210244,55.431350,12.530000,Краснопахорское,
Краснопахорское,Троицкий,87,37.233937,55.431694,14.240000,Краснопахорское,
Краснопахорское,Троицкий,88,37.241835,55.431808,17.190000,Краснопахорское,
Краснопахорское,Троицкий,89,37.249732,55.431921,21.210000,Краснопахорское,
Краснопахорское,Троицкий,90,37.265528,55.432146,44.320000,Краснопахорское,
Краснопахорское,Троицкий,91,37.273426,55.432258,46.950000,Краснопахорское,
Краснопахорское,Троицкий,92,37.281324,55.432369,46.460000,Краснопахорское,
Краснопахорское,Троицкий,93,37.289222,55.432480,38.780000,Краснопахорское,
Краснопахорское,Троицкий,94,37.305018,55.432700,30.940000,Краснопахорское,
Краснопахорское,Троицкий,95,37.312916,55.432809,29.890000,Краснопахорское,
Краснопахорское,Троицкий,96,37.320814,55.432917,26.200000,Краснопахорское,
Краснопахорское,Троицкий,97,37.328713,55.433026,23.890000,Краснопахорское,
Краснопахорское,Троицкий,98,37.336611,55.433133,18.570000,Краснопахорское,
Краснопахорское,Троицкий,99,37.170550,55.435256,13.910000,Краснопахорское,
Краснопахорское,Троицкий,100,37.178448,55.435374,11.720000,Краснопахорское,
Краснопахорское,Троицкий,101,37.186346,55.435491,14.050000,Краснопахорское,
Краснопахорское,Троицкий,102,37.210041,55.435840,11.300000,Краснопахорское,
Краснопахорское,Троицкий,103,37.217939,55.435956,11.360000,Краснопахорское,
Краснопахорское,Троицкий,104,37.233736,55.436185,17.890000,Краснопахорское,
Краснопахорское,Троицкий,105,37.249534,55.436412,27.520000,Краснопахорское,
Краснопахорское,Троицкий,106,37.265331,55.436637,42.170000,Краснопахорское,
Краснопахорское,Троицкий,107,37.273230,55.436749,48.490000,Краснопахорское,
Краснопахорское,Троицкий,108,37.281129,55.436860,45.010000,Краснопахорское,
Краснопахорское,Троицкий,109,37.289028,55.436971,37.170000,Краснопахорское,
Краснопахорское,Троицкий,110,37.304826,55.437190,25.710000,Краснопахорское,
Краснопахорское,Троицкий,111,37.312725,55.437300,26.540000,Краснопахорское,
Краснопахорское,Троицкий,112,37.320624,55.437408,25.860000,Краснопахорское,
Краснопахорское,Троицкий,113,37.328523,55.437517,22.500000,Краснопахорское,
Краснопахорское,Троицкий,114,37.336422,55.437624,19.960000,Краснопахорское,
Краснопахорское,Троицкий,115,37.344321,55.437731,15.940000,Краснопахорское,
Краснопахорское,Троицкий,116,37.154544,55.439509,14.640000,Краснопахорское,
Краснопахорское,Троицкий,117,37.209838,55.440331,10.550000,Краснопахорское,
Краснопахорское,Троицкий,118,37.217737,55.440446,11.440000,Краснопахорское,
Краснопахорское,Троицкий,119,37.241435,55.440789,29.980000,Краснопахорское,
Краснопахорское,Троицкий,120,37.249335,55.440903,36.250000,Краснопахорское,
Краснопахорское,Троицкий,121,37.257234,55.441015,38.670000,Краснопахорское,
Краснопахорское,Троицкий,122,37.265134,55.441128,43.460000,Краснопахорское,
Краснопахорское,Троицкий,123,37.273034,55.441239,45.730000,Краснопахорское,
Краснопахорское,Троицкий,124,37.280933,55.441351,40.700000,Краснопахорское,
Краснопахорское,Троицкий,125,37.288833,55.441461,39.530000,Краснопахорское,
Краснопахорское,Троицкий,126,37.296733,55.441572,34.020000,Краснопахорское,
Краснопахорское,Троицкий,127,37.312533,55.441791,24.430000,Краснопахорское,
Краснопахорское,Троицкий,128,37.320433,55.441899,23.390000,Краснопахорское,
Краснопахорское,Троицкий,129,37.328333,55.442007,24.810000,Краснопахорское,
Краснопахорское,Троицкий,130,37.336233,55.442115,21.310000,Краснопахорское,
Краснопахорское,Троицкий,131,37.162234,55.444119,13.800000,Краснопахорское,
Краснопахорское,Троицкий,132,37.217535,55.444937,12.390000,Краснопахорское,
Краснопахорское,Троицкий,133,37.225435,55.445052,15.630000,Краснопахорское,
Краснопахорское,Троицкий,134,37.241236,55.445280,32.240000,Краснопахорское,
Краснопахорское,Троицкий,135,37.249136,55.445393,39.180000,Краснопахорское,
Краснопахорское,Троицкий,136,37.257036,55.445506,41.620000,Краснопахорское,
Краснопахорское,Троицкий,137,37.272838,55.445730,40.460000,Краснопахорское,
Краснопахорское,Троицкий,138,37.280738,55.445842,40.880000,Краснопахорское,
Краснопахорское,Троицкий,139,37.288639,55.445952,41.730000,Краснопахорское,
Краснопахорское,Троицкий,140,37.296540,55.446063,35.700000,Краснопахорское,
Краснопахорское,Троицкий,141,37.304440,55.446172,32.320000,Краснопахорское,
Краснопахорское,Троицкий,142,37.312341,55.446282,28.910000,Краснопахорское,
Краснопахорское,Троицкий,143,37.320242,55.446390,27.530000,Краснопахорское,
Краснопахорское,Троицкий,144,37.328143,55.446498,27.420000,Краснопахорское,
Краснопахорское,Троицкий,145,37.336044,55.446606,23.330000,Краснопахорское,
Краснопахорское,Троицкий,146,37.169926,55.448728,7.840000,Краснопахорское,
Краснопахорское,Троицкий,147,37.177827,55.448846,7.990000,Краснопахорское,
Краснопахорское,Троицкий,148,37.201530,55.449197,10.290000,Краснопахорское,
Краснопахорское,Троицкий,149,37.217332,55.449428,12.270000,Краснопахорское,
Краснопахорское,Троицкий,150,37.225233,55.449543,15.290000,Краснопахорское,
Краснопахорское,Троицкий,151,37.241036,55.449771,29.820000,Краснопахорское,
Краснопахорское,Троицкий,152,37.248937,55.449884,34.180000,Краснопахорское,
Краснопахорское,Троицкий,153,37.256838,55.449997,36.420000,Краснопахорское,
Краснопахорское,Троицкий,154,37.280543,55.450332,46.450000,Краснопахорское,
Краснопахорское,Троицкий,155,37.288444,55.450443,47.040000,Краснопахорское,
Краснопахорское,Троицкий,156,37.296346,55.450553,41.390000,Краснопахорское,
Краснопахорское,Троицкий,157,37.312150,55.450772,29.050000,Краснопахорское,
Краснопахорское,Троицкий,158,37.320051,55.450881,30.850000,Краснопахорское,
Краснопахорское,Троицкий,159,37.327953,55.450989,29.610000,Краснопахорское,
Краснопахорское,Троицкий,160,37.240836,55.454262,21.290000,Краснопахорское,
Краснопахорское,Троицкий,161,37.327763,55.455480,26.480000,Краснопахорское,
Краснопахорское,Троицкий,162,37.216927,55.458409,11.070000,Краснопахорское,
Краснопахорское,Троицкий,163,37.224830,55.458524,12.160000,Краснопахорское,
Краснопахорское,Троицкий,164,37.232733,55.458638,14.880000,Краснопахорское,
Краснопахорское,Троицкий,165,37.208820,55.462784,9.450000,Краснопахорское,
Краснопахорское,Троицкий,166,37.216724,55.462900,9.390000,Краснопахорское,
Краснопахорское,Троицкий,167,37.224628,55.463015,9.480000,Краснопахорское,
Краснопахорское,Троицкий,168,37.232532,55.463129,12.410000,Краснопахорское,
Краснопахорское,Троицкий,169,37.240436,55.463243,14.990000,Краснопахорское,
Краснопахорское,Троицкий,170,37.343192,55.464677,21.540000,Краснопахорское,
Красносельский,Центральный,1,37.633332,55.764813,85.760000,Красносельский,
Красносельский,Центральный,2,37.633175,55.769305,86.460000,Красносельский,
Красносельский,Центральный,3,37.641142,55.769393,86.620000,Красносельский,
Красносельский,Центральный,4,37.649110,55.769481,86.060000,Красносельский,
Красносельский,Центральный,5,37.640986,55.773884,86.220000,Красносельский,
Красносельский,Центральный,6,37.648954,55.773972,85.930000,Красносельский,
Красносельский,Центральный,7,37.656923,55.774059,85.340000,Красносельский,
Красносельский,Центральный,8,37.664891,55.774146,85.810000,Красносельский,
Красносельский,Центральный,9,37.640830,55.778376,85.690000,Красносельский,
Красносельский,Центральный,10,37.648799,55.778464,83.380000,Красносельский,
Красносельский,Центральный,11,37.656768,55.778551,83.270000,Красносельский,
Красносельский,Центральный,12,37.664737,55.778638,84.890000,Красносельский,
Красносельский,Центральный,13,37.672707,55.778724,86.220000,Красносельский,
Красносельский,Центральный,14,37.680676,55.778810,85.100000,Красносельский,
Красносельский,Центральный,15,37.648643,55.782955,79.680000,Красносельский,
Красносельский,Центральный,16,37.656614,55.783042,82.390000,Красносельский,
Красносельский,Центральный,17,37.664584,55.783129,85.580000,Красносельский,
Красносельский,Центральный,18,37.680524,55.783301,84.170000,Красносельский,
Красносельский,Центральный,19,37.648488,55.787446,75.250000,Красносельский,
Красносельский,Центральный,20,37.656459,55.787534,79.570000,Красносельский,
Крылатское,Западный,1,37.418803,55.748760,83.300000,Крылатское,
Крылатское,Западный,2,37.426765,55.748863,80.070000,Крылатское,
Крылатское,Западный,3,37.410658,55.753149,83.850000,Крылатское,
Крылатское,Западный,4,37.418621,55.753251,84.280000,Крылатское,
Крылатское,Западный,5,37.426584,55.753354,75.280000,Крылатское,
Крылатское,Западный,6,37.434548,55.753455,65.080000,Крылатское,
Крылатское,Западный,7,37.442511,55.753557,62.370000,Крылатское,
Крылатское,Западный,8,37.402511,55.757536,84.690000,Крылатское,
Крылатское,Западный,9,37.410475,55.757640,85.390000,Крылатское,
Крылатское,Западный,10,37.418439,55.757742,84.330000,Крылатское,
Крылатское,Западный,11,37.434368,55.757946,61.940000,Крылатское,
Крылатское,Западный,12,37.450296,55.758148,55.310000,Крылатское,
Крылатское,Западный,13,37.458261,55.758248,60.820000,Крылатское,
Крылатское,Западный,14,37.410292,55.762130,84.750000,Крылатское,
Крылатское,Западный,15,37.418257,55.762233,84.040000,Крылатское,
Крылатское,Западный,16,37.426223,55.762336,73.100000,Крылатское,
Крылатское,Западный,17,37.434188,55.762437,63.450000,Крылатское,
Крылатское,Западный,18,37.442153,55.762539,53.960000,Крылатское,
Крылатское,Западный,19,37.458083,55.762739,60.040000,Крылатское,
Крылатское,Западный,20,37.378246,55.766205,59.430000,Крылатское,
Крылатское,Западный,21,37.402144,55.766518,76.150000,Крылатское,
Крылатское,Западный,22,37.410110,55.766621,83.030000,Крылатское,
Крылатское,Западный,23,37.418076,55.766724,78.720000,Крылатское,
Крылатское,Западный,24,37.434008,55.766928,60.340000,Крылатское,
Крылатское,Западный,25,37.449940,55.767130,47.980000,Крылатское,
Крылатское,Западный,26,37.457906,55.767230,67.620000,Крылатское,
Крылатское,Западный,27,37.370093,55.770590,55.990000,Крылатское,
Крылатское,Западный,28,37.378060,55.770696,57.940000,Крылатское,
Крылатское,Западный,29,37.386026,55.770801,59.160000,Крылатское,
Крылатское,Западный,30,37.401960,55.771009,73.730000,Крылатское,
Крылатское,Западный,31,37.409927,55.771112,75.880000,Крылатское,
Крылатское,Западный,32,37.425861,55.771317,65.820000,Крылатское,
Крылатское,Западный,33,37.449762,55.771621,64.620000,Крылатское,
Крылатское,Западный,34,37.449583,55.776112,74.810000,Крылатское,
Крюково,Зеленоградский,1,37.210292,55.952596,37.390000,Крюково,
Крюково,Зеленоградский,2,37.218295,55.952712,35.750000,Крюково,
Крюково,Зеленоградский,3,37.186072,55.956735,55.080000,Крюково,
Крюково,Зеленоградский,4,37.194076,55.956853,51.080000,Крюково,
Крюково,Зеленоградский,5,37.202081,55.956970,43.300000,Крюково,
Крюково,Зеленоградский,6,37.210085,55.957086,38.820000,Крюково,
Крюково,Зеленоградский,7,37.177857,55.961107,62.330000,Крюково,
Крюково,Зеленоградский,8,37.185862,55.961225,63.680000,Крюково,
Крюково,Зеленоградский,9,37.201872,55.961460,51.930000,Крюково,
Крюково,Зеленоградский,10,37.153629,55.965240,73.350000,Крюково,
Крюково,Зеленоградский,11,37.161635,55.965360,71.970000,Крюково,
Крюково,Зеленоградский,12,37.169641,55.965479,69.990000,Крюково,
Крюково,Зеленоградский,13,37.177646,55.965598,70.310000,Крюково,
Крюково,Зеленоградский,14,37.185652,55.965716,70.610000,Крюково,
Крюково,Зеленоградский,15,37.193658,55.965833,65.410000,Крюково,
Крюково,Зеленоградский,16,37.201664,55.965950,59.260000,Крюково,
Крюково,Зеленоградский,17,37.209670,55.966067,48.320000,Крюково,
Крюково,Зеленоградский,18,37.153415,55.969730,79.280000,Крюково,
Крюково,Зеленоградский,19,37.161422,55.969850,80.140000,Крюково,
Крюково,Зеленоградский,20,37.169429,55.969969,80.030000,Крюково,
Крюково,Зеленоградский,21,37.177435,55.970088,76.670000,Крюково,
Крюково,Зеленоградский,22,37.193449,55.970324,74.750000,Крюково,
Крюково,Зеленоградский,23,37.153201,55.974220,82.810000,Крюково,
Крюково,Зеленоградский,24,37.161209,55.974340,87.400000,Крюково,
Крюково,Зеленоградский,25,37.169216,55.974459,88.160000,Крюково,
Крюково,Зеленоградский,26,37.177224,55.974578,86.730000,Крюково,
Крюково,Зеленоградский,27,37.185232,55.974696,85.820000,Крюково,
Крюково,Зеленоградский,28,37.160996,55.978830,89.340000,Крюково,
Крюково,Зеленоградский,29,37.160783,55.983320,90.750000,Крюково,
Крюково,Зеленоградский,30,37.168792,55.983440,92.630000,Крюково,
Крюково,Зеленоградский,31,37.152559,55.987691,83.010000,Крюково,
Крюково,Зеленоградский,32,37.160569,55.987811,85.210000,Крюково,
Крюково,Зеленоградский,33,37.152345,55.992181,76.880000,Крюково,
Крюково,Зеленоградский,34,37.152131,55.996671,60.070000,Крюково,
Кузьминки,Юго-Восточный,1,37.755122,55.694218,93.230000,Кузьминки,
Кузьминки,Юго-Восточный,2,37.754979,55.698710,90.080000,Кузьминки,
Кузьминки,Юго-Восточный,3,37.770886,55.698870,93.450000,Кузьминки,
Кузьминки,Юго-Восточный,4,37.778839,55.698949,89.500000,Кузьминки,
Кузьминки,Юго-Восточный,5,37.786792,55.699028,83.270000,Кузьминки,
Кузьминки,Юго-Восточный,6,37.754836,55.703201,88.450000,Кузьминки,
Кузьминки,Юго-Восточный,7,37.762790,55.703282,90.190000,Кузьминки,
Кузьминки,Юго-Восточный,8,37.770745,55.703362,90.150000,Кузьминки,
Кузьминки,Юго-Восточный,9,37.778699,55.703441,89.060000,Кузьминки,
Кузьминки,Юго-Восточный,10,37.786653,55.703520,82.470000,Кузьминки,
Кузьминки,Юго-Восточный,11,37.754693,55.707693,87.120000,Кузьминки,
Кузьминки,Юго-Восточный,12,37.762648,55.707774,86.250000,Кузьминки,
Кузьминки,Юго-Восточный,13,37.770604,55.707853,87.420000,Кузьминки,
Кузьминки,Юго-Восточный,14,37.778559,55.707933,85.050000,Кузьминки,
Кузьминки,Юго-Восточный,15,37.786514,55.708012,82.880000,Кузьминки,
Кузьминки,Юго-Восточный,16,37.762506,55.712265,83.910000,Кузьминки,
Кузьминки,Юго-Восточный,17,37.770462,55.712345,85.210000,Кузьминки,
Кунцево,Западный,1,37.006669,55.706815,22.990000,Кунцево,
Кунцево,Западный,2,37.022573,55.707072,43.120000,Кунцево,
Кунцево,Западный,3,37.030525,55.707200,46.270000,Кунцево,
Кунцево,Западный,4,37.006440,55.711305,17.810000,Кунцево,
Кунцево,Западный,5,37.022346,55.711562,39.950000,Кунцево,
Кунцево,Западный,6,37.022119,55.716052,20.110000,Кунцево,
Кунцево,Западный,7,37.030073,55.716180,21.280000,Кунцево,
Кунцево,Западный,8,36.990073,55.720026,22.280000,Кунцево,
Кунцево,Западный,9,36.998028,55.720156,26.290000,Кунцево,
Кунцево,Западный,10,37.013937,55.720414,23.240000,Кунцево,
Кунцево,Западный,11,37.021892,55.720542,16.210000,Кунцево,
Кунцево,Западный,12,37.029847,55.720670,17.060000,Кунцево,
Кунцево,Западный,13,37.037802,55.720798,17.750000,Кунцево,
Кунцево,Западный,14,37.045757,55.720925,22.280000,Кунцево,
Кунцево,Западный,15,37.061667,55.721177,40.880000,Кунцево,
Кунцево,Западный,16,36.981887,55.724385,16.960000,Кунцево,
Кунцево,Западный,17,36.997798,55.724646,23.480000,Кунцево,
Кунцево,Западный,18,37.013709,55.724904,21.820000,Кунцево,
Кунцево,Западный,19,37.021665,55.725032,16.630000,Кунцево,
Кунцево,Западный,20,37.029621,55.725160,17.950000,Кунцево,
Кунцево,Западный,21,37.037577,55.725288,19.070000,Кунцево,
Кунцево,Западный,22,37.045533,55.725415,22.580000,Кунцево,
Кунцево,Западный,23,37.125095,55.726655,23.640000,Кунцево,
Кунцево,Западный,24,36.965743,55.728613,20.850000,Кунцево,
Кунцево,Западный,25,36.973699,55.728744,22.140000,Кунцево,
Кунцево,Западный,26,36.981655,55.728875,17.990000,Кунцево,
Кунцево,Западный,27,36.989612,55.729006,15.930000,Кунцево,
Кунцево,Западный,28,36.997568,55.729136,18.720000,Кунцево,
Кунцево,Западный,29,37.005525,55.729265,19.820000,Кунцево,
Кунцево,Западный,30,37.021438,55.729522,21.130000,Кунцево,
Кунцево,Западный,31,37.029395,55.729650,25.410000,Кунцево,
Кунцево,Западный,32,37.037351,55.729778,27.720000,Кунцево,
Кунцево,Западный,33,37.379736,55.730278,53.970000,Кунцево,
Кунцево,Западный,34,37.387695,55.730383,67.400000,Кунцево,
Кунцево,Западный,35,37.395653,55.730487,77.210000,Кунцево,
Кунцево,Западный,36,37.403612,55.730591,83.160000,Кунцево,
Кунцево,Западный,37,37.093051,55.730655,24.880000,Кунцево,
Кунцево,Западный,38,37.411570,55.730694,84.790000,Кунцево,
Кунцево,Западный,39,37.427488,55.730899,82.990000,Кунцево,
Кунцево,Западный,40,37.435446,55.731000,82.500000,Кунцево,
Кунцево,Западный,41,37.443405,55.731102,83.040000,Кунцево,
Кунцево,Западный,42,36.949595,55.732838,20.350000,Кунцево,
Кунцево,Западный,43,36.957552,55.732970,16.030000,Кунцево,
Кунцево,Западный,44,36.965509,55.733102,22.970000,Кунцево,
Кунцево,Западный,45,36.973466,55.733234,26.800000,Кунцево,
Кунцево,Западный,46,37.005296,55.733755,19.400000,Кунцево,
Кунцево,Западный,47,37.013253,55.733884,19.130000,Кунцево,
Кунцево,Западный,48,37.021211,55.734012,24.850000,Кунцево,
Кунцево,Западный,49,37.395469,55.734978,73.590000,Кунцево,
Кунцево,Западный,50,37.084874,55.735022,18.450000,Кунцево,
Кунцево,Западный,51,37.403428,55.735082,78.390000,Кунцево,
Кунцево,Западный,52,37.092832,55.735145,22.220000,Кунцево,
Кунцево,Западный,53,37.411388,55.735185,82.640000,Кунцево,
Кунцево,Западный,54,37.100790,55.735269,28.480000,Кунцево,
Кунцево,Западный,55,37.419347,55.735288,84.210000,Кунцево,
Кунцево,Западный,56,37.435267,55.735491,84.270000,Кунцево,
Кунцево,Западный,57,36.941402,55.737194,26.900000,Кунцево,
Кунцево,Западный,58,36.949359,55.737328,18.170000,Кунцево,
Кунцево,Западный,59,36.957317,55.737460,13.890000,Кунцево,
Кунцево,Западный,60,36.965275,55.737592,23.040000,Кунцево,
Кунцево,Западный,61,36.989150,55.737985,29.660000,Кунцево,
Кунцево,Западный,62,37.013025,55.738374,19.730000,Кунцево,
Кунцево,Западный,63,37.020983,55.738502,22.230000,Кунцево,
Кунцево,Западный,64,37.395285,55.739469,74.040000,Кунцево,
Кунцево,Западный,65,37.084654,55.739512,15.760000,Кунцево,
Кунцево,Западный,66,37.403245,55.739573,81.250000,Кунцево,
Кунцево,Западный,67,37.092613,55.739636,17.820000,Кунцево,
Кунцево,Западный,68,37.411205,55.739676,82.730000,Кунцево,
Кунцево,Западный,69,37.419166,55.739779,82.940000,Кунцево,
Кунцево,Западный,70,37.427126,55.739881,84.490000,Кунцево,
Кунцево,Западный,71,37.435087,55.739982,79.890000,Кунцево,
Кунцево,Западный,72,36.901372,55.741011,18.520000,Кунцево,
Кунцево,Западный,73,36.909331,55.741146,15.170000,Кунцево,
Кунцево,Западный,74,36.917289,55.741282,20.060000,Кунцево,
Кунцево,Западный,75,36.925248,55.741416,26.260000,Кунцево,
Кунцево,Западный,76,36.949124,55.741817,17.070000,Кунцево,
Кунцево,Западный,77,36.957083,55.741950,12.010000,Кунцево,
Кунцево,Западный,78,36.965042,55.742082,20.530000,Кунцево,
Кунцево,Западный,79,36.973001,55.742214,26.070000,Кунцево,
Кунцево,Западный,80,36.980960,55.742345,28.500000,Кунцево,
Кунцево,Западный,81,36.988919,55.742475,26.870000,Кунцево,
Кунцево,Западный,82,36.996878,55.742605,20.830000,Кунцево,
Кунцево,Западный,83,37.012797,55.742864,14.480000,Кунцево,
Кунцево,Западный,84,37.395100,55.743960,71.620000,Кунцево,
Кунцево,Западный,85,37.403062,55.744064,78.070000,Кунцево,
Кунцево,Западный,86,37.418984,55.744269,83.040000,Кунцево,
Кунцево,Западный,87,37.426946,55.744372,84.250000,Кунцево,
Кунцево,Западный,88,36.909090,55.745636,13.530000,Кунцево,
Кунцево,Западный,89,36.917050,55.745771,13.450000,Кунцево,
Кунцево,Западный,90,36.932969,55.746040,24.930000,Кунцево,
Кунцево,Западный,91,36.948888,55.746307,18.370000,Кунцево,
Кунцево,Западный,92,36.956848,55.746440,10.890000,Кунцево,
Кунцево,Западный,93,36.964808,55.746572,10.840000,Кунцево,
Кунцево,Западный,94,36.972768,55.746704,16.870000,Кунцево,
Кунцево,Западный,95,36.980728,55.746835,18.910000,Кунцево,
Кунцево,Западный,96,36.996648,55.747095,16.470000,Кунцево,
Кунцево,Западный,97,37.371030,55.748136,35.040000,Кунцево,
Кунцево,Западный,98,37.402878,55.748554,81.020000,Кунцево,
Кунцево,Западный,99,36.932731,55.750530,25.430000,Кунцево,
Кунцево,Западный,100,36.948653,55.750797,18.020000,Кунцево,
Кунцево,Западный,101,36.956613,55.750930,11.080000,Кунцево,
Кунцево,Западный,102,36.972535,55.751193,11.340000,Кунцево,
Кунцево,Западный,103,36.980496,55.751324,11.560000,Кунцево,
Кунцево,Западный,104,37.394731,55.752942,74.600000,Кунцево,
Кунцево,Западный,105,36.940455,55.755153,25.730000,Кунцево,
Кунцево,Западный,106,36.948417,55.755287,20.810000,Кунцево,
Кунцево,Западный,107,36.956379,55.755419,10.420000,Кунцево,
Кунцево,Западный,108,36.964340,55.755552,10.820000,Кунцево,
Кунцево,Западный,109,37.378619,55.757223,53.230000,Кунцево,
Кунцево,Западный,110,37.394547,55.757432,77.570000,Кунцево,
Кунцево,Западный,111,37.378433,55.761714,58.810000,Кунцево,
Кунцево,Западный,112,37.370281,55.766100,55.180000,Кунцево,
Кунцево,Западный,113,37.346194,55.770271,27.830000,Кунцево,
Кунцево,Западный,114,37.338036,55.774655,28.510000,Кунцево,
Кунцево,Западный,115,37.346003,55.774762,35.890000,Кунцево,
Кунцево,Западный,116,37.329877,55.779037,37.520000,Кунцево,
Кунцево,Западный,117,37.345813,55.779253,49.010000,Кунцево,
Кунцево,Западный,118,37.329685,55.783528,38.240000,Кунцево,
Кунцево,Западный,119,37.337654,55.783636,42.840000,Кунцево,
Кунцево,Западный,120,37.353592,55.783851,64.370000,Кунцево,
Кунцево,Западный,121,37.313553,55.787801,38.510000,Кунцево,
Кунцево,Западный,122,37.321523,55.787910,33.370000,Кунцево,
Кунцево,Западный,123,37.329493,55.788019,36.380000,Кунцево,
Кунцево,Западный,124,37.337463,55.788127,41.820000,Кунцево,
Кунцево,Западный,125,37.345433,55.788234,59.180000,Кунцево,
Кунцево,Западный,126,37.353403,55.788341,66.360000,Кунцево,
Кунцево,Западный,127,37.369343,55.788554,64.960000,Кунцево,
Кунцево,Западный,128,37.321329,55.792401,29.620000,Кунцево,
Кунцево,Западный,129,37.329300,55.792509,34.640000,Кунцево,
Кунцево,Западный,130,37.337271,55.792617,44.550000,Кунцево,
Кунцево,Западный,131,37.345242,55.792725,53.520000,Кунцево,
Кунцево,Западный,132,37.313164,55.796782,44.650000,Кунцево,
Кунцево,Западный,133,37.353024,55.797323,57.130000,Кунцево,
Кунцево,Западный,134,37.344861,55.801707,56.010000,Кунцево,
Кунцево,Западный,135,37.376566,55.806622,71.460000,Кунцево,
Кунцево,Западный,136,37.376379,55.811113,73.220000,Кунцево,
Куркино,Северо-Западный,1,37.389360,55.883176,72.050000,Куркино,
Куркино,Северо-Западный,2,37.405339,55.883384,73.580000,Куркино,
Куркино,Северо-Западный,3,37.381183,55.887562,73.590000,Куркино,
Куркино,Северо-Западный,4,37.389174,55.887667,78.210000,Куркино,
Куркино,Северо-Западный,5,37.397164,55.887771,78.440000,Куркино,
Куркино,Северо-Западный,6,37.380996,55.892053,77.050000,Куркино,
Куркино,Северо-Западный,7,37.388988,55.892157,80.590000,Куркино,
Куркино,Северо-Западный,8,37.380809,55.896543,75.350000,Куркино,
Куркино,Северо-Западный,9,37.388802,55.896648,79.030000,Куркино,
Куркино,Северо-Западный,10,37.396794,55.896753,78.670000,Куркино,
Куркино,Северо-Западный,11,37.364635,55.900823,62.360000,Куркино,
Куркино,Северо-Западный,12,37.372629,55.900929,66.870000,Куркино,
Куркино,Северо-Западный,13,37.388615,55.901139,76.700000,Куркино,
Куркино,Северо-Западный,14,37.396609,55.901243,77.390000,Куркино,
Куркино,Северо-Западный,15,37.380435,55.905525,72.840000,Куркино,
Куркино,Северо-Западный,16,37.388429,55.905630,75.310000,Куркино,
Куркино,Северо-Западный,17,37.388243,55.910120,73.210000,Куркино,
Левобережный,Северный,1,37.494447,55.853054,84.220000,Левобережный,
Левобережный,Северный,2,37.470319,55.857250,89.120000,Левобережный,
Левобережный,Северный,3,37.486289,55.857447,86.880000,Левобережный,
Левобережный,Северный,4,37.470143,55.861741,91.370000,Левобережный,
Левобережный,Северный,5,37.478128,55.861840,90.160000,Левобережный,
Левобережный,Северный,6,37.469966,55.866231,87.310000,Левобережный,
Левобережный,Северный,7,37.461802,55.870623,81.290000,Левобережный,
Левобережный,Северный,8,37.469790,55.870722,86.040000,Левобережный,
Левобережный,Северный,9,37.453636,55.875014,71.900000,Левобережный,
Левобережный,Северный,10,37.469613,55.875213,83.180000,Левобережный,
Левобережный,Северный,11,37.445469,55.879404,71.610000,Левобережный,
Левобережный,Северный,12,37.461447,55.879605,73.250000,Левобережный,
Лефортово,Юго-Восточный,1,37.721993,55.734316,80.650000,Лефортово,
Лефортово,Юго-Восточный,2,37.713885,55.738724,82.060000,Лефортово,
Лефортово,Юго-Восточный,3,37.721846,55.738807,79.310000,Лефортово,
Лефортово,Юго-Восточный,4,37.729808,55.738890,80.710000,Лефортово,
Лефортово,Юго-Восточный,5,37.697813,55.743048,83.720000,Лефортово,
Лефортово,Юго-Восточный,6,37.713737,55.743216,82.470000,Лефортово,
Лефортово,Юго-Восточный,7,37.721700,55.743299,81.670000,Лефортово,
Лефортово,Юго-Восточный,8,37.729662,55.743381,76.440000,Лефортово,
Лефортово,Юго-Восточный,9,37.689700,55.747455,86.410000,Лефортово,
Лефортово,Юго-Восточный,10,37.697663,55.747539,84.700000,Лефортово,
Лефортово,Юго-Восточный,11,37.705626,55.747624,86.420000,Лефортово,
Лефортово,Юго-Восточный,12,37.713590,55.747707,86.120000,Лефортово,
Лефортово,Юго-Восточный,13,37.673622,55.751775,89.600000,Лефортово,
Лефортово,Юго-Восточный,14,37.681586,55.751861,90.160000,Лефортово,
Лефортово,Юго-Восточный,15,37.689550,55.751946,86.700000,Лефортово,
Лефортово,Юго-Восточный,16,37.697514,55.752031,84.360000,Лефортово,
Лефортово,Юго-Восточный,17,37.705478,55.752115,87.260000,Лефортово,
Лефортово,Юго-Восточный,18,37.713442,55.752199,87.560000,Лефортово,
Лефортово,Юго-Восточный,19,37.673470,55.756267,89.670000,Лефортово,
Лефортово,Юго-Восточный,20,37.681434,55.756353,85.360000,Лефортово,
Лефортово,Юго-Восточный,21,37.689399,55.756438,84.240000,Лефортово,
Лефортово,Юго-Восточный,22,37.697364,55.756522,86.280000,Лефортово,
Лефортово,Юго-Восточный,23,37.705329,55.756607,88.430000,Лефортово,
Лефортово,Юго-Восточный,24,37.713294,55.756690,89.010000,Лефортово,
Лефортово,Юго-Восточный,25,37.689248,55.760929,82.040000,Лефортово,
Лефортово,Юго-Восточный,26,37.705180,55.761098,90.150000,Лефортово,
Лефортово,Юго-Восточный,27,37.713146,55.761182,89.150000,Лефортово,
Лефортово,Юго-Восточный,28,37.705031,55.765590,90.180000,Лефортово,
Лефортово,Юго-Восточный,29,37.712998,55.765673,88.860000,Лефортово,
Лефортово,Юго-Восточный,30,37.712702,55.774656,88.640000,Лефортово,
Лианозово,Северо-Восточный,1,37.572972,55.889934,83.440000,Лианозово,
Лианозово,Северо-Восточный,2,37.580963,55.890027,85.350000,Лианозово,
Лианозово,Северо-Восточный,3,37.572807,55.894425,86.790000,Лианозово,
Лианозово,Северо-Восточный,4,37.580799,55.894518,88.400000,Лианозово,
Лианозово,Северо-Восточный,5,37.556655,55.898730,86.820000,Лианозово,
Лианозово,Северо-Восточный,6,37.564648,55.898824,87.880000,Лианозово,
Лианозово,Северо-Восточный,7,37.580635,55.899009,90.280000,Лианозово,
Лианозово,Северо-Восточный,8,37.540499,55.903033,85.740000,Лианозово,
Лианозово,Северо-Восточный,9,37.548493,55.903127,87.980000,Лианозово,
Лианозово,Северо-Восточный,10,37.556488,55.903221,85.550000,Лианозово,
Лианозово,Северо-Восточный,11,37.572477,55.903408,85.330000,Лианозово,
Лианозово,Северо-Восточный,12,37.580471,55.903500,89.530000,Лианозово,
Лианозово,Северо-Восточный,13,37.548326,55.907619,84.420000,Лианозово,
Лианозово,Северо-Восточный,14,37.556321,55.907713,80.080000,Лианозово,
Лианозово,Северо-Восточный,15,37.564316,55.907806,77.710000,Лианозово,
Лианозово,Северо-Восточный,16,37.572312,55.907899,81.470000,Лианозово,
Ломоносовский,Юго-Западный,1,37.533312,55.669303,87.230000,Ломоносовский,
Ломоносовский,Юго-Западный,2,37.541259,55.669397,86.450000,Ломоносовский,
Ломоносовский,Юго-Западный,3,37.525197,55.673699,90.140000,Ломоносовский,
Ломоносовский,Юго-Западный,4,37.533144,55.673794,87.970000,Ломоносовский,
Ломоносовский,Юго-Западный,5,37.541092,55.673889,86.370000,Ломоносовский,
Ломоносовский,Юго-Западный,6,37.517079,55.678094,87.440000,Ломоносовский,
Ломоносовский,Юго-Западный,7,37.525028,55.678190,89.800000,Ломоносовский,
Ломоносовский,Юго-Западный,8,37.540925,55.678380,87.330000,Ломоносовский,
Ломоносовский,Юго-Западный,9,37.548873,55.678474,85.580000,Ломоносовский,
Ломоносовский,Юго-Западный,10,37.516909,55.682585,87.720000,Ломоносовский,
Ломоносовский,Юго-Западный,11,37.524859,55.682681,84.740000,Ломоносовский,
Ломоносовский,Юго-Западный,12,37.532808,55.682776,86.660000,Ломоносовский,
Ломоносовский,Юго-Западный,13,37.540757,55.682871,86.280000,Ломоносовский,
Ломоносовский,Юго-Западный,14,37.532640,55.687268,86.170000,Ломоносовский,
Лосиноостровский,Северо-Восточный,1,37.685772,55.864232,84.090000,Лосиноостровский,
Лосиноостровский,Северо-Восточный,2,37.693457,55.873300,83.510000,Лосиноостровский,
Лосиноостровский,Северо-Восточный,3,37.685316,55.877706,83.770000,Лосиноостровский,
Лосиноостровский,Северо-Восточный,4,37.693306,55.877791,82.100000,Лосиноостровский,
Лосиноостровский,Северо-Восточный,5,37.701296,55.877876,79.180000,Лосиноостровский,
Лосиноостровский,Северо-Восточный,6,37.677174,55.882112,82.580000,Лосиноостровский,
Лосиноостровский,Северо-Восточный,7,37.685165,55.882198,82.720000,Лосиноостровский,
Лосиноостровский,Северо-Восточный,8,37.693155,55.882283,82.350000,Лосиноостровский,
Лосиноостровский,Северо-Восточный,9,37.709136,55.882451,77.160000,Лосиноостровский,
Лосиноостровский,Северо-Восточный,10,37.685013,55.886689,82.470000,Лосиноостровский,
Лосиноостровский,Северо-Восточный,11,37.693004,55.886774,80.150000,Лосиноостровский,
Лосиноостровский,Северо-Восточный,12,37.700996,55.886859,77.060000,Лосиноостровский,
Лосиноостровский,Северо-Восточный,13,37.708987,55.886943,73.700000,Лосиноостровский,
Лосиноостровский,Северо-Восточный,14,37.716979,55.887026,73.990000,Лосиноостровский,
Лосиноостровский,Северо-Восточный,15,37.692853,55.891266,74.820000,Лосиноостровский,
Лосиноостровский,Северо-Восточный,16,37.700846,55.891350,68.630000,Лосиноостровский,
Люблино,Юго-Восточный,1,37.724482,55.657959,85.770000,Люблино,
Люблино,Юго-Восточный,2,37.788043,55.658603,66.930000,Люблино,
Люблино,Юго-Восточный,3,37.795988,55.658681,56.620000,Люблино,
Люблино,Юго-Восточный,4,37.803934,55.658759,51.100000,Люблино,
Люблино,Юго-Восточный,5,37.811879,55.658836,53.530000,Люблино,
Люблино,Юго-Восточный,6,37.724336,55.662450,85.930000,Люблино,
Люблино,Юго-Восточный,7,37.732282,55.662533,81.060000,Люблино,
Люблино,Юго-Восточный,8,37.740228,55.662615,85.040000,Люблино,
Люблино,Юго-Восточный,9,37.803797,55.663251,47.550000,Люблино,
Люблино,Юго-Восточный,10,37.724190,55.666942,83.900000,Люблино,
Люблино,Юго-Восточный,11,37.732137,55.667024,84.090000,Люблино,
Люблино,Юго-Восточный,12,37.740084,55.667106,84.620000,Люблино,
Люблино,Юго-Восточный,13,37.748030,55.667188,88.130000,Люблино,
Люблино,Юго-Восточный,14,37.755977,55.667268,87.910000,Люблино,
Люблино,Юго-Восточный,15,37.771871,55.667428,83.360000,Люблино,
Люблино,Юго-Восточный,16,37.779818,55.667508,79.270000,Люблино,
Люблино,Юго-Восточный,17,37.787765,55.667586,73.470000,Люблино,
Люблино,Юго-Восточный,18,37.803660,55.667742,53.070000,Люблино,
Люблино,Юго-Восточный,19,37.731992,55.671516,86.520000,Люблино,
Люблино,Юго-Восточный,20,37.739939,55.671598,87.190000,Люблино,
Люблино,Юго-Восточный,21,37.755835,55.671760,89.700000,Люблино,
Люблино,Юго-Восточный,22,37.763783,55.671840,88.440000,Люблино,
Люблино,Юго-Восточный,23,37.771731,55.671920,86.210000,Люблино,
Люблино,Юго-Восточный,24,37.779679,55.671999,81.180000,Люблино,
Люблино,Юго-Восточный,25,37.787627,55.672078,75.140000,Люблино,
Люблино,Юго-Восточный,26,37.803523,55.672234,60.050000,Люблино,
Люблино,Юго-Восточный,27,37.731846,55.676008,87.380000,Люблино,
Люблино,Юго-Восточный,28,37.739795,55.676089,89.270000,Люблино,
Люблино,Юго-Восточный,29,37.747744,55.676171,88.970000,Люблино,
Люблино,Юго-Восточный,30,37.755692,55.676252,89.880000,Люблино,
Люблино,Юго-Восточный,31,37.771590,55.676412,87.880000,Люблино,
Люблино,Юго-Восточный,32,37.779539,55.676491,83.960000,Люблино,
Люблино,Юго-Восточный,33,37.787488,55.676570,74.980000,Люблино,
Люблино,Юго-Восточный,34,37.803385,55.676726,64.220000,Люблино,
Люблино,Юго-Восточный,35,37.819284,55.676880,51.570000,Люблино,
Люблино,Юго-Восточный,36,37.827233,55.676956,49.480000,Люблино,
Люблино,Юго-Восточный,37,37.731701,55.680499,90.430000,Люблино,
Люблино,Юго-Восточный,38,37.739650,55.680581,92.890000,Люблино,
Люблино,Юго-Восточный,39,37.747600,55.680662,92.760000,Люблино,
Люблино,Юго-Восточный,40,37.755550,55.680743,93.830000,Люблино,
Люблино,Юго-Восточный,41,37.763499,55.680824,92.070000,Люблино,
Люблино,Юго-Восточный,42,37.771449,55.680903,88.220000,Люблино,
Люблино,Юго-Восточный,43,37.779399,55.680983,83.670000,Люблино,
Люблино,Юго-Восточный,44,37.787349,55.681062,73.010000,Люблино,
Люблино,Юго-Восточный,45,37.739506,55.685073,94.370000,Люблино,
Люблино,Юго-Восточный,46,37.747457,55.685154,93.300000,Люблино,
Люблино,Юго-Восточный,47,37.755407,55.685235,92.700000,Люблино,
Люблино,Юго-Восточный,48,37.763358,55.685315,89.250000,Люблино,
Люблино,Юго-Восточный,49,37.771308,55.685395,81.590000,Люблино,
Люблино,Юго-Восточный,50,37.755264,55.689727,93.000000,Люблино,
Марушкинское,Новомосковский,1,37.244747,55.544190,9.790000,Марушкинское,
Марушкинское,Новомосковский,2,37.212862,55.548222,12.300000,Марушкинское,
Марушкинское,Новомосковский,3,37.220783,55.548338,8.840000,Марушкинское,
Марушкинское,Новомосковский,4,37.228704,55.548452,9.160000,Марушкинское,
Марушкинское,Новомосковский,5,37.236625,55.548567,9.700000,Марушкинское,
Марушкинское,Новомосковский,6,37.244547,55.548680,9.400000,Марушкинское,
Марушкинское,Новомосковский,7,37.212659,55.552713,11.270000,Марушкинское,
Марушкинское,Новомосковский,8,37.220580,55.552828,8.950000,Марушкинское,
Марушкинское,Новомосковский,9,37.228502,55.552943,11.240000,Марушкинское,
Марушкинское,Новомосковский,10,37.236424,55.553057,12.340000,Марушкинское,
Марушкинское,Новомосковский,11,37.244346,55.553171,12.380000,Марушкинское,
Марушкинское,Новомосковский,12,37.252268,55.553284,12.540000,Марушкинское,
Марушкинское,Новомосковский,13,37.180764,55.556737,18.680000,Марушкинское,
Марушкинское,Новомосковский,14,37.188687,55.556854,14.310000,Марушкинское,
Марушкинское,Новомосковский,15,37.196609,55.556971,12.430000,Марушкинское,
Марушкинское,Новомосковский,16,37.204532,55.557088,11.470000,Марушкинское,
Марушкинское,Новомосковский,17,37.252069,55.557775,16.280000,Марушкинское,
Марушкинское,Новомосковский,18,37.180557,55.561228,23.410000,Марушкинское,
Марушкинское,Новомосковский,19,37.188480,55.561345,21.030000,Марушкинское,
Марушкинское,Новомосковский,20,37.204327,55.561578,12.530000,Марушкинское,
Марушкинское,Новомосковский,21,37.212251,55.561694,9.060000,Марушкинское,
Марушкинское,Новомосковский,22,37.228098,55.561924,13.390000,Марушкинское,
Марушкинское,Новомосковский,23,37.236022,55.562039,16.170000,Марушкинское,
Марушкинское,Новомосковский,24,37.243946,55.562152,18.360000,Марушкинское,
Марушкинское,Новомосковский,25,37.116957,55.564760,16.070000,Марушкинское,
Марушкинское,Новомосковский,26,37.148653,55.565243,27.000000,Марушкинское,
Марушкинское,Новомосковский,27,37.180349,55.565718,24.870000,Марушкинское,
Марушкинское,Новомосковский,28,37.188274,55.565836,25.460000,Марушкинское,
Марушкинское,Новомосковский,29,37.196198,55.565952,22.860000,Марушкинское,
Марушкинское,Новомосковский,30,37.204122,55.566069,18.880000,Марушкинское,
Марушкинское,Новомосковский,31,37.227896,55.566415,13.380000,Марушкинское,
Марушкинское,Новомосковский,32,37.235821,55.566529,16.060000,Марушкинское,
Марушкинское,Новомосковский,33,37.243745,55.566643,17.840000,Марушкинское,
Марушкинское,Новомосковский,34,37.116742,55.569251,20.040000,Марушкинское,
Марушкинское,Новомосковский,35,37.148441,55.569734,30.390000,Марушкинское,
Марушкинское,Новомосковский,36,37.156366,55.569853,24.200000,Марушкинское,
Марушкинское,Новомосковский,37,37.235619,55.571020,18.210000,Марушкинское,
Марушкинское,Новомосковский,38,37.243545,55.571134,24.250000,Марушкинское,
Марушкинское,Новомосковский,39,37.108601,55.573619,33.110000,Марушкинское,
Марушкинское,Новомосковский,40,37.116527,55.573741,34.330000,Марушкинское,
Марушкинское,Новомосковский,41,37.124453,55.573863,42.060000,Марушкинское,
Марушкинское,Новомосковский,42,37.132378,55.573984,46.310000,Марушкинское,
Марушкинское,Новомосковский,43,37.140304,55.574104,44.890000,Марушкинское,
Марушкинское,Новомосковский,44,37.148230,55.574224,36.730000,Марушкинское,
Марушкинское,Новомосковский,45,37.156156,55.574344,30.780000,Марушкинское,
Марушкинское,Новомосковский,46,37.164082,55.574463,28.130000,Марушкинское,
Марушкинское,Новомосковский,47,37.172008,55.574581,23.930000,Марушкинское,
Марушкинское,Новомосковский,48,37.195786,55.574934,24.350000,Марушкинское,
Марушкинское,Новомосковский,49,37.203712,55.575050,23.380000,Марушкинское,
Марушкинское,Новомосковский,50,37.219565,55.575281,15.440000,Марушкинское,
Марушкинское,Новомосковский,51,37.235418,55.575511,24.500000,Марушкинское,
Марушкинское,Новомосковский,52,37.243344,55.575624,24.350000,Марушкинское,
Марушкинское,Новомосковский,53,37.259198,55.575851,31.000000,Марушкинское,
Марушкинское,Новомосковский,54,37.100459,55.577987,34.710000,Марушкинское,
Марушкинское,Новомосковский,55,37.116312,55.578232,46.020000,Марушкинское,
Марушкинское,Новомосковский,56,37.124239,55.578353,50.910000,Марушкинское,
Марушкинское,Новомосковский,57,37.132165,55.578474,51.950000,Марушкинское,
Марушкинское,Новомосковский,58,37.140092,55.578595,51.890000,Марушкинское,
Марушкинское,Новомосковский,59,37.148019,55.578715,45.130000,Марушкинское,
Марушкинское,Новомосковский,60,37.155945,55.578834,35.590000,Марушкинское,
Марушкинское,Новомосковский,61,37.163872,55.578953,32.660000,Марушкинское,
Марушкинское,Новомосковский,62,37.171799,55.579072,32.820000,Марушкинское,
Марушкинское,Новомосковский,63,37.179726,55.579190,33.840000,Марушкинское,
Марушкинское,Новомосковский,64,37.187653,55.579307,33.530000,Марушкинское,
Марушкинское,Новомосковский,65,37.195580,55.579424,32.260000,Марушкинское,
Марушкинское,Новомосковский,66,37.203507,55.579541,28.650000,Марушкинское,
Марушкинское,Новомосковский,67,37.211434,55.579657,27.160000,Марушкинское,
Марушкинское,Новомосковский,68,37.235216,55.580001,25.970000,Марушкинское,
Марушкинское,Новомосковский,69,37.243144,55.580115,28.070000,Марушкинское,
Марушкинское,Новомосковский,70,37.258999,55.580341,34.340000,Марушкинское,
Марушкинское,Новомосковский,71,37.100242,55.582477,36.150000,Марушкинское,
Марушкинское,Новомосковский,72,37.108170,55.582600,41.930000,Марушкинское,
Марушкинское,Новомосковский,73,37.116097,55.582722,48.650000,Марушкинское,
Марушкинское,Новомосковский,74,37.124024,55.582843,54.440000,Марушкинское,
Марушкинское,Новомосковский,75,37.131952,55.582965,52.570000,Марушкинское,
Марушкинское,Новомосковский,76,37.139879,55.583085,49.620000,Марушкинское,
Марушкинское,Новомосковский,77,37.147807,55.583205,39.840000,Марушкинское,
Марушкинское,Новомосковский,78,37.155735,55.583325,40.070000,Марушкинское,
Марушкинское,Новомосковский,79,37.163663,55.583444,39.110000,Марушкинское,
Марушкинское,Новомосковский,80,37.171590,55.583562,42.900000,Марушкинское,
Марушкинское,Новомосковский,81,37.179518,55.583680,43.860000,Марушкинское,
Марушкинское,Новомосковский,82,37.195374,55.583915,40.110000,Марушкинское,
Марушкинское,Новомосковский,83,37.203302,55.584031,34.470000,Марушкинское,
Марушкинское,Новомосковский,84,37.211230,55.584147,35.640000,Марушкинское,
Марушкинское,Новомосковский,85,37.219158,55.584263,29.480000,Марушкинское,
Марушкинское,Новомосковский,86,37.227087,55.584377,29.210000,Марушкинское,
Марушкинское,Новомосковский,87,37.092097,55.586844,26.490000,Марушкинское,
Марушкинское,Новомосковский,88,37.100025,55.586968,36.240000,Марушкинское,
Марушкинское,Новомосковский,89,37.107953,55.587090,45.120000,Марушкинское,
Марушкинское,Новомосковский,90,37.115882,55.587212,52.280000,Марушкинское,
Марушкинское,Новомосковский,91,37.123810,55.587334,51.910000,Марушкинское,
Марушкинское,Новомосковский,92,37.131739,55.587455,50.850000,Марушкинское,
Марушкинское,Новомосковский,93,37.187239,55.588288,42.480000,Марушкинское,
Марушкинское,Новомосковский,94,37.195168,55.588405,46.660000,Марушкинское,
Марушкинское,Новомосковский,95,37.203097,55.588522,48.210000,Марушкинское,
Марушкинское,Новомосковский,96,37.211026,55.588638,47.460000,Марушкинское,
Марушкинское,Новомосковский,97,37.218955,55.588753,40.920000,Марушкинское,
Марушкинское,Новомосковский,98,37.226884,55.588868,36.020000,Марушкинское,
Марушкинское,Новомосковский,99,37.091879,55.591335,33.400000,Марушкинское,
Марушкинское,Новомосковский,100,37.099808,55.591458,44.810000,Марушкинское,
Марушкинское,Новомосковский,101,37.107737,55.591580,50.240000,Марушкинское,
Марушкинское,Новомосковский,102,37.115667,55.591703,54.120000,Марушкинское,
Марушкинское,Новомосковский,103,37.123596,55.591824,50.670000,Марушкинское,
Марушкинское,Новомосковский,104,37.131525,55.591945,39.060000,Марушкинское,
Марушкинское,Новомосковский,105,37.139455,55.592066,29.390000,Марушкинское,
Марушкинское,Новомосковский,106,37.187032,55.592779,37.240000,Марушкинское,
Марушкинское,Новомосковский,107,37.202892,55.593012,52.520000,Марушкинское,
Марушкинское,Новомосковский,108,37.210822,55.593128,52.060000,Марушкинское,
Марушкинское,Новомосковский,109,37.218752,55.593244,46.940000,Марушкинское,
Марушкинское,Новомосковский,110,37.226682,55.593359,38.780000,Марушкинское,
Марушкинское,Новомосковский,111,37.234612,55.593473,37.820000,Марушкинское,
Марушкинское,Новомосковский,112,37.099591,55.595948,48.970000,Марушкинское,
Марушкинское,Новомосковский,113,37.107521,55.596071,50.510000,Марушкинское,
Марушкинское,Новомосковский,114,37.115451,55.596193,52.170000,Марушкинское,
Марушкинское,Новомосковский,115,37.123381,55.596315,48.880000,Марушкинское,
Марушкинское,Новомосковский,116,37.131312,55.596436,25.120000,Марушкинское,
Марушкинское,Новомосковский,117,37.194756,55.597386,53.390000,Марушкинское,
Марушкинское,Новомосковский,118,37.202686,55.597503,55.870000,Марушкинское,
Марушкинское,Новомосковский,119,37.210617,55.597619,53.410000,Марушкинское,
Марушкинское,Новомосковский,120,37.226479,55.597849,37.580000,Марушкинское,
Марушкинское,Новомосковский,121,37.234410,55.597964,39.120000,Марушкинское,
Марушкинское,Новомосковский,122,37.242341,55.598078,42.970000,Марушкинское,
Марушкинское,Новомосковский,123,37.099374,55.600438,35.750000,Марушкинское,
Марушкинское,Новомосковский,124,37.107305,55.600561,47.040000,Марушкинское,
Марушкинское,Новомосковский,125,37.115236,55.600683,47.060000,Марушкинское,
Марушкинское,Новомосковский,126,37.194549,55.601877,53.660000,Марушкинское,
Марушкинское,Новомосковский,127,37.202481,55.601993,51.590000,Марушкинское,
Марушкинское,Новомосковский,128,37.210413,55.602109,47.830000,Марушкинское,
Марушкинское,Новомосковский,129,37.218345,55.602225,38.950000,Марушкинское,
Марушкинское,Новомосковский,130,37.226276,55.602340,30.330000,Марушкинское,
Марушкинское,Новомосковский,131,37.234208,55.602454,37.650000,Марушкинское,
Марушкинское,Новомосковский,132,37.242140,55.602568,44.860000,Марушкинское,
Марушкинское,Новомосковский,133,37.115021,55.605174,37.650000,Марушкинское,
Марушкинское,Новомосковский,134,37.202276,55.606484,46.370000,Марушкинское,
Марушкинское,Новомосковский,135,37.218141,55.606716,33.210000,Марушкинское,
Марушкинское,Новомосковский,136,37.226074,55.606831,27.110000,Марушкинское,
Марушкинское,Новомосковский,137,37.234006,55.606945,34.800000,Марушкинское,
Марушкинское,Новомосковский,138,37.225871,55.611321,29.060000,Марушкинское,
Марушкинское,Новомосковский,139,37.217734,55.615697,40.820000,Марушкинское,
Марфино,Северо-Восточный,1,37.599373,55.822841,85.520000,Марфино,
Марфино,Северо-Восточный,2,37.591233,55.827242,84.940000,Марфино,
Марфино,Северо-Восточный,3,37.599212,55.827333,84.550000,Марфино,
Марфино,Северо-Восточный,4,37.583090,55.831641,85.310000,Марфино,
Марфино,Северо-Восточный,5,37.591070,55.831733,83.280000,Марфино,
Марфино,Северо-Восточный,6,37.582764,55.840624,84.060000,Марфино,
Марфино,Северо-Восточный,7,37.582600,55.845115,84.640000,Марфино,
Марфино,Северо-Восточный,8,37.590583,55.845206,82.820000,Марфино,
Марьина Роща,Северо-Восточный,1,37.608633,55.787002,88.300000,Марьина Роща,
Марьина Роща,Северо-Восточный,2,37.616604,55.787092,89.150000,Марьина Роща,
Марьина Роща,Северо-Восточный,3,37.600502,55.791403,86.950000,Марьина Роща,
Марьина Роща,Северо-Восточный,4,37.608473,55.791493,88.820000,Марьина Роща,
Марьина Роща,Северо-Восточный,5,37.592368,55.795803,88.160000,Марьина Роща,
Марьина Роща,Северо-Восточный,6,37.600340,55.795894,87.160000,Марьина Роща,
Марьина Роща,Северо-Восточный,7,37.608313,55.795984,88.720000,Марьина Роща,
Марьина Роща,Северо-Восточный,8,37.616286,55.796074,88.850000,Марьина Роща,
Марьина Роща,Северо-Восточный,9,37.624258,55.796164,87.160000,Марьина Роща,
Марьина Роща,Северо-Восточный,10,37.632231,55.796253,84.230000,Марьина Роща,
Марьина Роща,Северо-Восточный,11,37.600179,55.800385,84.030000,Марьина Роща,
Марьина Роща,Северо-Восточный,12,37.608153,55.800476,87.560000,Марьина Роща,
Марьина Роща,Северо-Восточный,13,37.616126,55.800566,87.710000,Марьина Роща,
Марьина Роща,Северо-Восточный,14,37.624100,55.800655,84.210000,Марьина Роща,
Марьина Роща,Северо-Восточный,15,37.600018,55.804876,80.020000,Марьина Роща,
Марьина Роща,Северо-Восточный,16,37.607993,55.804967,82.540000,Марьина Роща,
Марьина Роща,Северо-Восточный,17,37.615967,55.805057,83.930000,Марьина Роща,
Марьино,Юго-Восточный,1,37.701094,55.644234,84.820000,Марьино,
Марьино,Юго-Восточный,2,37.709036,55.644318,80.570000,Марьино,
Марьино,Юго-Восточный,3,37.716978,55.644401,79.370000,Марьино,
Марьино,Юго-Восточный,4,37.724920,55.644484,78.340000,Марьино,
Марьино,Юго-Восточный,5,37.732862,55.644566,86.300000,Марьино,
Марьино,Юго-Восточный,6,37.740805,55.644648,87.820000,Марьино,
Марьино,Юго-Восточный,7,37.748747,55.644729,88.190000,Марьино,
Марьино,Юго-Восточный,8,37.708888,55.648809,82.460000,Марьино,
Марьино,Юго-Восточный,9,37.716831,55.648893,81.160000,Марьино,
Марьино,Юго-Восточный,10,37.724774,55.648976,80.960000,Марьино,
Марьино,Юго-Восточный,11,37.732717,55.649058,87.360000,Марьино,
Марьино,Юго-Восточный,12,37.740661,55.649140,87.700000,Марьино,
Марьино,Юго-Восточный,13,37.748604,55.649221,87.910000,Марьино,
Марьино,Юго-Восточный,14,37.756547,55.649302,85.080000,Марьино,
Марьино,Юго-Восточный,15,37.764490,55.649382,80.850000,Марьино,
Марьино,Юго-Восточный,16,37.708740,55.653301,80.860000,Марьино,
Марьино,Юго-Восточный,17,37.716684,55.653384,86.110000,Марьино,
Марьино,Юго-Восточный,18,37.724628,55.653467,84.940000,Марьино,
Марьино,Юго-Восточный,19,37.732572,55.653550,86.570000,Марьино,
Марьино,Юго-Восточный,20,37.740516,55.653631,87.610000,Марьино,
Марьино,Юго-Восточный,21,37.748461,55.653713,86.970000,Марьино,
Марьино,Юго-Восточный,22,37.764349,55.653874,82.280000,Марьино,
Марьино,Юго-Восточный,23,37.772293,55.653953,80.110000,Марьино,
Марьино,Юго-Восточный,24,37.716537,55.657876,83.970000,Марьино,
Марьино,Юго-Восточный,25,37.732427,55.658041,81.160000,Марьино,
Марьино,Юго-Восточный,26,37.740372,55.658123,86.260000,Марьино,
Марьино,Юго-Восточный,27,37.748317,55.658204,88.080000,Марьино,
Марьино,Юго-Восточный,28,37.756262,55.658285,88.670000,Марьино,
Марьино,Юго-Восточный,29,37.764207,55.658365,86.960000,Марьино,
Марьино,Юго-Восточный,30,37.772153,55.658445,80.380000,Марьино,
Марьино,Юго-Восточный,31,37.748174,55.662696,88.220000,Марьино,
Марьино,Юго-Восточный,32,37.772012,55.662937,82.630000,Марьино,
Марьино,Юго-Восточный,33,37.779958,55.663016,76.950000,Марьино,
Марьино,Юго-Восточный,34,37.763924,55.667349,85.710000,Марьино,
Матушкино,Зеленоградский,1,37.208632,55.988518,79.400000,Матушкино,
Матушкино,Зеленоградский,2,37.208425,55.993009,82.170000,Матушкино,
Матушкино,Зеленоградский,3,37.208217,55.997499,80.910000,Матушкино,
Матушкино,Зеленоградский,4,37.208009,56.001989,79.250000,Матушкино,
Матушкино,Зеленоградский,5,37.183758,56.006128,63.490000,Матушкино,
Матушкино,Зеленоградский,6,37.191773,56.006245,72.910000,Матушкино,
Матушкино,Зеленоградский,7,37.199787,56.006363,77.270000,Матушкино,
Матушкино,Зеленоградский,8,37.207801,56.006480,78.160000,Матушкино,
Матушкино,Зеленоградский,9,37.183548,56.010618,60.080000,Матушкино,
Матушкино,Зеленоградский,10,37.191563,56.010736,69.860000,Матушкино,
Матушкино,Зеленоградский,11,37.199578,56.010853,74.220000,Матушкино,
Матушкино,Зеленоградский,12,37.207593,56.010970,74.550000,Матушкино,
Матушкино,Зеленоградский,13,37.199369,56.015343,64.750000,Матушкино,
Матушкино,Зеленоградский,14,37.207385,56.015460,68.060000,Матушкино,
Метрогородок,Восточный,1,37.743276,55.815410,83.300000,Метрогородок,
Метрогородок,Восточный,2,37.751253,55.815491,76.910000,Метрогородок,
Метрогородок,Восточный,3,37.759230,55.815572,76.710000,Метрогородок,
Метрогородок,Восточный,4,37.735153,55.819820,84.320000,Метрогородок,
Метрогородок,Восточный,5,37.743131,55.819901,83.310000,Метрогородок,
Метрогородок,Восточный,6,37.751109,55.819983,80.140000,Метрогородок,
Метрогородок,Восточный,7,37.767065,55.820144,71.700000,Метрогородок,
Метрогородок,Восточный,8,37.775043,55.820223,67.940000,Метрогородок,
Метрогородок,Восточный,9,37.719050,55.824146,76.310000,Метрогородок,
Метрогородок,Восточный,10,37.750965,55.824474,77.450000,Метрогородок,
Метрогородок,Восточный,11,37.758944,55.824555,74.660000,Метрогородок,
Метрогородок,Восточный,12,37.766923,55.824635,69.150000,Метрогородок,
Метрогородок,Восточный,13,37.774902,55.824715,65.630000,Метрогородок,
Метрогородок,Восточный,14,37.726882,55.828720,59.070000,Метрогородок,
Метрогородок,Восточный,15,37.758801,55.829046,68.990000,Метрогородок,
Метрогородок,Восточный,16,37.710774,55.833046,51.530000,Метрогородок,
Метрогородок,Восточный,17,37.678699,55.837198,68.700000,Метрогородок,
Метрогородок,Восточный,18,37.678547,55.841690,68.200000,Метрогородок,
Мещанский,Центральный,1,37.625524,55.760233,85.420000,Мещанский,
Мещанский,Центральный,2,37.625366,55.764724,87.090000,Мещанский,
Мещанский,Центральный,3,37.625208,55.769216,88.940000,Мещанский,
Мещанский,Центральный,4,37.625050,55.773707,90.790000,Мещанский,
Мещанский,Центральный,5,37.633018,55.773796,88.970000,Мещанский,
Мещанский,Центральный,6,37.624891,55.778198,90.030000,Мещанский,
Мещанский,Центральный,7,37.632861,55.778287,89.730000,Мещанский,
Мещанский,Центральный,8,37.624733,55.782690,89.760000,Мещанский,
Мещанский,Центральный,9,37.632703,55.782779,89.370000,Мещанский,
Мещанский,Центральный,10,37.640673,55.782867,83.970000,Мещанский,
Мещанский,Центральный,11,37.624575,55.787181,88.830000,Мещанский,
Мещанский,Центральный,12,37.632546,55.787270,88.240000,Мещанский,
Мещанский,Центральный,13,37.640517,55.787358,83.420000,Мещанский,
Мещанский,Центральный,14,37.616445,55.791583,88.920000,Мещанский,
Мещанский,Центральный,15,37.624417,55.791672,87.630000,Мещанский,
Мещанский,Центральный,16,37.632389,55.791761,86.550000,Мещанский,
Мещанский,Центральный,17,37.640360,55.791850,84.240000,Мещанский,
Митино,Северо-Западный,1,37.351885,55.824267,75.890000,Митино,
Митино,Северо-Западный,2,37.351695,55.828758,78.050000,Митино,
Митино,Северо-Западный,3,37.359674,55.828865,80.300000,Митино,
Митино,Северо-Западный,4,37.367652,55.828971,79.680000,Митино,
Митино,Северо-Западный,5,37.351505,55.833249,79.340000,Митино,
Митино,Северо-Западный,6,37.359485,55.833355,81.870000,Митино,
Митино,Северо-Западный,7,37.375444,55.833567,79.950000,Митино,
Митино,Северо-Западный,8,37.391403,55.833777,80.430000,Митино,
Митино,Северо-Западный,9,37.343335,55.837632,78.080000,Митино,
Митино,Северо-Западный,10,37.351315,55.837740,83.500000,Митино,
Митино,Северо-Западный,11,37.383237,55.838163,83.280000,Митино,
Митино,Северо-Западный,12,37.391217,55.838268,82.990000,Митино,
Митино,Северо-Западный,13,37.351125,55.842230,88.010000,Митино,
Митино,Северо-Западный,14,37.367088,55.842443,91.000000,Митино,
Митино,Северо-Западный,15,37.375069,55.842549,87.910000,Митино,
Митино,Северо-Западный,16,37.383050,55.842654,82.870000,Митино,
Митино,Северо-Западный,17,37.334971,55.846506,74.720000,Митино,
Митино,Северо-Западный,18,37.342953,55.846614,83.130000,Митино,
Митино,Северо-Западный,19,37.350935,55.846721,89.680000,Митино,
Митино,Северо-Западный,20,37.366899,55.846934,90.440000,Митино,
Митино,Северо-Западный,21,37.374882,55.847040,88.480000,Митино,
Митино,Северо-Западный,22,37.382864,55.847145,80.030000,Митино,
Митино,Северо-Западный,23,37.342762,55.851104,86.880000,Митино,
Митино,Северо-Западный,24,37.350745,55.851212,89.560000,Митино,
Митино,Северо-Западный,25,37.358728,55.851318,90.130000,Митино,
Митино,Северо-Западный,26,37.366711,55.851425,90.360000,Митино,
Митино,Северо-Западный,27,37.382677,55.851636,74.290000,Митино,
Митино,Северо-Западный,28,37.342571,55.855595,85.830000,Митино,
Митино,Северо-Западный,29,37.350555,55.855702,88.520000,Митино,
Митино,Северо-Западный,30,37.358539,55.855809,88.860000,Митино,
Митино,Северо-Западный,31,37.350364,55.860193,85.430000,Митино,
Митино,Северо-Западный,32,37.358349,55.860300,84.910000,Митино,
Митино,Северо-Западный,33,37.366334,55.860406,82.290000,Митино,
Митино,Северо-Западный,34,37.374319,55.860512,74.870000,Митино,
Митино,Северо-Западный,35,37.366146,55.864897,75.290000,Митино,
Митино,Северо-Западный,36,37.374131,55.865003,72.120000,Митино,
Михайлово-Ярцевское,Троицкий,1,37.110584,55.366938,8.290000,Михайлово-Ярцевское,
Михайлово-Ярцевское,Троицкий,2,37.118468,55.367060,8.910000,Михайлово-Ярцевское,
Михайлово-Ярцевское,Троицкий,3,37.094600,55.371184,7.950000,Михайлово-Ярцевское,
Михайлово-Ярцевское,Троицкий,4,37.102485,55.371306,7.790000,Михайлово-Ярцевское,
Михайлово-Ярцевское,Троицкий,5,37.110370,55.371428,8.300000,Михайлово-Ярцевское,
Михайлово-Ярцевское,Троицкий,6,37.189224,55.372622,15.520000,Михайлово-Ярцевское,
Михайлово-Ярцевское,Троицкий,7,37.086498,55.375551,7.750000,Михайлово-Ярцевское,
Михайлово-Ярцевское,Троицкий,8,37.094384,55.375674,7.770000,Михайлово-Ярцевское,
Михайлово-Ярцевское,Троицкий,9,37.102270,55.375797,7.870000,Михайлово-Ярцевское,
Михайлово-Ярцевское,Троицкий,10,37.173246,55.376878,12.530000,Михайлово-Ярцевское,
Михайлово-Ярцевское,Троицкий,11,37.078395,55.379918,7.650000,Михайлово-Ярцевское,
Михайлово-Ярцевское,Троицкий,12,37.086281,55.380041,7.320000,Михайлово-Ярцевское,
Михайлово-Ярцевское,Троицкий,13,37.165151,55.381251,11.350000,Михайлово-Ярцевское,
Михайлово-Ярцевское,Троицкий,14,37.173039,55.381369,12.630000,Михайлово-Ярцевское,
Михайлово-Ярцевское,Троицкий,15,37.180926,55.381486,15.900000,Михайлово-Ярцевское,
Михайлово-Ярцевское,Троицкий,16,37.078177,55.384408,7.440000,Михайлово-Ярцевское,
Михайлово-Ярцевское,Троицкий,17,37.093952,55.384655,7.010000,Михайлово-Ярцевское,
Михайлово-Ярцевское,Троицкий,18,37.101840,55.384778,7.100000,Михайлово-Ярцевское,
Михайлово-Ярцевское,Троицкий,19,37.117615,55.385022,7.110000,Михайлово-Ярцевское,
Михайлово-Ярцевское,Троицкий,20,37.125503,55.385143,7.020000,Михайлово-Ярцевское,
Михайлово-Ярцевское,Троицкий,21,37.172832,55.385859,17.570000,Михайлово-Ярцевское,
Михайлово-Ярцевское,Троицкий,22,37.180720,55.385977,20.940000,Михайлово-Ярцевское,
Михайлово-Ярцевское,Троицкий,23,37.204385,55.386327,20.300000,Михайлово-Ярцевское,
Михайлово-Ярцевское,Троицкий,24,37.212273,55.386442,21.550000,Михайлово-Ярцевское,
Михайлово-Ярцевское,Троицкий,25,37.085847,55.389022,6.680000,Михайлово-Ярцевское,
Михайлово-Ярцевское,Троицкий,26,37.093736,55.389145,6.760000,Михайлово-Ярцевское,
Михайлово-Ярцевское,Троицкий,27,37.101625,55.389268,7.250000,Михайлово-Ярцевское,
Михайлово-Ярцевское,Троицкий,28,37.117402,55.389512,7.120000,Михайлово-Ярцевское,
Михайлово-Ярцевское,Троицкий,29,37.180514,55.390468,23.310000,Михайлово-Ярцевское,
Михайлово-Ярцевское,Троицкий,30,37.204181,55.390818,20.450000,Михайлово-Ярцевское,
Михайлово-Ярцевское,Троицкий,31,37.061963,55.393140,7.240000,Михайлово-Ярцевское,
Михайлово-Ярцевское,Троицкий,32,37.069852,55.393264,7.240000,Михайлово-Ярцевское,
Михайлово-Ярцевское,Троицкий,33,37.077741,55.393389,7.250000,Михайлово-Ярцевское,
Михайлово-Ярцевское,Троицкий,34,37.085630,55.393513,7.190000,Михайлово-Ярцевское,
Михайлово-Ярцевское,Троицкий,35,37.093520,55.393636,7.280000,Михайлово-Ярцевское,
Михайлово-Ярцевское,Троицкий,36,37.117188,55.394003,9.220000,Михайлово-Ярцевское,
Михайлово-Ярцевское,Троицкий,37,37.125078,55.394124,10.010000,Михайлово-Ярцевское,
Михайлово-Ярцевское,Троицкий,38,37.077523,55.397879,7.280000,Михайлово-Ярцевское,
Михайлово-Ярцевское,Троицкий,39,37.085413,55.398003,7.400000,Михайлово-Ярцевское,
Михайлово-Ярцевское,Троицкий,40,37.109084,55.398371,8.610000,Михайлово-Ярцевское,
Михайлово-Ярцевское,Троицкий,41,37.116975,55.398493,10.750000,Михайлово-Ярцевское,
Михайлово-Ярцевское,Троицкий,42,37.124865,55.398614,11.900000,Михайлово-Ярцевское,
Михайлово-Ярцевское,Троицкий,43,37.148537,55.398975,10.320000,Михайлово-Ярцевское,
Михайлово-Ярцевское,Троицкий,44,37.195883,55.399683,26.490000,Михайлово-Ярцевское,
Михайлово-Ярцевское,Троицкий,45,37.093087,55.402617,7.750000,Михайлово-Ярцевское,
Михайлово-Ярцевское,Троицкий,46,37.108870,55.402862,9.490000,Михайлово-Ярцевское,
Михайлово-Ярцевское,Троицкий,47,37.116761,55.402984,11.270000,Михайлово-Ярцевское,
Михайлово-Ярцевское,Троицкий,48,37.124653,55.403105,11.510000,Михайлово-Ярцевское,
Михайлово-Ярцевское,Троицкий,49,37.132544,55.403226,10.830000,Михайлово-Ярцевское,
Михайлово-Ярцевское,Троицкий,50,37.187786,55.404057,30.740000,Михайлово-Ярцевское,
Михайлово-Ярцевское,Троицкий,51,37.195678,55.404174,31.740000,Михайлово-Ярцевское,
Михайлово-Ярцевское,Троицкий,52,37.211462,55.404405,27.380000,Михайлово-Ярцевское,
Михайлово-Ярцевское,Троицкий,53,37.219355,55.404521,17.930000,Михайлово-Ярцевское,
Михайлово-Ярцевское,Троицкий,54,37.227247,55.404635,17.150000,Михайлово-Ярцевское,
Михайлово-Ярцевское,Троицкий,55,37.235139,55.404749,21.010000,Михайлово-Ярцевское,
Михайлово-Ярцевское,Троицкий,56,37.100763,55.407230,15.130000,Михайлово-Ярцевское,
Михайлово-Ярцевское,Троицкий,57,37.116548,55.407474,13.800000,Михайлово-Ярцевское,
Михайлово-Ярцевское,Троицкий,58,37.124440,55.407595,10.920000,Михайлово-Ярцевское,
Михайлово-Ярцевское,Троицкий,59,37.163903,55.408194,28.270000,Михайлово-Ярцевское,
Михайлово-Ярцевское,Троицкий,60,37.171795,55.408313,34.250000,Михайлово-Ярцевское,
Михайлово-Ярцевское,Троицкий,61,37.179688,55.408430,40.840000,Михайлово-Ярцевское,
Михайлово-Ярцевское,Троицкий,62,37.187581,55.408547,39.320000,Михайлово-Ярцевское,
Михайлово-Ярцевское,Троицкий,63,37.195474,55.408664,39.050000,Михайлово-Ярцевское,
Михайлово-Ярцевское,Троицкий,64,37.203367,55.408780,34.300000,Михайлово-Ярцевское,
Михайлово-Ярцевское,Троицкий,65,37.211260,55.408896,28.680000,Михайлово-Ярцевское,
Михайлово-Ярцевское,Троицкий,66,37.219153,55.409011,19.600000,Михайлово-Ярцевское,
Михайлово-Ярцевское,Троицкий,67,37.227046,55.409126,13.210000,Михайлово-Ярцевское,
Михайлово-Ярцевское,Троицкий,68,37.084762,55.411474,11.660000,Михайлово-Ярцевское,
Михайлово-Ярцевское,Троицкий,69,37.092655,55.411597,17.630000,Михайлово-Ярцевское,
Михайлово-Ярцевское,Троицкий,70,37.100548,55.411720,20.120000,Михайлово-Ярцевское,
Михайлово-Ярцевское,Троицкий,71,37.163694,55.412685,29.990000,Михайлово-Ярцевское,
Михайлово-Ярцевское,Троицкий,72,37.171588,55.412803,35.670000,Михайлово-Ярцевское,
Михайлово-Ярцевское,Троицкий,73,37.179482,55.412921,41.750000,Михайлово-Ярцевское,
Михайлово-Ярцевское,Троицкий,74,37.187375,55.413038,41.940000,Михайлово-Ярцевское,
Михайлово-Ярцевское,Троицкий,75,37.195269,55.413155,40.520000,Михайлово-Ярцевское,
Михайлово-Ярцевское,Троицкий,76,37.218951,55.413502,15.750000,Михайлово-Ярцевское,
Михайлово-Ярцевское,Троицкий,77,37.084544,55.415965,11.000000,Михайлово-Ярцевское,
Михайлово-Ярцевское,Троицкий,78,37.092438,55.416088,16.890000,Михайлово-Ярцевское,
Михайлово-Ярцевское,Троицкий,79,37.147697,55.416937,16.340000,Михайлово-Ярцевское,
Михайлово-Ярцевское,Троицкий,80,37.195064,55.417646,39.610000,Михайлово-Ярцевское,
Михайлово-Ярцевское,Троицкий,81,37.076432,55.420331,5.890000,Михайлово-Ярцевское,
Михайлово-Ярцевское,Троицкий,82,37.092222,55.420578,11.110000,Михайлово-Ярцевское,
Михайлово-Ярцевское,Троицкий,83,37.100117,55.420701,14.890000,Михайлово-Ярцевское,
Михайлово-Ярцевское,Троицкий,84,37.108012,55.420824,16.620000,Михайлово-Ярцевское,
Михайлово-Ярцевское,Троицкий,85,37.115907,55.420945,15.550000,Михайлово-Ярцевское,
Михайлово-Ярцевское,Троицкий,86,37.131697,55.421188,17.650000,Михайлово-Ярцевское,
Михайлово-Ярцевское,Троицкий,87,37.147487,55.421428,17.640000,Михайлово-Ярцевское,
Михайлово-Ярцевское,Троицкий,88,37.155382,55.421547,19.150000,Михайлово-Ярцевское,
Михайлово-Ярцевское,Троицкий,89,37.171173,55.421784,17.130000,Михайлово-Ярцевское,
Михайлово-Ярцевское,Троицкий,90,37.179068,55.421902,20.420000,Михайлово-Ярцевское,
Михайлово-Ярцевское,Троицкий,91,37.186964,55.422019,30.230000,Михайлово-Ярцевское,
Михайлово-Ярцевское,Троицкий,92,37.084110,55.424945,6.020000,Михайлово-Ярцевское,
Михайлово-Ярцевское,Троицкий,93,37.099901,55.425192,8.010000,Михайлово-Ярцевское,
Михайлово-Ярцевское,Троицкий,94,37.107797,55.425314,8.820000,Михайлово-Ярцевское,
Михайлово-Ярцевское,Троицкий,95,37.115693,55.425436,13.920000,Михайлово-Ярцевское,
Михайлово-Ярцевское,Троицкий,96,37.123589,55.425557,17.380000,Михайлово-Ярцевское,
Михайлово-Ярцевское,Троицкий,97,37.131485,55.425678,17.240000,Михайлово-Ярцевское,
Михайлово-Ярцевское,Троицкий,98,37.139381,55.425799,18.260000,Михайлово-Ярцевское,
Михайлово-Ярцевское,Троицкий,99,37.155173,55.426038,16.560000,Михайлово-Ярцевское,
Михайлово-Ярцевское,Троицкий,100,37.107582,55.429804,8.690000,Михайлово-Ярцевское,
Михайлово-Ярцевское,Троицкий,101,37.115479,55.429926,11.950000,Михайлово-Ярцевское,
Михайлово-Ярцевское,Троицкий,102,37.123376,55.430048,14.390000,Михайлово-Ярцевское,
Михайлово-Ярцевское,Троицкий,103,37.131272,55.430169,17.750000,Михайлово-Ярцевское,
Михайлово-Ярцевское,Троицкий,104,37.139169,55.430289,21.170000,Михайлово-Ярцевское,
Михайлово-Ярцевское,Троицкий,105,37.147066,55.430409,20.300000,Михайлово-Ярцевское,
Михайлово-Ярцевское,Троицкий,106,37.154963,55.430528,14.570000,Михайлово-Ярцевское,
Михайлово-Ярцевское,Троицкий,107,37.138958,55.434780,18.520000,Михайлово-Ярцевское,
Михайлово-Ярцевское,Троицкий,108,37.146856,55.434900,18.230000,Михайлово-Ярцевское,
Михайлово-Ярцевское,Троицкий,109,37.107152,55.438785,5.950000,Михайлово-Ярцевское,
Михайлово-Ярцевское,Троицкий,110,37.138747,55.439270,11.750000,Михайлово-Ярцевское,
Можайский,Западный,1,37.342038,55.680348,42.220000,Можайский,
Можайский,Западный,2,37.333899,55.684731,45.680000,Можайский,
Можайский,Западный,3,37.341848,55.684839,49.010000,Можайский,
Можайский,Западный,4,37.349797,55.684946,54.530000,Можайский,
Можайский,Западный,5,37.349608,55.689437,58.870000,Можайский,
Можайский,Западный,6,37.373458,55.689755,41.850000,Можайский,
Можайский,Западный,7,37.349419,55.693928,62.590000,Можайский,
Можайский,Западный,8,37.357370,55.694034,59.170000,Можайский,
Можайский,Западный,9,37.365321,55.694140,54.840000,Можайский,
Можайский,Западный,10,37.373272,55.694246,42.440000,Можайский,
Можайский,Западный,11,37.381223,55.694351,46.060000,Можайский,
Можайский,Западный,12,37.365133,55.698631,60.220000,Можайский,
Можайский,Западный,13,37.396941,55.699051,65.320000,Можайский,
Можайский,Западный,14,37.388804,55.703437,70.200000,Можайский,
Можайский,Западный,15,37.396758,55.703542,73.500000,Можайский,
Можайский,Западный,16,37.372712,55.707719,71.880000,Можайский,
Можайский,Западный,17,37.396574,55.708033,78.350000,Можайский,
Можайский,Западный,18,37.404528,55.708136,78.390000,Можайский,
Можайский,Западный,19,37.420436,55.708342,68.240000,Можайский,
Можайский,Западный,20,37.428390,55.708444,67.990000,Можайский,
Можайский,Западный,21,37.436344,55.708545,72.180000,Можайский,
Можайский,Западный,22,37.444298,55.708646,73.100000,Можайский,
Можайский,Западный,23,37.388435,55.712419,78.050000,Можайский,
Можайский,Западный,24,37.396390,55.712523,80.350000,Можайский,
Можайский,Западный,25,37.404345,55.712627,80.910000,Можайский,
Можайский,Западный,26,37.412299,55.712730,79.540000,Можайский,
Можайский,Западный,27,37.420254,55.712833,78.860000,Можайский,
Можайский,Западный,28,37.428209,55.712935,78.710000,Можайский,
Можайский,Западный,29,37.436165,55.713036,81.380000,Можайский,
Можайский,Западный,30,37.444120,55.713137,80.570000,Можайский,
Можайский,Западный,31,37.388250,55.716910,80.500000,Можайский,
Можайский,Западный,32,37.396206,55.717014,83.020000,Можайский,
Можайский,Западный,33,37.404161,55.717118,86.370000,Можайский,
Можайский,Западный,34,37.412117,55.717221,81.110000,Можайский,
Можайский,Западный,35,37.420073,55.717324,83.180000,Можайский,
Можайский,Западный,36,37.428029,55.717426,82.500000,Можайский,
Можайский,Западный,37,37.435985,55.717527,80.610000,Можайский,
Можайский,Западный,38,37.388065,55.721401,80.720000,Можайский,
Можайский,Западный,39,37.396022,55.721505,82.460000,Можайский,
Можайский,Западный,40,37.403978,55.721609,83.610000,Можайский,
Можайский,Западный,41,37.411935,55.721712,86.430000,Можайский,
Можайский,Западный,42,37.419892,55.721815,87.860000,Можайский,
Можайский,Западный,43,37.427849,55.721917,85.600000,Можайский,
Можайский,Западный,44,37.435806,55.722018,86.720000,Можайский,
Можайский,Западный,45,37.443763,55.722119,87.070000,Можайский,
Можайский,Западный,46,37.379922,55.725787,68.470000,Можайский,
Можайский,Западный,47,37.387880,55.725892,77.360000,Можайский,
Можайский,Западный,48,37.395837,55.725996,81.800000,Можайский,
Можайский,Западный,49,37.403795,55.726100,85.140000,Можайский,
Можайский,Западный,50,37.427668,55.726408,85.910000,Можайский,
Можайский,Западный,51,37.435626,55.726509,85.280000,Можайский,
Можайский,Западный,52,37.443584,55.726611,86.300000,Можайский,
Молжаниновский,Северный,1,37.372253,55.909910,61.160000,Молжаниновский,
Молжаниновский,Северный,2,37.379873,55.918997,65.650000,Молжаниновский,
Молжаниновский,Северный,3,37.387684,55.923593,60.170000,Молжаниновский,
Молжаниновский,Северный,4,37.379498,55.927978,60.660000,Молжаниновский,
Молжаниновский,Северный,5,37.347312,55.932044,60.590000,Молжаниновский,
Молжаниновский,Северный,6,37.355312,55.932151,63.980000,Молжаниновский,
Молжаниновский,Северный,7,37.363311,55.932258,58.300000,Молжаниновский,
Молжаниновский,Северный,8,37.379311,55.932469,58.270000,Молжаниновский,
Молжаниновский,Северный,9,37.387311,55.932574,54.640000,Молжаниновский,
Молжаниновский,Северный,10,37.339120,55.936427,63.190000,Молжаниновский,
Молжаниновский,Северный,11,37.347121,55.936535,66.850000,Молжаниновский,
Молжаниновский,Северный,12,37.355121,55.936642,67.030000,Молжаниновский,
Молжаниновский,Северный,13,37.363122,55.936748,62.700000,Молжаниновский,
Молжаниновский,Северный,14,37.371123,55.936854,55.540000,Молжаниновский,
Молжаниновский,Северный,15,37.379123,55.936960,53.410000,Молжаниновский,
Молжаниновский,Северный,16,37.346738,55.945516,62.580000,Молжаниновский,
Молжаниновский,Северный,17,37.354741,55.945623,61.260000,Молжаниновский,
Молжаниновский,Северный,18,37.410759,55.946358,37.040000,Молжаниновский,
Молжаниновский,Северный,19,37.338544,55.949899,59.950000,Молжаниновский,
Молжаниновский,Северный,20,37.346547,55.950007,59.240000,Молжаниновский,
Молжаниновский,Северный,21,37.354550,55.950114,56.560000,Молжаниновский,
Молжаниновский,Северный,22,37.386564,55.950537,26.520000,Молжаниновский,
Молжаниновский,Северный,23,37.410575,55.950849,37.450000,Молжаниновский,
Молжаниновский,Северный,24,37.346355,55.954497,52.150000,Молжаниновский,
Москворечье-Сабурово,Южный,1,37.701391,55.635251,79.880000,Москворечье-Сабурово,
Москворечье-Сабурово,Южный,2,37.717272,55.635418,74.260000,Москворечье-Сабурово,
Москворечье-Сабурово,Южный,3,37.725212,55.635501,78.210000,Москворечье-Сабурово,
Москворечье-Сабурово,Южный,4,37.645655,55.639141,82.510000,Москворечье-Сабурово,
Москворечье-Сабурово,Южный,5,37.653596,55.639229,87.530000,Москворечье-Сабурово,
Москворечье-Сабурово,Южный,6,37.661537,55.639316,89.650000,Москворечье-Сабурово,
Москворечье-Сабурово,Южный,7,37.669478,55.639402,89.360000,Москворечье-Сабурово,
Москворечье-Сабурово,Южный,8,37.685360,55.639573,86.020000,Москворечье-Сабурово,
Москворечье-Сабурово,Южный,9,37.693301,55.639658,82.870000,Москворечье-Сабурово,
Москворечье-Сабурово,Южный,10,37.701242,55.639743,79.840000,Москворечье-Сабурово,
Москворечье-Сабурово,Южный,11,37.629617,55.643457,72.460000,Москворечье-Сабурово,
Москворечье-Сабурово,Южный,12,37.637558,55.643545,64.690000,Москворечье-Сабурово,
Москворечье-Сабурово,Южный,13,37.645500,55.643633,75.960000,Москворечье-Сабурово,
Москворечье-Сабурово,Южный,14,37.653442,55.643720,88.240000,Москворечье-Сабурово,
Москворечье-Сабурово,Южный,15,37.661384,55.643807,88.680000,Москворечье-Сабурово,
Москворечье-Сабурово,Южный,16,37.669326,55.643894,86.600000,Москворечье-Сабурово,
Москворечье-Сабурово,Южный,17,37.677268,55.643980,87.810000,Москворечье-Сабурово,
Москворечье-Сабурово,Южный,18,37.685210,55.644065,82.430000,Москворечье-Сабурово,
Москворечье-Сабурово,Южный,19,37.629460,55.647948,78.460000,Москворечье-Сабурово,
Москворечье-Сабурово,Южный,20,37.637402,55.648036,77.380000,Москворечье-Сабурово,
Москворечье-Сабурово,Южный,21,37.645345,55.648124,82.500000,Москворечье-Сабурово,
Москворечье-Сабурово,Южный,22,37.653288,55.648212,86.720000,Москворечье-Сабурово,
Москворечье-Сабурово,Южный,23,37.661231,55.648299,85.530000,Москворечье-Сабурово,
Москворечье-Сабурово,Южный,24,37.669173,55.648385,84.610000,Москворечье-Сабурово,
Москворечье-Сабурово,Южный,25,37.629303,55.652439,81.030000,Москворечье-Сабурово,
Москворечье-Сабурово,Южный,26,37.637246,55.652528,80.940000,Москворечье-Сабурово,
Москворечье-Сабурово,Южный,27,37.645190,55.652616,84.020000,Москворечье-Сабурово,
Москворечье-Сабурово,Южный,28,37.653134,55.652703,86.370000,Москворечье-Сабурово,
Московский,Новомосковский,1,37.378104,55.577482,40.330000,Московский,
Московский,Новомосковский,2,37.377918,55.581973,50.160000,Московский,
Московский,Новомосковский,3,37.322230,55.585717,32.170000,Московский,
Московский,Новомосковский,4,37.330158,55.585825,35.250000,Московский,
Московский,Новомосковский,5,37.361875,55.586253,62.630000,Московский,
Московский,Новомосковский,6,37.369804,55.586358,65.920000,Московский,
Московский,Новомосковский,7,37.377733,55.586464,62.620000,Московский,
Московский,Новомосковский,8,37.314108,55.590099,32.100000,Московский,
Московский,Новомосковский,9,37.322038,55.590207,38.620000,Московский,
Московский,Новомосковский,10,37.329968,55.590316,44.910000,Московский,
Московский,Новомосковский,11,37.353758,55.590637,69.730000,Московский,
Московский,Новомосковский,12,37.361688,55.590744,69.350000,Московский,
Московский,Новомосковский,13,37.369618,55.590849,66.320000,Московский,
Московский,Новомосковский,14,37.377548,55.590955,66.150000,Московский,
Московский,Новомосковский,15,37.321846,55.594698,47.400000,Московский,
Московский,Новомосковский,16,37.345639,55.595022,74.560000,Московский,
Московский,Новомосковский,17,37.353570,55.595128,75.250000,Московский,
Московский,Новомосковский,18,37.361501,55.595235,71.720000,Московский,
Московский,Новомосковский,19,37.369432,55.595340,68.570000,Московский,
Московский,Новомосковский,20,37.345450,55.599513,74.570000,Московский,
Московский,Новомосковский,21,37.353381,55.599619,75.080000,Московский,
Московский,Новомосковский,22,37.361313,55.599726,73.080000,Московский,
Московский,Новомосковский,23,37.369245,55.599831,70.400000,Московский,
Московский,Новомосковский,24,37.337328,55.603896,69.320000,Московский,
Московский,Новомосковский,25,37.345261,55.604003,72.880000,Московский,
Московский,Новомосковский,26,37.353193,55.604110,73.440000,Московский,
Московский,Новомосковский,27,37.361126,55.604217,71.590000,Московский,
Московский,Новомосковский,28,37.369059,55.604322,68.040000,Московский,
Московский,Новомосковский,29,37.376992,55.604428,61.950000,Московский,
Московский,Новомосковский,30,37.384925,55.604532,51.610000,Московский,
Московский,Новомосковский,31,37.400791,55.604740,55.980000,Московский,
Московский,Новомосковский,32,37.313337,55.608062,49.600000,Московский,
Московский,Новомосковский,33,37.321271,55.608171,48.800000,Московский,
Московский,Новомосковский,34,37.329204,55.608279,56.130000,Московский,
Московский,Новомосковский,35,37.353005,55.608601,70.520000,Московский,
Московский,Новомосковский,36,37.392674,55.609128,51.040000,Московский,
Московский,Новомосковский,37,37.400608,55.609231,53.850000,Московский,
Московский,Новомосковский,38,37.321079,55.612662,43.870000,Московский,
Московский,Новомосковский,39,37.329013,55.612770,50.890000,Московский,
Московский,Новомосковский,40,37.352817,55.613092,59.640000,Московский,
Московский,Новомосковский,41,37.384555,55.613514,53.650000,Московский,
Московский,Новомосковский,42,37.392490,55.613618,55.230000,Московский,
Московский,Новомосковский,43,37.400425,55.613722,50.140000,Московский,
Московский,Новомосковский,44,37.408360,55.613825,56.600000,Московский,
Московский,Новомосковский,45,37.416295,55.613928,59.270000,Московский,
Московский,Новомосковский,46,37.424230,55.614030,55.470000,Московский,
Московский,Новомосковский,47,37.432165,55.614132,45.910000,Московский,
Московский,Новомосковский,48,37.312952,55.617044,67.820000,Московский,
Московский,Новомосковский,49,37.320887,55.617152,46.110000,Московский,
Московский,Новомосковский,50,37.344693,55.617476,54.450000,Московский,
Московский,Новомосковский,51,37.392306,55.618109,53.410000,Московский,
Московский,Новомосковский,52,37.400242,55.618213,48.720000,Московский,
Московский,Новомосковский,53,37.408178,55.618317,62.820000,Московский,
Московский,Новомосковский,54,37.424050,55.618521,64.950000,Московский,
Московский,Новомосковский,55,37.431986,55.618623,62.020000,Московский,
Московский,Новомосковский,56,37.439922,55.618724,51.020000,Московский,
Московский,Новомосковский,57,37.312759,55.621534,74.100000,Московский,
Московский,Новомосковский,58,37.344504,55.621967,61.510000,Московский,
Московский,Новомосковский,59,37.392123,55.622600,52.180000,Московский,
Московский,Новомосковский,60,37.407996,55.622808,65.990000,Московский,
Московский,Новомосковский,61,37.423870,55.623013,70.040000,Московский,
Московский,Новомосковский,62,37.431806,55.623114,64.700000,Московский,
Московский,Новомосковский,63,37.439743,55.623215,57.870000,Московский,
Московский,Новомосковский,64,37.368126,55.626777,45.000000,Московский,
Московский,Новомосковский,65,37.384001,55.626987,56.810000,Московский,
Московский,Новомосковский,66,37.391939,55.627091,55.530000,Московский,
Московский,Новомосковский,67,37.407814,55.627299,61.380000,Московский,
Московский,Новомосковский,68,37.423689,55.627504,71.300000,Московский,
Московский,Новомосковский,69,37.431627,55.627605,69.290000,Московский,
Московский,Новомосковский,70,37.439565,55.627707,65.590000,Московский,
Московский,Новомосковский,71,37.415570,55.631892,68.520000,Московский,
Московский,Новомосковский,72,37.423509,55.631995,69.780000,Московский,
Московский,Новомосковский,73,37.431448,55.632096,72.510000,Московский,
Московский,Новомосковский,74,37.439386,55.632198,71.580000,Московский,
Московский,Новомосковский,75,37.351875,55.635546,89.600000,Московский,
Московский,Новомосковский,76,37.415389,55.636383,70.850000,Московский,
Московский,Новомосковский,77,37.423329,55.636486,69.910000,Московский,
Московский,Новомосковский,78,37.431268,55.636587,72.450000,Московский,
Московский,Новомосковский,79,37.455087,55.636890,67.650000,Московский,
Московский,Новомосковский,80,37.423148,55.640977,70.440000,Московский,
Московский,Новомосковский,81,37.431089,55.641079,62.160000,Московский,
Московский,Новомосковский,82,37.430909,55.645570,52.020000,Московский,
Московский,Новомосковский,83,37.414845,55.649856,83.620000,Московский,
Московский,Новомосковский,84,37.422787,55.649959,75.400000,Московский,
Московский,Новомосковский,85,37.430729,55.650061,65.770000,Московский,
Московский,Новомосковский,86,37.438672,55.650162,55.570000,Московский,
Московский,Новомосковский,87,37.422607,55.654450,85.590000,Московский,
Московский,Новомосковский,88,37.430550,55.654552,78.990000,Московский,
Московский,Новомосковский,89,37.438493,55.654653,68.790000,Московский,
Московский,Новомосковский,90,37.430370,55.659043,81.480000,Московский,
Нагатино-Садовники,Южный,1,37.629146,55.656931,81.460000,Нагатино-Садовники,
Нагатино-Садовники,Южный,2,37.637090,55.657019,81.140000,Нагатино-Садовники,
Нагатино-Садовники,Южный,3,37.645035,55.657107,84.720000,Нагатино-Садовники,
Нагатино-Садовники,Южный,4,37.628989,55.661422,78.850000,Нагатино-Садовники,
Нагатино-Садовники,Южный,5,37.636934,55.661511,80.120000,Нагатино-Садовники,
Нагатино-Садовники,Южный,6,37.628832,55.665914,77.440000,Нагатино-Садовники,
Нагатино-Садовники,Южный,7,37.636778,55.666002,78.860000,Нагатино-Садовники,
Нагатино-Садовники,Южный,8,37.644725,55.666090,80.250000,Нагатино-Садовники,
Нагатино-Садовники,Южный,9,37.652671,55.666178,80.780000,Нагатино-Садовники,
Нагатино-Садовники,Южный,10,37.628675,55.670405,76.810000,Нагатино-Садовники,
Нагатино-Садовники,Южный,11,37.652517,55.670669,84.590000,Нагатино-Садовники,
Нагатино-Садовники,Южный,12,37.660464,55.670756,89.630000,Нагатино-Садовники,
Нагатино-Садовники,Южный,13,37.628518,55.674897,80.050000,Нагатино-Садовники,
Нагатино-Садовники,Южный,14,37.636466,55.674985,78.420000,Нагатино-Садовники,
Нагатино-Садовники,Южный,15,37.644414,55.675073,81.770000,Нагатино-Садовники,
Нагатино-Садовники,Южный,16,37.660310,55.675248,88.550000,Нагатино-Садовники,
Нагатино-Садовники,Южный,17,37.628361,55.679388,81.770000,Нагатино-Садовники,
Нагатино-Садовники,Южный,18,37.636310,55.679477,83.880000,Нагатино-Садовники,
Нагатино-Садовники,Южный,19,37.644259,55.679565,80.320000,Нагатино-Садовники,
Нагатино-Садовники,Южный,20,37.652208,55.679652,86.640000,Нагатино-Садовники,
Нагатино-Садовники,Южный,21,37.660157,55.679739,86.700000,Нагатино-Садовники,
Нагатино-Садовники,Южный,22,37.628203,55.683879,83.400000,Нагатино-Садовники,
Нагатино-Садовники,Южный,23,37.660003,55.684231,85.050000,Нагатино-Садовники,
Нагатино-Садовники,Южный,24,37.628046,55.688371,84.190000,Нагатино-Садовники,
Нагатинский Затон,Южный,1,37.668259,55.675334,89.330000,Нагатинский Затон,
Нагатинский Затон,Южный,2,37.684155,55.675506,85.510000,Нагатинский Затон,
Нагатинский Затон,Южный,3,37.692104,55.675591,85.350000,Нагатинский Затон,
Нагатинский Затон,Южный,4,37.668106,55.679826,89.230000,Нагатинский Затон,
Нагатинский Затон,Южный,5,37.676055,55.679912,89.010000,Нагатинский Затон,
Нагатинский Затон,Южный,6,37.684004,55.679997,87.080000,Нагатинский Затон,
Нагатинский Затон,Южный,7,37.691954,55.680082,85.620000,Нагатинский Затон,
Нагатинский Затон,Южный,8,37.699903,55.680167,85.380000,Нагатинский Затон,
Нагатинский Затон,Южный,9,37.707853,55.680251,86.510000,Нагатинский Затон,
Нагатинский Затон,Южный,10,37.667953,55.684317,86.160000,Нагатинский Затон,
Нагатинский Затон,Южный,11,37.675903,55.684403,86.200000,Нагатинский Затон,
Нагатинский Затон,Южный,12,37.683854,55.684489,80.990000,Нагатинский Затон,
Нагатинский Затон,Южный,13,37.691804,55.684574,83.870000,Нагатинский Затон,
Нагатинский Затон,Южный,14,37.699754,55.684658,86.050000,Нагатинский Затон,
Нагатинский Затон,Южный,15,37.707704,55.684742,84.910000,Нагатинский Затон,
Нагатинский Затон,Южный,16,37.667801,55.688809,84.640000,Нагатинский Затон,
Нагатинский Затон,Южный,17,37.683703,55.688980,78.310000,Нагатинский Затон,
Нагатинский Затон,Южный,18,37.691654,55.689065,82.050000,Нагатинский Затон,
Нагатинский Затон,Южный,19,37.667648,55.693300,84.090000,Нагатинский Затон,
Нагатинский Затон,Южный,20,37.675600,55.693386,81.180000,Нагатинский Затон,
Нагатинский Затон,Южный,21,37.683552,55.693472,75.760000,Нагатинский Затон,
Нагатинский Затон,Южный,22,37.667495,55.697792,86.840000,Нагатинский Затон,
Нагорный,Южный,1,37.605792,55.643188,89.050000,Нагорный,
Нагорный,Южный,2,37.613733,55.643278,88.820000,Нагорный,
Нагорный,Южный,3,37.621675,55.643368,80.340000,Нагорный,
Нагорный,Южный,4,37.605632,55.647680,89.270000,Нагорный,
Нагорный,Южный,5,37.613575,55.647770,87.810000,Нагорный,
Нагорный,Южный,6,37.621517,55.647859,84.690000,Нагорный,
Нагорный,Южный,7,37.613416,55.652261,89.020000,Нагорный,
Нагорный,Южный,8,37.621359,55.652350,85.770000,Нагорный,
Нагорный,Южный,9,37.621202,55.656842,87.750000,Нагорный,
Нагорный,Южный,10,37.613098,55.661244,89.180000,Нагорный,
Нагорный,Южный,11,37.621044,55.661333,86.500000,Нагорный,
Нагорный,Южный,12,37.612940,55.665735,88.650000,Нагорный,
Нагорный,Южный,13,37.620886,55.665825,84.930000,Нагорный,
Нагорный,Южный,14,37.612781,55.670227,86.670000,Нагорный,
Нагорный,Южный,15,37.620728,55.670316,82.740000,Нагорный,
Нагорный,Южный,16,37.612622,55.674718,87.580000,Нагорный,
Нагорный,Южный,17,37.620570,55.674808,81.700000,Нагорный,
Нагорный,Южный,18,37.620412,55.679299,82.390000,Нагорный,
Нагорный,Южный,19,37.620253,55.683790,84.490000,Нагорный,
Нагорный,Южный,20,37.612145,55.688192,84.810000,Нагорный,
Нагорный,Южный,21,37.620095,55.688282,84.780000,Нагорный,
Некрасовка,Юго-Восточный,1,37.930574,55.677900,69.410000,Некрасовка,
Некрасовка,Юго-Восточный,2,37.938524,55.677969,54.840000,Некрасовка,
Некрасовка,Юго-Восточный,3,37.946473,55.678037,39.020000,Некрасовка,
Некрасовка,Юго-Восточный,4,37.954423,55.678105,34.940000,Некрасовка,
Некрасовка,Юго-Восточный,5,37.962373,55.678173,33.230000,Некрасовка,
Некрасовка,Юго-Восточный,6,37.914551,55.682252,78.460000,Некрасовка,
Некрасовка,Юго-Восточный,7,37.922501,55.682322,78.000000,Некрасовка,
Некрасовка,Юго-Восточный,8,37.938402,55.682461,61.330000,Некрасовка,
Некрасовка,Юго-Восточный,9,37.962254,55.682665,32.070000,Некрасовка,
Некрасовка,Юго-Восточный,10,37.922377,55.686814,77.630000,Некрасовка,
Некрасовка,Юго-Восточный,11,37.930329,55.686884,74.270000,Некрасовка,
Некрасовка,Юго-Восточный,12,37.938280,55.686953,61.710000,Некрасовка,
Некрасовка,Юго-Восточный,13,37.946232,55.687021,50.540000,Некрасовка,
Некрасовка,Юго-Восточный,14,37.954183,55.687089,40.630000,Некрасовка,
Некрасовка,Юго-Восточный,15,37.962135,55.687157,42.480000,Некрасовка,
Некрасовка,Юго-Восточный,16,37.930206,55.691375,74.040000,Некрасовка,
Некрасовка,Юго-Восточный,17,37.938158,55.691445,67.870000,Некрасовка,
Некрасовка,Юго-Восточный,18,37.946111,55.691513,62.270000,Некрасовка,
Некрасовка,Юго-Восточный,19,37.954063,55.691581,60.400000,Некрасовка,
Некрасовка,Юго-Восточный,20,37.938037,55.695936,77.310000,Некрасовка,
Некрасовка,Юго-Восточный,21,37.945990,55.696005,70.250000,Некрасовка,
Некрасовка,Юго-Восточный,22,37.914053,55.700220,78.380000,Некрасовка,
Некрасовка,Юго-Восточный,23,37.922007,55.700290,81.250000,Некрасовка,
Некрасовка,Юго-Восточный,24,37.929961,55.700359,80.810000,Некрасовка,
Некрасовка,Юго-Восточный,25,37.937915,55.700428,80.620000,Некрасовка,
Некрасовка,Юго-Восточный,26,37.945869,55.700497,74.450000,Некрасовка,
Некрасовка,Юго-Восточный,27,37.921883,55.704782,78.840000,Некрасовка,
Некрасовка,Юго-Восточный,28,37.937793,55.704920,79.210000,Некрасовка,
Некрасовка,Юго-Восточный,29,37.945748,55.704989,72.740000,Некрасовка,
Некрасовка,Юго-Восточный,30,37.937671,55.709412,74.760000,Некрасовка,
Некрасовка,Юго-Восточный,31,37.945627,55.709481,69.410000,Некрасовка,
Некрасовка,Юго-Восточный,32,37.929592,55.713835,67.500000,Некрасовка,
Некрасовка,Юго-Восточный,33,37.945506,55.713973,64.150000,Некрасовка,
Некрасовка,Юго-Восточный,34,37.945385,55.718465,52.250000,Некрасовка,
Нижегородский,Юго-Восточный,1,37.690453,55.724997,82.590000,Нижегородский,
Нижегородский,Юго-Восточный,2,37.698411,55.725082,76.520000,Нижегородский,
Нижегородский,Юго-Восточный,3,37.706369,55.725166,74.500000,Нижегородский,
Нижегородский,Юго-Восточный,4,37.714328,55.725250,74.490000,Нижегородский,
Нижегородский,Юго-Восточный,5,37.730245,55.725415,80.960000,Нижегородский,
Нижегородский,Юго-Восточный,6,37.738204,55.725497,82.200000,Нижегородский,
Нижегородский,Юго-Восточный,7,37.690302,55.729489,82.790000,Нижегородский,
Нижегородский,Юго-Восточный,8,37.698262,55.729573,82.720000,Нижегородский,
Нижегородский,Юго-Восточный,9,37.706221,55.729658,80.170000,Нижегородский,
Нижегородский,Юго-Восточный,10,37.714180,55.729741,78.550000,Нижегородский,
Нижегородский,Юго-Восточный,11,37.730099,55.729907,81.440000,Нижегородский,
Нижегородский,Юго-Восточный,12,37.738059,55.729989,82.480000,Нижегородский,
Нижегородский,Юго-Восточный,13,37.746019,55.730070,85.150000,Нижегородский,
Нижегородский,Юго-Восточный,14,37.753978,55.730151,85.830000,Нижегородский,
Нижегородский,Юго-Восточный,15,37.698112,55.734065,86.750000,Нижегородский,
Нижегородский,Юго-Восточный,16,37.706072,55.734149,84.520000,Нижегородский,
Нижегородский,Юго-Восточный,17,37.714033,55.734233,81.210000,Нижегородский,
Нижегородский,Юго-Восточный,18,37.729954,55.734398,83.830000,Нижегородский,
Нижегородский,Юго-Восточный,19,37.737914,55.734480,84.390000,Нижегородский,
Нижегородский,Юго-Восточный,20,37.745875,55.734562,84.030000,Нижегородский,
Нижегородский,Юго-Восточный,21,37.753835,55.734643,83.520000,Нижегородский,
Нижегородский,Юго-Восточный,22,37.761796,55.734723,87.590000,Нижегородский,
Нижегородский,Юго-Восточный,23,37.705924,55.738641,85.790000,Нижегородский,
Нижегородский,Юго-Восточный,24,37.737769,55.738972,82.010000,Нижегородский,
Нижегородский,Юго-Восточный,25,37.745731,55.739053,82.290000,Нижегородский,
Нижегородский,Юго-Восточный,26,37.705775,55.743132,82.950000,Нижегородский,
Нижегородский,Юго-Восточный,27,37.737624,55.743463,75.050000,Нижегородский,
Ново-Переделкино,Западный,1,37.376064,55.626882,46.440000,Ново-Переделкино,
Ново-Переделкино,Западный,2,37.367940,55.631268,60.630000,Ново-Переделкино,
Ново-Переделкино,Западный,3,37.375878,55.631373,59.190000,Ново-Переделкино,
Ново-Переделкино,Западный,4,37.383816,55.631478,63.730000,Ново-Переделкино,
Ново-Переделкино,Западный,5,37.343936,55.635440,89.680000,Ново-Переделкино,
Ново-Переделкино,Западный,6,37.359814,55.635653,86.050000,Ново-Переделкино,
Ново-Переделкино,Западный,7,37.367753,55.635759,78.690000,Ново-Переделкино,
Ново-Переделкино,Западный,8,37.375692,55.635864,73.900000,Ново-Переделкино,
Ново-Переделкино,Западный,9,37.335806,55.639823,89.910000,Ново-Переделкино,
Ново-Переделкино,Западный,10,37.343746,55.639930,88.980000,Ново-Переделкино,
Ново-Переделкино,Западный,11,37.351686,55.640037,90.260000,Ново-Переделкино,
Ново-Переделкино,Западный,12,37.359626,55.640144,88.020000,Ново-Переделкино,
Ново-Переделкино,Западный,13,37.367566,55.640250,83.390000,Ново-Переделкино,
Ново-Переделкино,Западный,14,37.343557,55.644421,89.010000,Ново-Переделкино,
Ново-Переделкино,Западный,15,37.351497,55.644528,88.870000,Ново-Переделкино,
Ново-Переделкино,Западный,16,37.359438,55.644635,88.090000,Ново-Переделкино,
Ново-Переделкино,Западный,17,37.367379,55.644741,85.280000,Ново-Переделкино,
Ново-Переделкино,Западный,18,37.343367,55.648912,83.510000,Ново-Переделкино,
Ново-Переделкино,Западный,19,37.351309,55.649019,84.280000,Ново-Переделкино,
Ново-Переделкино,Западный,20,37.359251,55.649126,82.940000,Ново-Переделкино,
Ново-Переделкино,Западный,21,37.367192,55.649232,82.170000,Ново-Переделкино,
Ново-Переделкино,Западный,22,37.375134,55.649337,85.110000,Ново-Переделкино,
Ново-Переделкино,Западный,23,37.359063,55.653616,76.230000,Ново-Переделкино,
Ново-Переделкино,Западный,24,37.350931,55.658001,67.810000,Ново-Переделкино,
Ново-Переделкино,Западный,25,37.358875,55.658107,69.180000,Ново-Переделкино,
Ново-Переделкино,Западный,26,37.366819,55.658213,69.270000,Ново-Переделкино,
Новогиреево,Восточный,1,37.777577,55.739374,86.350000,Новогиреево,
Новогиреево,Восточный,2,37.785538,55.739453,85.720000,Новогиреево,
Новогиреево,Восточный,3,37.793500,55.739532,82.830000,Новогиреево,
Новогиреево,Восточный,4,37.785399,55.743945,91.000000,Новогиреево,
Новогиреево,Восточный,5,37.793362,55.744023,90.980000,Новогиреево,
Новогиреево,Восточный,6,37.801324,55.744101,88.530000,Новогиреево,
Новогиреево,Восточный,7,37.809287,55.744179,92.580000,Новогиреево,
Новогиреево,Восточный,8,37.817250,55.744256,91.180000,Новогиреево,
Новогиреево,Восточный,9,37.793223,55.748515,90.860000,Новогиреево,
Новогиреево,Восточный,10,37.801187,55.748593,91.140000,Новогиреево,
Новогиреево,Восточный,11,37.809150,55.748670,91.580000,Новогиреево,
Новогиреево,Восточный,12,37.817114,55.748747,90.990000,Новогиреево,
Новогиреево,Восточный,13,37.801049,55.753085,91.780000,Новогиреево,
Новогиреево,Восточный,14,37.809013,55.753162,92.460000,Новогиреево,
Новогиреево,Восточный,15,37.816978,55.753239,91.850000,Новогиреево,
Новогиреево,Восточный,16,37.824942,55.753316,90.190000,Новогиреево,
Новогиреево,Восточный,17,37.808876,55.757654,92.340000,Новогиреево,
Новогиреево,Восточный,18,37.816842,55.757731,92.010000,Новогиреево,
Новогиреево,Восточный,19,37.824807,55.757807,91.390000,Новогиреево,
Новокосино,Восточный,1,37.841537,55.731008,77.350000,Новокосино,
Новокосино,Восточный,2,37.857458,55.731157,82.710000,Новокосино,
Новокосино,Восточный,3,37.841404,55.735500,80.780000,Новокосино,
Новокосино,Восточный,4,37.849365,55.735575,84.260000,Новокосино,
Новокосино,Восточный,5,37.857326,55.735649,86.450000,Новокосино,
Новокосино,Восточный,6,37.849233,55.740066,84.910000,Новокосино,
Новокосино,Восточный,7,37.857195,55.740141,91.790000,Новокосино,
Новокосино,Восточный,8,37.865157,55.740215,90.860000,Новокосино,
Новокосино,Восточный,9,37.873119,55.740288,90.090000,Новокосино,
Новокосино,Восточный,10,37.849101,55.744558,86.860000,Новокосино,
Новокосино,Восточный,11,37.872990,55.744780,90.570000,Новокосино,
Новокосино,Восточный,12,37.880953,55.744852,87.130000,Новокосино,
Новокосино,Восточный,13,37.888916,55.744925,76.420000,Новокосино,
Новофёдоровское,Троицкий,1,36.976332,55.369283,6.790000,Новофёдоровское,
Новофёдоровское,Троицкий,2,36.983759,55.378393,5.160000,Новофёдоровское,
Новофёдоровское,Троицкий,3,36.991645,55.378523,5.180000,Новофёдоровское,
Новофёдоровское,Троицкий,4,36.928325,55.381960,12.020000,Новофёдоровское,
Новофёдоровское,Троицкий,5,36.936211,55.382094,11.300000,Новофёдоровское,
Новофёдоровское,Троицкий,6,36.999305,55.383143,6.590000,Новофёдоровское,
Новофёдоровское,Троицкий,7,36.912316,55.386182,15.590000,Новофёдоровское,
Новофёдоровское,Троицкий,8,36.943865,55.386716,10.880000,Новофёдоровское,
Новофёдоровское,Троицкий,9,36.983302,55.387373,7.270000,Новофёдоровское,
Новофёдоровское,Троицкий,10,36.991190,55.387503,7.240000,Новофёдоровское,
Новофёдоровское,Троицкий,11,36.999078,55.387633,7.600000,Новофёдоровское,
Новофёдоровское,Троицкий,12,37.006966,55.387762,9.920000,Новофёдоровское,
Новофёдоровское,Троицкий,13,36.912079,55.390672,17.470000,Новофёдоровское,
Новофёдоровское,Троицкий,14,36.943632,55.391206,10.830000,Новофёдоровское,
Новофёдоровское,Троицкий,15,36.959408,55.391471,9.030000,Новофёдоровское,
Новофёдоровское,Троицкий,16,36.967297,55.391602,7.500000,Новофёдоровское,
Новофёдоровское,Троицкий,17,36.990962,55.391993,7.240000,Новофёдоровское,
Новофёдоровское,Троицкий,18,36.998851,55.392123,11.020000,Новофёдоровское,
Новофёдоровское,Троицкий,19,36.911843,55.395162,16.820000,Новофёдоровское,
Новофёдоровское,Троицкий,20,36.919731,55.395296,14.200000,Новофёдоровское,
Новофёдоровское,Троицкий,21,36.967066,55.396092,7.460000,Новофёдоровское,
Новофёдоровское,Троицкий,22,36.974956,55.396223,6.320000,Новофёдоровское,
Новофёдоровское,Троицкий,23,36.982845,55.396354,6.580000,Новофёдоровское,
Новофёдоровское,Троицкий,24,36.998624,55.396613,12.570000,Новофёдоровское,
Новофёдоровское,Троицкий,25,36.911606,55.399652,18.570000,Новофёдоровское,
Новофёдоровское,Троицкий,26,36.919496,55.399786,17.000000,Новофёдоровское,
Новофёдоровское,Троицкий,27,36.974726,55.400713,5.530000,Новофёдоровское,
Новофёдоровское,Троицкий,28,37.014178,55.401361,15.590000,Новофёдоровское,
Новофёдоровское,Троицкий,29,36.903478,55.404006,19.490000,Новофёдоровское,
Новофёдоровское,Троицкий,30,36.966605,55.405073,5.380000,Новофёдоровское,
Новофёдоровское,Троицкий,31,37.006062,55.405722,19.610000,Новофёдоровское,
Новофёдоровское,Троицкий,32,37.013953,55.405851,20.190000,Новофёдоровское,
Новофёдоровское,Троицкий,33,37.021845,55.405979,13.950000,Новофёдоровское,
Новофёдоровское,Троицкий,34,36.911132,55.408631,21.070000,Новофёдоровское,
Новофёдоровское,Троицкий,35,37.013728,55.410341,22.790000,Новофёдоровское,
Новофёдоровское,Троицкий,36,37.021620,55.410469,15.850000,Новофёдоровское,
Новофёдоровское,Троицкий,37,37.029513,55.410596,7.650000,Новофёдоровское,
Новофёдоровское,Троицкий,38,37.045298,55.410850,5.410000,Новофёдоровское,
Новофёдоровское,Троицкий,39,37.053190,55.410976,5.160000,Новофёдоровское,
Новофёдоровское,Троицкий,40,36.910895,55.413121,16.180000,Новофёдоровское,
Новофёдоровское,Троицкий,41,37.013502,55.414831,19.750000,Новофёдоровское,
Новофёдоровское,Троицкий,42,37.021396,55.414959,15.190000,Новофёдоровское,
Новофёдоровское,Троицкий,43,37.029289,55.415087,6.900000,Новофёдоровское,
Новофёдоровское,Троицкий,44,37.037182,55.415214,5.900000,Новофёдоровское,
Новофёдоровское,Троицкий,45,37.045076,55.415340,5.890000,Новофёдоровское,
Новофёдоровское,Троицкий,46,37.052970,55.415466,5.320000,Новофёдоровское,
Новофёдоровское,Троицкий,47,37.013277,55.419321,15.940000,Новофёдоровское,
Новофёдоровское,Троицкий,48,37.021171,55.419449,11.280000,Новофёдоровское,
Новофёдоровское,Троицкий,49,37.029065,55.419577,6.620000,Новофёдоровское,
Новофёдоровское,Троицкий,50,37.036960,55.419704,5.970000,Новофёдоровское,
Новофёдоровское,Троицкий,51,37.044854,55.419830,5.980000,Новофёдоровское,
Новофёдоровское,Троицкий,52,37.052749,55.419956,5.270000,Новофёдоровское,
Новофёдоровское,Троицкий,53,37.060643,55.420082,5.160000,Новофёдоровское,
Новофёдоровское,Троицкий,54,36.973577,55.423164,17.470000,Новофёдоровское,
Новофёдоровское,Троицкий,55,36.997261,55.423554,12.360000,Новофёдоровское,
Новофёдоровское,Троицкий,56,37.005156,55.423683,13.830000,Новофёдоровское,
Новофёдоровское,Троицкий,57,37.013051,55.423812,12.070000,Новофёдоровское,
Новофёдоровское,Троицкий,58,37.020947,55.423940,8.670000,Новофёдоровское,
Новофёдоровское,Троицкий,59,37.036737,55.424194,6.760000,Новофёдоровское,
Новофёдоровское,Троицкий,60,37.044632,55.424321,6.790000,Новофёдоровское,
Новофёдоровское,Троицкий,61,37.052528,55.424447,5.840000,Новофёдоровское,
Новофёдоровское,Троицкий,62,37.060423,55.424572,5.390000,Новофёдоровское,
Новофёдоровское,Троицкий,63,37.068318,55.424697,5.740000,Новофёдоровское,
Новофёдоровское,Троицкий,64,36.894394,55.426320,16.770000,Новофёдоровское,
Новофёдоровское,Троицкий,65,36.902289,55.426456,13.330000,Новофёдоровское,
Новофёдоровское,Троицкий,66,36.957556,55.427391,25.230000,Новофёдоровское,
Новофёдоровское,Троицкий,67,36.965451,55.427523,23.540000,Новофёдоровское,
Новофёдоровское,Троицкий,68,36.997034,55.428044,8.670000,Новофёдоровское,
Новофёдоровское,Троицкий,69,37.004930,55.428173,9.160000,Новофёдоровское,
Новофёдоровское,Троицкий,70,37.012826,55.428302,7.470000,Новофёдоровское,
Новофёдоровское,Троицкий,71,37.020722,55.428430,5.580000,Новофёдоровское,
Новофёдоровское,Троицкий,72,37.028618,55.428557,6.100000,Новофёдоровское,
Новофёдоровское,Троицкий,73,37.036514,55.428684,6.170000,Новофёдоровское,
Новофёдоровское,Троицкий,74,37.052307,55.428937,6.210000,Новофёдоровское,
Новофёдоровское,Троицкий,75,37.060203,55.429062,5.700000,Новофёдоровское,
Новофёдоровское,Троицкий,76,37.068099,55.429187,6.150000,Новофёдоровское,
Новофёдоровское,Троицкий,77,37.075996,55.429312,6.030000,Новофёдоровское,
Новофёдоровское,Троицкий,78,37.083892,55.429436,5.990000,Новофёдоровское,
Новофёдоровское,Троицкий,79,36.894155,55.430810,17.050000,Новофёдоровское,
Новофёдоровское,Троицкий,80,36.902050,55.430946,13.720000,Новофёдоровское,
Новофёдоровское,Троицкий,81,36.909946,55.431081,12.560000,Новофёдоровское,
Новофёдоровское,Троицкий,82,36.949427,55.431749,24.940000,Новофёдоровское,
Новофёдоровское,Троицкий,83,36.957324,55.431881,28.410000,Новофёдоровское,
Новофёдоровское,Троицкий,84,36.965220,55.432013,26.430000,Новофёдоровское,
Новофёдоровское,Троицкий,85,36.973117,55.432144,17.570000,Новофёдоровское,
Новофёдоровское,Троицкий,86,36.996807,55.432534,5.820000,Новофёдоровское,
Новофёдоровское,Троицкий,87,37.004703,55.432663,5.310000,Новофёдоровское,
Новофёдоровское,Троицкий,88,37.052085,55.433427,6.530000,Новофёдоровское,
Новофёдоровское,Троицкий,89,37.059983,55.433553,5.970000,Новофёдоровское,
Новофёдоровское,Троицкий,90,37.067880,55.433678,6.350000,Новофёдоровское,
Новофёдоровское,Троицкий,91,37.075777,55.433802,6.340000,Новофёдоровское,
Новофёдоровское,Троицкий,92,37.083675,55.433926,6.300000,Новофёдоровское,
Новофёдоровское,Троицкий,93,37.091572,55.434050,5.920000,Новофёдоровское,
Новофёдоровское,Троицкий,94,36.901812,55.435436,14.940000,Новофёдоровское,
Новофёдоровское,Троицкий,95,36.909709,55.435571,13.780000,Новофёдоровское,
Новофёдоровское,Троицкий,96,36.917606,55.435706,13.800000,Новофёдоровское,
Новофёдоровское,Троицкий,97,36.941297,55.436107,18.330000,Новофёдоровское,
Новофёдоровское,Троицкий,98,36.957092,55.436371,30.500000,Новофёдоровское,
Новофёдоровское,Троицкий,99,36.964989,55.436503,24.890000,Новофёдоровское,
Новофёдоровское,Троицкий,100,36.972887,55.436634,15.310000,Новофёдоровское,
Новофёдоровское,Троицкий,101,36.996579,55.437024,6.570000,Новофёдоровское,
Новофёдоровское,Троицкий,102,37.004477,55.437154,5.650000,Новофёдоровское,
Новофёдоровское,Троицкий,103,37.028170,55.437538,5.430000,Новофёдоровское,
Новофёдоровское,Троицкий,104,37.036068,55.437665,6.160000,Новофёдоровское,
Новофёдоровское,Троицкий,105,37.043966,55.437791,6.610000,Новофёдоровское,
Новофёдоровское,Троицкий,106,37.051864,55.437917,6.420000,Новофёдоровское,
Новофёдоровское,Троицкий,107,37.059762,55.438043,6.260000,Новофёдоровское,
Новофёдоровское,Троицкий,108,37.067660,55.438168,6.290000,Новофёдоровское,
Новофёдоровское,Троицкий,109,37.075559,55.438292,6.240000,Новофёдоровское,
Новофёдоровское,Троицкий,110,37.083457,55.438416,6.300000,Новофёдоровское,
Новофёдоровское,Троицкий,111,36.909472,55.440061,15.920000,Новофёдоровское,
Новофёдоровское,Троицкий,112,36.933165,55.440463,16.370000,Новофёдоровское,
Новофёдоровское,Троицкий,113,36.956860,55.440861,26.840000,Новофёдоровское,
Новофёдоровское,Троицкий,114,36.988453,55.441385,8.220000,Новофёдоровское,
Новофёдоровское,Троицкий,115,37.027946,55.442028,5.260000,Новофёдоровское,
Новофёдоровское,Троицкий,116,37.035845,55.442155,5.260000,Новофёдоровское,
Новофёдоровское,Троицкий,117,37.043744,55.442282,6.030000,Новофёдоровское,
Новофёдоровское,Троицкий,118,37.059542,55.442533,6.180000,Новофёдоровское,
Новофёдоровское,Троицкий,119,37.067441,55.442658,6.510000,Новофёдоровское,
Новофёдоровское,Троицкий,120,37.075340,55.442783,6.570000,Новофёдоровское,
Новофёдоровское,Троицкий,121,37.099038,55.443153,6.420000,Новофёдоровское,
Новофёдоровское,Троицкий,122,37.106937,55.443276,6.370000,Новофёдоровское,
Новофёдоровское,Троицкий,123,36.885538,55.444143,18.900000,Новофёдоровское,
Новофёдоровское,Троицкий,124,36.893437,55.444280,20.880000,Новофёдоровское,
Новофёдоровское,Троицкий,125,36.901336,55.444415,20.720000,Новофёдоровское,
Новофёдоровское,Троицкий,126,36.925032,55.444820,20.910000,Новофёдоровское,
Новофёдоровское,Троицкий,127,36.932931,55.444953,22.840000,Новофёдоровское,
Новофёдоровское,Троицкий,128,36.940830,55.445087,28.870000,Новофёдоровское,
Новофёдоровское,Троицкий,129,36.948729,55.445219,28.380000,Новофёдоровское,
Новофёдоровское,Троицкий,130,36.956628,55.445351,24.240000,Новофёдоровское,
Новофёдоровское,Троицкий,131,36.980325,55.445745,10.070000,Новофёдоровское,
Новофёдоровское,Троицкий,132,36.988225,55.445875,8.680000,Новофёдоровское,
Новофёдоровское,Троицкий,133,36.996124,55.446005,8.240000,Новофёдоровское,
Новофёдоровское,Троицкий,134,37.004023,55.446134,7.620000,Новофёдоровское,
Новофёдоровское,Троицкий,135,37.051422,55.446898,6.390000,Новофёдоровское,
Новофёдоровское,Троицкий,136,37.075121,55.447273,6.820000,Новофёдоровское,
Новофёдоровское,Троицкий,137,36.893198,55.448769,21.110000,Новофёдоровское,
Новофёдоровское,Троицкий,138,36.901097,55.448905,20.870000,Новофёдоровское,
Новофёдоровское,Троицкий,139,36.932696,55.449443,32.670000,Новофёдоровское,
Новофёдоровское,Троицкий,140,36.940596,55.449576,38.560000,Новофёдоровское,
Новофёдоровское,Троицкий,141,36.948496,55.449709,33.080000,Новофёдоровское,
Новофёдоровское,Троицкий,142,36.956396,55.449841,25.940000,Новофёдоровское,
Новофёдоровское,Троицкий,143,36.987996,55.450365,9.180000,Новофёдоровское,
Новофёдоровское,Троицкий,144,36.995896,55.450495,8.650000,Новофёдоровское,
Новофёдоровское,Троицкий,145,37.003797,55.450624,7.680000,Новофёдоровское,
Новофёдоровское,Троицкий,146,37.074903,55.451763,7.410000,Новофёдоровское,
Новофёдоровское,Троицкий,147,36.861357,55.452711,13.870000,Новофёдоровское,
Новофёдоровское,Троицкий,148,36.869258,55.452849,14.810000,Новофёдоровское,
Новофёдоровское,Троицкий,149,36.900859,55.453395,21.290000,Новофёдоровское,
Новофёдоровское,Троицкий,150,36.924560,55.453799,28.480000,Новофёдоровское,
Новофёдоровское,Троицкий,151,36.932461,55.453933,40.480000,Новофёдоровское,
Новофёдоровское,Троицкий,152,36.940362,55.454066,42.330000,Новофёдоровское,
Новофёдоровское,Троицкий,153,36.948262,55.454199,36.550000,Новофёдоровское,
Новофёдоровское,Троицкий,154,36.956163,55.454331,25.140000,Новофёдоровское,
Новофёдоровское,Троицкий,155,36.964064,55.454463,18.420000,Новофёдоровское,
Новофёдоровское,Троицкий,156,36.987767,55.454855,9.200000,Новофёдоровское,
Новофёдоровское,Троицкий,157,36.995669,55.454985,8.420000,Новофёдоровское,
Новофёдоровское,Троицкий,158,36.813710,55.456363,6.210000,Новофёдоровское,
Новофёдоровское,Троицкий,159,36.876916,55.457476,12.480000,Новофёдоровское,
Новофёдоровское,Троицкий,160,36.884818,55.457613,13.700000,Новофёдоровское,
Новофёдоровское,Троицкий,161,36.908522,55.458020,23.610000,Новофёдоровское,
Новофёдоровское,Троицкий,162,36.924324,55.458289,39.350000,Новофёдоровское,
Новофёдоровское,Троицкий,163,36.932226,55.458423,47.350000,Новофёдоровское,
Новофёдоровское,Троицкий,164,36.940128,55.458556,51.090000,Новофёдоровское,
Новофёдоровское,Троицкий,165,36.948029,55.458689,45.000000,Новофёдоровское,
Новофёдоровское,Троицкий,166,36.955931,55.458821,28.370000,Новофёдоровское,
Новофёдоровское,Троицкий,167,36.868773,55.461828,10.350000,Новофёдоровское,
Новофёдоровское,Троицкий,168,36.876675,55.461966,11.790000,Новофёдоровское,
Новофёдоровское,Троицкий,169,36.884577,55.462103,14.180000,Новофёдоровское,
Новофёдоровское,Троицкий,170,36.892479,55.462239,13.940000,Новофёдоровское,
Новофёдоровское,Троицкий,171,36.916186,55.462645,36.370000,Новофёдоровское,
Новофёдоровское,Троицкий,172,36.924089,55.462779,45.640000,Новофёдоровское,
Новофёдоровское,Троицкий,173,36.931991,55.462913,56.070000,Новофёдоровское,
Новофёдоровское,Троицкий,174,36.939893,55.463046,55.860000,Новофёдоровское,
Новофёдоровское,Троицкий,175,36.947796,55.463179,52.130000,Новофёдоровское,
Новофёдоровское,Троицкий,176,36.821115,55.465483,5.610000,Новофёдоровское,
Новофёдоровское,Троицкий,177,36.868531,55.466318,10.840000,Новофёдоровское,
Новофёдоровское,Троицкий,178,36.876434,55.466455,12.950000,Новофёдоровское,
Новофёдоровское,Троицкий,179,36.884337,55.466592,13.470000,Новофёдоровское,
Новофёдоровское,Троицкий,180,36.892240,55.466729,13.240000,Новофёдоровское,
Новофёдоровское,Троицкий,181,36.908046,55.467000,24.080000,Новофёдоровское,
Новофёдоровское,Троицкий,182,36.915949,55.467135,39.070000,Новофёдоровское,
Новофёдоровское,Троицкий,183,36.923853,55.467269,48.100000,Новофёдоровское,
Новофёдоровское,Троицкий,184,36.828771,55.470113,5.400000,Новофёдоровское,
Новофёдоровское,Троицкий,185,36.876192,55.470945,12.330000,Новофёдоровское,
Новофёдоровское,Троицкий,186,36.884096,55.471082,11.690000,Новофёдоровское,
Новофёдоровское,Троицкий,187,36.892000,55.471219,14.620000,Новофёдоровское,
Новофёдоровское,Троицкий,188,36.899904,55.471354,18.200000,Новофёдоровское,
Новофёдоровское,Троицкий,189,36.915712,55.471625,34.300000,Новофёдоровское,
Новофёдоровское,Троицкий,190,36.931521,55.471893,53.500000,Новофёдоровское,
Новофёдоровское,Троицкий,191,36.844333,55.474882,5.380000,Новофёдоровское,
Новофёдоровское,Троицкий,192,36.891760,55.475708,15.040000,Новофёдоровское,
Новофёдоровское,Троицкий,193,36.899665,55.475844,18.720000,Новофёдоровское,
Новофёдоровское,Троицкий,194,36.915475,55.476115,34.070000,Новофёдоровское,
Новофёдоровское,Троицкий,195,36.970812,55.477045,15.490000,Новофёдоровское,
Новофёдоровское,Троицкий,196,36.851993,55.479511,6.190000,Новофёдоровское,
Новофёдоровское,Троицкий,197,36.859898,55.479649,7.130000,Новофёдоровское,
Новофёдоровское,Троицкий,198,36.907332,55.480470,30.370000,Новофёдоровское,
Новофёдоровское,Троицкий,199,36.923144,55.480739,35.360000,Новофёдоровское,
Новофёдоровское,Троицкий,200,36.931050,55.480873,32.500000,Новофёдоровское,
Новофёдоровское,Троицкий,201,36.867561,55.484277,7.940000,Новофёдоровское,
Новофёдоровское,Троицкий,202,36.891281,55.484688,12.460000,Новофёдоровское,
Новофёдоровское,Троицкий,203,36.899187,55.484824,20.950000,Новофёдоровское,
Новофёдоровское,Троицкий,204,36.907094,55.484959,30.210000,Новофёдоровское,
Новофёдоровское,Троицкий,205,36.922908,55.485229,31.800000,Новофёдоровское,
Новофёдоровское,Троицкий,206,36.954536,55.485761,17.850000,Новофёдоровское,
Новофёдоровское,Троицкий,207,36.883133,55.489041,9.580000,Новофёдоровское,
Новофёдоровское,Троицкий,208,36.891041,55.489178,11.780000,Новофёдоровское,
Новофёдоровское,Троицкий,209,36.898948,55.489314,17.530000,Новофёдоровское,
Новофёдоровское,Троицкий,210,36.914764,55.489584,29.790000,Новофёдоровское,
Новофёдоровское,Троицкий,211,36.922672,55.489719,29.820000,Новофёдоровское,
Новофёдоровское,Троицкий,212,36.882892,55.493531,9.230000,Новофёдоровское,
Новофёдоровское,Троицкий,213,36.890801,55.493668,10.990000,Новофёдоровское,
Новофёдоровское,Троицкий,214,36.922435,55.494209,32.360000,Новофёдоровское,
Новофёдоровское,Троицкий,215,36.914289,55.498564,28.180000,Новофёдоровское,
Новофёдоровское,Троицкий,216,36.922199,55.498698,31.640000,Новофёдоровское,
Новофёдоровское,Троицкий,217,36.930108,55.498832,30.160000,Новофёдоровское,
Новофёдоровское,Троицкий,218,36.921962,55.503188,27.540000,Новофёдоровское,
Новофёдоровское,Троицкий,219,36.929873,55.503322,28.500000,Новофёдоровское,
Новофёдоровское,Троицкий,220,36.818883,55.505889,5.160000,Новофёдоровское,
Новофёдоровское,Троицкий,221,36.826794,55.506030,5.160000,Новофёдоровское,
Новофёдоровское,Троицкий,222,36.834704,55.506170,5.160000,Новофёдоровское,
Обручевский,Юго-Западный,1,37.494442,55.646366,79.320000,Обручевский,
Обручевский,Юго-Западный,2,37.502384,55.646463,83.680000,Обручевский,
Обручевский,Юго-Западный,3,37.486327,55.650759,79.360000,Обручевский,
Обручевский,Юго-Западный,4,37.494270,55.650857,79.500000,Обручевский,
Обручевский,Юго-Западный,5,37.502212,55.650954,83.610000,Обручевский,
Обручевский,Юго-Западный,6,37.517928,55.655638,82.650000,Обручевский,
Обручевский,Юго-Западный,7,37.509814,55.660033,80.700000,Обручевский,
Обручевский,Юго-Западный,8,37.517759,55.660129,83.310000,Обручевский,
Обручевский,Юго-Западный,9,37.525703,55.660225,86.490000,Обручевский,
Обручевский,Юго-Западный,10,37.533648,55.660320,86.700000,Обручевский,
Обручевский,Юго-Западный,11,37.541593,55.660415,83.740000,Обручевский,
Обручевский,Юго-Западный,12,37.517589,55.664621,88.860000,Обручевский,
Обручевский,Юго-Западный,13,37.525535,55.664716,87.920000,Обручевский,
Обручевский,Юго-Западный,14,37.541426,55.664906,85.820000,Обручевский,
Обручевский,Юго-Западный,15,37.525366,55.669207,90.340000,Обручевский,
Обручевский,Юго-Западный,16,37.549206,55.669492,89.050000,Обручевский,
Орехово-Борисово Северное,Южный,1,37.702133,55.612793,88.140000,Орехово-Борисово Северное,
Орехово-Борисово Северное,Южный,2,37.710069,55.612877,88.240000,Орехово-Борисово Северное,
Орехово-Борисово Северное,Южный,3,37.718005,55.612960,88.480000,Орехово-Борисово Северное,
Орехово-Борисово Северное,Южный,4,37.725941,55.613043,88.860000,Орехово-Борисово Северное,
Орехово-Борисово Северное,Южный,5,37.701985,55.617285,85.580000,Орехово-Борисово Северное,
Орехово-Борисово Северное,Южный,6,37.709922,55.617368,86.680000,Орехово-Борисово Северное,
Орехово-Борисово Северное,Южный,7,37.717858,55.617452,87.460000,Орехово-Борисово Северное,
Орехово-Борисово Северное,Южный,8,37.725795,55.617534,87.680000,Орехово-Борисово Северное,
Орехово-Борисово Северное,Южный,9,37.701837,55.621776,83.420000,Орехово-Борисово Северное,
Орехово-Борисово Северное,Южный,10,37.709774,55.621860,83.760000,Орехово-Борисово Северное,
Орехово-Борисово Северное,Южный,11,37.717712,55.621943,83.500000,Орехово-Борисово Северное,
Орехово-Борисово Северное,Южный,12,37.725649,55.622026,85.600000,Орехово-Борисово Северное,
Орехово-Борисово Северное,Южный,13,37.709627,55.626352,80.040000,Орехово-Борисово Северное,
Орехово-Борисово Северное,Южный,14,37.717565,55.626435,81.670000,Орехово-Борисово Северное,
Орехово-Борисово Северное,Южный,15,37.725504,55.626517,82.080000,Орехово-Борисово Северное,
Орехово-Борисово Южное,Южный,1,37.726669,55.590584,72.800000,Орехово-Борисово Южное,
Орехово-Борисово Южное,Южный,2,37.718591,55.594993,79.940000,Орехово-Борисово Южное,
Орехово-Борисово Южное,Южный,3,37.726523,55.595076,77.840000,Орехово-Борисово Южное,
Орехово-Борисово Южное,Южный,4,37.710511,55.599402,84.370000,Орехово-Борисово Южное,
Орехово-Борисово Южное,Южный,5,37.718444,55.599485,83.390000,Орехово-Борисово Южное,
Орехово-Борисово Южное,Южный,6,37.726378,55.599568,82.340000,Орехово-Борисово Южное,
Орехово-Борисово Южное,Южный,7,37.734311,55.599650,81.310000,Орехово-Борисово Южное,
Орехово-Борисово Южное,Южный,8,37.710364,55.603893,88.350000,Орехово-Борисово Южное,
Орехово-Борисово Южное,Южный,9,37.718298,55.603977,89.510000,Орехово-Борисово Южное,
Орехово-Борисово Южное,Южный,10,37.726232,55.604059,88.650000,Орехово-Борисово Южное,
Орехово-Борисово Южное,Южный,11,37.734166,55.604141,84.240000,Орехово-Борисово Южное,
Орехово-Борисово Южное,Южный,12,37.742100,55.604223,84.580000,Орехово-Борисово Южное,
Орехово-Борисово Южное,Южный,13,37.750034,55.604304,83.560000,Орехово-Борисово Южное,
Орехово-Борисово Южное,Южный,14,37.757969,55.604385,74.860000,Орехово-Борисово Южное,
Орехово-Борисово Южное,Южный,15,37.702282,55.608301,89.450000,Орехово-Борисово Южное,
Орехово-Борисово Южное,Южный,16,37.710217,55.608385,89.390000,Орехово-Борисово Южное,
Орехово-Борисово Южное,Южный,17,37.718151,55.608468,88.610000,Орехово-Борисово Южное,
Орехово-Борисово Южное,Южный,18,37.726086,55.608551,89.220000,Орехово-Борисово Южное,
Орехово-Борисово Южное,Южный,19,37.734021,55.608633,89.110000,Орехово-Борисово Южное,
Орехово-Борисово Южное,Южный,20,37.741956,55.608715,89.300000,Орехово-Борисово Южное,
Орехово-Борисово Южное,Южный,21,37.757827,55.608877,82.930000,Орехово-Борисово Южное,
Орехово-Борисово Южное,Южный,22,37.765762,55.608957,70.950000,Орехово-Борисово Южное,
Орехово-Борисово Южное,Южный,23,37.773557,55.613528,55.310000,Орехово-Борисово Южное,
Орехово-Борисово Южное,Южный,24,37.781354,55.618099,54.080000,Орехово-Борисово Южное,
Останкинский,Северо-Восточный,1,37.632074,55.800744,84.160000,Останкинский,
Останкинский,Северо-Восточный,2,37.623942,55.805146,83.610000,Останкинский,
Останкинский,Северо-Восточный,3,37.631916,55.805235,83.970000,Останкинский,
Останкинский,Северо-Восточный,4,37.615808,55.809548,80.760000,Останкинский,
Останкинский,Северо-Восточный,5,37.623783,55.809638,81.900000,Останкинский,
Останкинский,Северо-Восточный,6,37.631759,55.809727,85.170000,Останкинский,
Останкинский,Северо-Восточный,7,37.615648,55.814040,84.290000,Останкинский,
Останкинский,Северо-Восточный,8,37.623625,55.814129,80.690000,Останкинский,
Останкинский,Северо-Восточный,9,37.631601,55.814218,87.070000,Останкинский,
Останкинский,Северо-Восточный,10,37.615489,55.818531,86.760000,Останкинский,
Останкинский,Северо-Восточный,11,37.623466,55.818620,84.280000,Останкинский,
Останкинский,Северо-Восточный,12,37.631443,55.818709,88.790000,Останкинский,
Останкинский,Северо-Восточный,13,37.639421,55.818798,88.630000,Останкинский,
Останкинский,Северо-Восточный,14,37.607351,55.822932,83.980000,Останкинский,
Останкинский,Северо-Восточный,15,37.623307,55.823112,84.510000,Останкинский,
Останкинский,Северо-Восточный,16,37.631286,55.823201,88.170000,Останкинский,
Останкинский,Северо-Восточный,17,37.639264,55.823289,87.790000,Останкинский,
Останкинский,Северо-Восточный,18,37.638950,55.832272,82.650000,Останкинский,
Останкинский,Северо-Восточный,19,37.582927,55.836132,84.440000,Останкинский,
Останкинский,Северо-Восточный,20,37.590908,55.836224,81.950000,Останкинский,
Останкинский,Северо-Восточный,21,37.630655,55.841166,83.200000,Останкинский,
Останкинский,Северо-Восточный,22,37.606548,55.845388,68.620000,Останкинский,
Останкинский,Северо-Восточный,23,37.630497,55.845657,86.880000,Останкинский,
Останкинский,Северо-Восточный,24,37.622355,55.850059,81.330000,Останкинский,
Останкинский,Северо-Восточный,25,37.622196,55.854551,82.450000,Останкинский,
Отрадное,Северо-Восточный,1,37.574453,55.849514,84.770000,Отрадное,
Отрадное,Северо-Восточный,2,37.582437,55.849606,84.450000,Отрадное,
Отрадное,Северо-Восточный,3,37.590420,55.849698,82.140000,Отрадное,
Отрадное,Северо-Восточный,4,37.598404,55.849789,82.830000,Отрадное,
Отрадное,Северо-Восточный,5,37.606388,55.849880,77.280000,Отрадное,
Отрадное,Северо-Восточный,6,37.614371,55.849970,79.080000,Отрадное,
Отрадное,Северо-Восточный,7,37.574289,55.854005,84.210000,Отрадное,
Отрадное,Северо-Восточный,8,37.582273,55.854097,82.860000,Отрадное,
Отрадное,Северо-Восточный,9,37.590258,55.854189,84.000000,Отрадное,
Отрадное,Северо-Восточный,10,37.598242,55.854280,83.730000,Отрадное,
Отрадное,Северо-Восточный,11,37.606227,55.854371,84.090000,Отрадное,
Отрадное,Северо-Восточный,12,37.614211,55.854461,82.050000,Отрадное,
Отрадное,Северо-Восточный,13,37.574124,55.858496,83.280000,Отрадное,
Отрадное,Северо-Восточный,14,37.582110,55.858588,80.260000,Отрадное,
Отрадное,Северо-Восточный,15,37.590095,55.858680,82.710000,Отрадное,
Отрадное,Северо-Восточный,16,37.606066,55.858862,85.120000,Отрадное,
Отрадное,Северо-Восточный,17,37.614051,55.858952,84.720000,Отрадное,
Отрадное,Северо-Восточный,18,37.622037,55.859042,84.960000,Отрадное,
Отрадное,Северо-Восточный,19,37.581946,55.863080,83.500000,Отрадное,
Отрадное,Северо-Восточный,20,37.589932,55.863171,84.940000,Отрадное,
Отрадное,Северо-Восточный,21,37.597919,55.863263,87.680000,Отрадное,
Отрадное,Северо-Восточный,22,37.605905,55.863353,86.160000,Отрадное,
Отрадное,Северо-Восточный,23,37.621878,55.863533,83.300000,Отрадное,
Отрадное,Северо-Восточный,24,37.629865,55.863622,80.290000,Отрадное,
Отрадное,Северо-Восточный,25,37.573795,55.867479,83.160000,Отрадное,
Отрадное,Северо-Восточный,26,37.581782,55.867571,84.010000,Отрадное,
Отрадное,Северо-Восточный,27,37.589770,55.867663,82.130000,Отрадное,
Отрадное,Северо-Восточный,28,37.597757,55.867754,87.460000,Отрадное,
Отрадное,Северо-Восточный,29,37.605744,55.867845,86.730000,Отрадное,
Отрадное,Северо-Восточный,30,37.613732,55.867935,86.160000,Отрадное,
Отрадное,Северо-Восточный,31,37.621719,55.868025,82.240000,Отрадное,
Отрадное,Северо-Восточный,32,37.589607,55.872154,81.650000,Отрадное,
Отрадное,Северо-Восточный,33,37.597595,55.872245,82.820000,Отрадное,
Отрадное,Северо-Восточный,34,37.605583,55.872336,85.520000,Отрадное,
Отрадное,Северо-Восточный,35,37.613572,55.872426,82.150000,Отрадное,
Отрадное,Северо-Восточный,36,37.597433,55.876736,86.580000,Отрадное,
Отрадное,Северо-Восточный,37,37.605422,55.876827,87.500000,Отрадное,
Отрадное,Северо-Восточный,38,37.613411,55.876917,85.170000,Отрадное,
Очаково-Матвеевское,Западный,1,37.438135,55.663635,76.140000,Очаково-Матвеевское,
Очаково-Матвеевское,Западный,2,37.437956,55.668126,77.290000,Очаково-Матвеевское,
Очаково-Матвеевское,Западный,3,37.429831,55.672516,70.930000,Очаково-Матвеевское,
Очаково-Матвеевское,Западный,4,37.437778,55.672617,80.920000,Очаково-Матвеевское,
Очаково-Матвеевское,Западный,5,37.445724,55.672718,86.620000,Очаково-Матвеевское,
Очаково-Матвеевское,Западный,6,37.421703,55.676905,57.770000,Очаково-Матвеевское,
Очаково-Матвеевское,Западный,7,37.429651,55.677007,64.990000,Очаково-Матвеевское,
Очаково-Матвеевское,Западный,8,37.437598,55.677108,78.990000,Очаково-Матвеевское,
Очаково-Матвеевское,Западный,9,37.445546,55.677209,86.900000,Очаково-Матвеевское,
Очаково-Матвеевское,Западный,10,37.429471,55.681498,62.010000,Очаково-Матвеевское,
Очаково-Матвеевское,Западный,11,37.437419,55.681599,78.110000,Очаково-Матвеевское,
Очаково-Матвеевское,Западный,12,37.445368,55.681700,84.930000,Очаково-Матвеевское,
Очаково-Матвеевское,Западный,13,37.453317,55.681801,87.690000,Очаково-Матвеевское,
Очаково-Матвеевское,Западный,14,37.461266,55.681900,87.820000,Очаково-Матвеевское,
Очаково-Матвеевское,Западный,15,37.469215,55.682000,81.670000,Очаково-Матвеевское,
Очаково-Матвеевское,Западный,16,37.429291,55.685989,59.660000,Очаково-Матвеевское,
Очаково-Матвеевское,Западный,17,37.437240,55.686090,76.280000,Очаково-Матвеевское,
Очаково-Матвеевское,Западный,18,37.453140,55.686292,83.240000,Очаково-Матвеевское,
Очаково-Матвеевское,Западный,19,37.461090,55.686392,81.320000,Очаково-Матвеевское,
Очаково-Матвеевское,Западный,20,37.413210,55.690275,49.150000,Очаково-Матвеевское,
Очаково-Матвеевское,Западный,21,37.421160,55.690378,51.080000,Очаково-Матвеевское,
Очаково-Матвеевское,Западный,22,37.429111,55.690480,59.760000,Очаково-Матвеевское,
Очаково-Матвеевское,Западный,23,37.437061,55.690581,66.000000,Очаково-Матвеевское,
Очаково-Матвеевское,Западный,24,37.452962,55.690783,79.970000,Очаково-Матвеевское,
Очаково-Матвеевское,Западный,25,37.460913,55.690883,80.540000,Очаково-Матвеевское,
Очаково-Матвеевское,Западный,26,37.413028,55.694766,52.760000,Очаково-Матвеевское,
Очаково-Матвеевское,Западный,27,37.420979,55.694869,49.960000,Очаково-Матвеевское,
Очаково-Матвеевское,Западный,28,37.428930,55.694971,54.790000,Очаково-Матвеевское,
Очаково-Матвеевское,Западный,29,37.436882,55.695072,55.970000,Очаково-Матвеевское,
Очаково-Матвеевское,Западный,30,37.444833,55.695173,63.650000,Очаково-Матвеевское,
Очаково-Матвеевское,Западный,31,37.452785,55.695274,73.340000,Очаково-Матвеевское,
Очаково-Матвеевское,Западный,32,37.460737,55.695374,79.910000,Очаково-Матвеевское,
Очаково-Матвеевское,Западный,33,37.412846,55.699257,58.390000,Очаково-Матвеевское,
Очаково-Матвеевское,Западный,34,37.428750,55.699462,53.990000,Очаково-Матвеевское,
Очаково-Матвеевское,Западный,35,37.436703,55.699563,50.760000,Очаково-Матвеевское,
Очаково-Матвеевское,Западный,36,37.444655,55.699664,54.980000,Очаково-Матвеевское,
Очаково-Матвеевское,Западный,37,37.452608,55.699765,72.020000,Очаково-Матвеевское,
Очаково-Матвеевское,Западный,38,37.460560,55.699865,79.790000,Очаково-Матвеевское,
Очаково-Матвеевское,Западный,39,37.468513,55.699964,83.710000,Очаково-Матвеевское,
Очаково-Матвеевское,Западный,40,37.412664,55.703748,66.110000,Очаково-Матвеевское,
Очаково-Матвеевское,Западный,41,37.420617,55.703851,59.360000,Очаково-Матвеевское,
Очаково-Матвеевское,Западный,42,37.436523,55.704054,60.390000,Очаково-Матвеевское,
Очаково-Матвеевское,Западный,43,37.444477,55.704155,64.310000,Очаково-Матвеевское,
Очаково-Матвеевское,Западный,44,37.460383,55.704356,78.710000,Очаково-Матвеевское,
Очаково-Матвеевское,Западный,45,37.468337,55.704455,82.640000,Очаково-Матвеевское,
Очаково-Матвеевское,Западный,46,37.476290,55.704554,82.300000,Очаково-Матвеевское,
Очаково-Матвеевское,Западный,47,37.460207,55.708847,78.930000,Очаково-Матвеевское,
Очаково-Матвеевское,Западный,48,37.468161,55.708946,80.310000,Очаково-Матвеевское,
Очаково-Матвеевское,Западный,49,37.476116,55.709045,82.030000,Очаково-Матвеевское,
Очаково-Матвеевское,Западный,50,37.484070,55.709144,81.910000,Очаково-Матвеевское,
Очаково-Матвеевское,Западный,51,37.475941,55.713536,79.620000,Очаково-Матвеевское,
Очаково-Матвеевское,Западный,52,37.483896,55.713635,76.220000,Очаково-Матвеевское,
Первомайское,Троицкий,1,37.130423,55.448131,6.230000,Первомайское,
Первомайское,Троицкий,2,37.122310,55.452500,6.490000,Первомайское,
Первомайское,Троицкий,3,37.138112,55.452742,5.890000,Первомайское,
Первомайское,Троицкий,4,37.145803,55.457352,6.470000,Первомайское,
Первомайское,Троицкий,5,37.177206,55.462318,7.590000,Первомайское,
Первомайское,Троицкий,6,37.105861,55.465728,7.070000,Первомайское,
Первомайское,Троицкий,7,37.169094,55.466690,6.190000,Первомайское,
Первомайское,Троицкий,8,37.192808,55.467043,8.190000,Первомайское,
Первомайское,Троицкий,9,37.145171,55.470824,7.370000,Первомайское,
Первомайское,Троицкий,10,37.153076,55.470943,7.880000,Первомайское,
Первомайское,Троицкий,11,37.160981,55.471062,6.720000,Первомайское,
Первомайское,Троицкий,12,37.168886,55.471181,6.440000,Первомайское,
Первомайское,Троицкий,13,37.208413,55.471766,7.020000,Первомайское,
Первомайское,Троицкий,14,37.152866,55.475434,7.240000,Первомайское,
Первомайское,Троицкий,15,37.255649,55.476942,23.690000,Первомайское,
Первомайское,Троицкий,16,37.263556,55.477054,36.920000,Первомайское,
Первомайское,Троицкий,17,37.271463,55.477166,38.950000,Первомайское,
Первомайское,Троицкий,18,37.152656,55.479924,6.700000,Первомайское,
Первомайское,Троицкий,19,37.271266,55.481657,47.800000,Первомайское,
Первомайское,Троицкий,20,37.136630,55.484175,6.010000,Первомайское,
Первомайское,Троицкий,21,37.144538,55.484295,6.100000,Первомайское,
Первомайское,Троицкий,22,37.239435,55.485697,13.980000,Первомайское,
Первомайское,Троицкий,23,37.255252,55.485923,40.560000,Первомайское,
Первомайское,Троицкий,24,37.263161,55.486036,44.240000,Первомайское,
Первомайское,Троицкий,25,37.271069,55.486148,47.830000,Первомайское,
Первомайское,Троицкий,26,37.183871,55.489379,6.160000,Первомайское,
Первомайское,Троицкий,27,37.223416,55.489959,7.980000,Первомайское,
Первомайское,Троицкий,28,37.255054,55.490414,38.280000,Первомайское,
Первомайское,Троицкий,29,37.262963,55.490526,43.100000,Первомайское,
Первомайское,Троицкий,30,37.128296,55.493035,6.810000,Первомайское,
Первомайское,Троицкий,31,37.144115,55.493276,10.850000,Первомайское,
Первомайское,Троицкий,32,37.183664,55.493869,6.660000,Первомайское,
Первомайское,Троицкий,33,37.199484,55.494103,8.080000,Первомайское,
Первомайское,Троицкий,34,37.207394,55.494219,9.110000,Первомайское,
Первомайское,Троицкий,35,37.254855,55.494905,33.450000,Первомайское,
Первомайское,Троицкий,36,37.262765,55.495017,35.620000,Первомайское,
Первомайское,Троицкий,37,37.128083,55.497526,7.740000,Первомайское,
Первомайское,Троицкий,38,37.135994,55.497646,10.210000,Первомайское,
Первомайское,Троицкий,39,37.167636,55.498124,8.890000,Первомайское,
Первомайское,Троицкий,40,37.175546,55.498242,7.200000,Первомайское,
Первомайское,Троицкий,41,37.199279,55.498594,8.560000,Первомайское,
Первомайское,Троицкий,42,37.207190,55.498710,10.090000,Первомайское,
Первомайское,Троицкий,43,37.223012,55.498940,11.350000,Первомайское,
Первомайское,Троицкий,44,37.230923,55.499055,12.410000,Первомайское,
Первомайское,Троицкий,45,37.238834,55.499169,16.050000,Первомайское,
Первомайское,Троицкий,46,37.246745,55.499282,22.420000,Первомайское,
Первомайское,Троицкий,47,37.262568,55.499508,33.500000,Первомайское,
Первомайское,Троицкий,48,37.270479,55.499620,32.120000,Первомайское,
Первомайское,Троицкий,49,37.278390,55.499732,32.820000,Первомайское,
Первомайское,Троицкий,50,37.294213,55.499953,44.510000,Первомайское,
Первомайское,Троицкий,51,37.159516,55.502496,10.070000,Первомайское,
Первомайское,Троицкий,52,37.167427,55.502615,10.350000,Первомайское,
Первомайское,Троицкий,53,37.175339,55.502733,8.950000,Первомайское,
Первомайское,Троицкий,54,37.183250,55.502850,8.470000,Первомайское,
Первомайское,Троицкий,55,37.206986,55.503200,11.030000,Первомайское,
Первомайское,Троицкий,56,37.214898,55.503316,12.090000,Первомайское,
Первомайское,Троицкий,57,37.222809,55.503431,12.840000,Первомайское,
Первомайское,Троицкий,58,37.230721,55.503546,14.510000,Первомайское,
Первомайское,Троицкий,59,37.238633,55.503660,19.890000,Первомайское,
Первомайское,Троицкий,60,37.246546,55.503773,25.340000,Первомайское,
Первомайское,Троицкий,61,37.254458,55.503886,30.170000,Первомайское,
Первомайское,Троицкий,62,37.270282,55.504111,28.990000,Первомайское,
Первомайское,Троицкий,63,37.278194,55.504222,33.520000,Первомайское,
Первомайское,Троицкий,64,37.286107,55.504333,37.410000,Первомайское,
Первомайское,Троицкий,65,37.301932,55.504554,37.680000,Первомайское,
Первомайское,Троицкий,66,37.159306,55.506987,11.470000,Первомайское,
Первомайское,Троицкий,67,37.167219,55.507105,11.760000,Первомайское,
Первомайское,Троицкий,68,37.175131,55.507223,10.930000,Первомайское,
Первомайское,Троицкий,69,37.183044,55.507341,9.920000,Первомайское,
Первомайское,Троицкий,70,37.214694,55.507807,16.060000,Первомайское,
Первомайское,Троицкий,71,37.222607,55.507922,24.330000,Первомайское,
Первомайское,Троицкий,72,37.230520,55.508036,25.920000,Первомайское,
Первомайское,Троицкий,73,37.238433,55.508150,25.260000,Первомайское,
Первомайское,Троицкий,74,37.254259,55.508377,28.350000,Первомайское,
Первомайское,Троицкий,75,37.262172,55.508490,28.410000,Первомайское,
Первомайское,Троицкий,76,37.270085,55.508602,27.710000,Первомайское,
Первомайское,Троицкий,77,37.277998,55.508713,28.910000,Первомайское,
Первомайское,Троицкий,78,37.285912,55.508824,34.260000,Первомайское,
Первомайское,Троицкий,79,37.293825,55.508935,35.380000,Первомайское,
Первомайское,Троицкий,80,37.301738,55.509045,32.790000,Первомайское,
Первомайское,Троицкий,81,37.309652,55.509154,36.670000,Первомайское,
Первомайское,Троицкий,82,37.174923,55.511714,12.230000,Первомайское,
Первомайское,Троицкий,83,37.190750,55.511949,13.420000,Первомайское,
Первомайское,Троицкий,84,37.214491,55.512297,24.670000,Первомайское,
Первомайское,Троицкий,85,37.222405,55.512412,32.070000,Первомайское,
Первомайское,Троицкий,86,37.230318,55.512527,31.780000,Первомайское,
Первомайское,Троицкий,87,37.238232,55.512641,29.330000,Первомайское,
Первомайское,Троицкий,88,37.246146,55.512755,28.300000,Первомайское,
Первомайское,Троицкий,89,37.254060,55.512868,24.590000,Первомайское,
Первомайское,Троицкий,90,37.261974,55.512980,23.200000,Первомайское,
Первомайское,Троицкий,91,37.269888,55.513092,17.520000,Первомайское,
Первомайское,Троицкий,92,37.277802,55.513204,22.460000,Первомайское,
Первомайское,Троицкий,93,37.285717,55.513315,26.960000,Первомайское,
Первомайское,Троицкий,94,37.301545,55.513536,29.070000,Первомайское,
Первомайское,Троицкий,95,37.119317,55.515366,16.640000,Первомайское,
Первомайское,Троицкий,96,37.135145,55.515608,14.190000,Первомайское,
Первомайское,Троицкий,97,37.150973,55.515848,13.430000,Первомайское,
Первомайское,Троицкий,98,37.166801,55.516086,13.930000,Первомайское,
Первомайское,Троицкий,99,37.190544,55.516439,15.870000,Первомайское,
Первомайское,Троицкий,100,37.222202,55.516903,39.090000,Первомайское,
Первомайское,Троицкий,101,37.230117,55.517018,34.430000,Первомайское,
Первомайское,Троицкий,102,37.238032,55.517132,30.040000,Первомайское,
Первомайское,Троицкий,103,37.245946,55.517245,26.230000,Первомайское,
Первомайское,Троицкий,104,37.261776,55.517471,14.710000,Первомайское,
Первомайское,Троицкий,105,37.269691,55.517583,13.850000,Первомайское,
Первомайское,Троицкий,106,37.277606,55.517695,13.910000,Первомайское,
Первомайское,Троицкий,107,37.285521,55.517806,15.290000,Первомайское,
Первомайское,Троицкий,108,37.293436,55.517916,21.720000,Первомайское,
Первомайское,Троицкий,109,37.301352,55.518026,29.260000,Первомайское,
Первомайское,Троицкий,110,37.309267,55.518136,33.130000,Первомайское,
Первомайское,Троицкий,111,37.317182,55.518245,38.680000,Первомайское,
Первомайское,Троицкий,112,37.325097,55.518353,41.150000,Первомайское,
Первомайское,Троицкий,113,37.134932,55.520099,18.130000,Первомайское,
Первомайское,Троицкий,114,37.142847,55.520219,16.900000,Первомайское,
Первомайское,Троицкий,115,37.150762,55.520339,19.430000,Первомайское,
Первомайское,Троицкий,116,37.158677,55.520458,20.500000,Первомайское,
Первомайское,Троицкий,117,37.190338,55.520930,17.970000,Первомайское,
Первомайское,Троицкий,118,37.198253,55.521047,20.900000,Первомайское,
Первомайское,Троицкий,119,37.206169,55.521163,32.870000,Первомайское,
Первомайское,Троицкий,120,37.214084,55.521279,43.440000,Первомайское,
Первомайское,Троицкий,121,37.222000,55.521394,44.140000,Первомайское,
Первомайское,Троицкий,122,37.229915,55.521508,34.580000,Первомайское,
Первомайское,Троицкий,123,37.237831,55.521622,30.240000,Первомайское,
Первомайское,Троицкий,124,37.245747,55.521736,23.730000,Первомайское,
Первомайское,Троицкий,125,37.261578,55.521962,14.060000,Первомайское,
Первомайское,Троицкий,126,37.269494,55.522074,13.000000,Первомайское,
Первомайское,Троицкий,127,37.277410,55.522186,12.370000,Первомайское,
Первомайское,Троицкий,128,37.285326,55.522297,12.410000,Первомайское,
Первомайское,Троицкий,129,37.301158,55.522517,25.980000,Первомайское,
Первомайское,Троицкий,130,37.309074,55.522627,30.800000,Первомайское,
Первомайское,Троицкий,131,37.316990,55.522736,36.560000,Первомайское,
Первомайское,Троицкий,132,37.324907,55.522844,39.300000,Первомайское,
Первомайское,Троицкий,133,37.118888,55.524347,20.810000,Первомайское,
Первомайское,Троицкий,134,37.126804,55.524468,20.420000,Первомайское,
Первомайское,Троицкий,135,37.134720,55.524589,20.690000,Первомайское,
Первомайское,Троицкий,136,37.142635,55.524709,22.860000,Первомайское,
Первомайское,Троицкий,137,37.150551,55.524829,26.920000,Первомайское,
Первомайское,Троицкий,138,37.158467,55.524949,27.070000,Первомайское,
Первомайское,Троицкий,139,37.182216,55.525303,18.800000,Первомайское,
Первомайское,Троицкий,140,37.190132,55.525421,19.270000,Первомайское,
Первомайское,Троицкий,141,37.198048,55.525537,22.490000,Первомайское,
Первомайское,Троицкий,142,37.205964,55.525653,35.860000,Первомайское,
Первомайское,Троицкий,143,37.213881,55.525769,43.470000,Первомайское,
Первомайское,Троицкий,144,37.221797,55.525884,44.760000,Первомайское,
Первомайское,Троицкий,145,37.229714,55.525999,38.300000,Первомайское,
Первомайское,Троицкий,146,37.237630,55.526113,27.890000,Первомайское,
Первомайское,Троицкий,147,37.245547,55.526227,20.870000,Первомайское,
Первомайское,Троицкий,148,37.261380,55.526453,13.980000,Первомайское,
Первомайское,Троицкий,149,37.269297,55.526565,12.510000,Первомайское,
Первомайское,Троицкий,150,37.300964,55.527008,21.670000,Первомайское,
Первомайское,Троицкий,151,37.308882,55.527118,29.490000,Первомайское,
Первомайское,Троицкий,152,37.316799,55.527227,30.160000,Первомайское,
Первомайское,Троицкий,153,37.126590,55.528959,22.500000,Первомайское,
Первомайское,Троицкий,154,37.134507,55.529080,23.100000,Первомайское,
Первомайское,Троицкий,155,37.142424,55.529200,30.810000,Первомайское,
Первомайское,Троицкий,156,37.150341,55.529320,35.870000,Первомайское,
Первомайское,Троицкий,157,37.158258,55.529439,36.980000,Первомайское,
Первомайское,Троицкий,158,37.166174,55.529558,29.740000,Первомайское,
Первомайское,Троицкий,159,37.174091,55.529676,26.850000,Первомайское,
Первомайское,Троицкий,160,37.182008,55.529794,20.340000,Первомайское,
Первомайское,Троицкий,161,37.205760,55.530144,35.580000,Первомайское,
Первомайское,Троицкий,162,37.221594,55.530375,41.940000,Первомайское,
Первомайское,Троицкий,163,37.229512,55.530490,35.600000,Первомайское,
Первомайское,Троицкий,164,37.237429,55.530604,24.610000,Первомайское,
Первомайское,Троицкий,165,37.261182,55.530943,13.250000,Первомайское,
Первомайское,Троицкий,166,37.269100,55.531056,12.020000,Первомайское,
Первомайское,Троицкий,167,37.126377,55.533449,24.740000,Первомайское,
Первомайское,Троицкий,168,37.134295,55.533570,24.810000,Первомайское,
Первомайское,Троицкий,169,37.150130,55.533810,46.510000,Первомайское,
Первомайское,Троицкий,170,37.158048,55.533930,45.490000,Первомайское,
Первомайское,Троицкий,171,37.173883,55.534167,33.330000,Первомайское,
Первомайское,Троицкий,172,37.189719,55.534402,28.920000,Первомайское,
Первомайское,Троицкий,173,37.197637,55.534518,30.190000,Первомайское,
Первомайское,Троицкий,174,37.205555,55.534635,28.950000,Первомайское,
Первомайское,Троицкий,175,37.213474,55.534750,34.930000,Первомайское,
Первомайское,Троицкий,176,37.221392,55.534866,33.890000,Первомайское,
Первомайское,Троицкий,177,37.229310,55.534980,27.390000,Первомайское,
Первомайское,Троицкий,178,37.260984,55.535434,11.060000,Первомайское,
Первомайское,Троицкий,179,37.126163,55.537940,24.510000,Первомайское,
Первомайское,Троицкий,180,37.134082,55.538060,25.570000,Первомайское,
Первомайское,Троицкий,181,37.142000,55.538181,40.430000,Первомайское,
Первомайское,Троицкий,182,37.149919,55.538301,48.020000,Первомайское,
Первомайское,Троицкий,183,37.157838,55.538420,47.830000,Первомайское,
Первомайское,Троицкий,184,37.165756,55.538539,44.620000,Первомайское,
Первомайское,Троицкий,185,37.181594,55.538775,33.880000,Первомайское,
Первомайское,Троицкий,186,37.189513,55.538892,31.820000,Первомайское,
Первомайское,Троицкий,187,37.197432,55.539009,29.280000,Первомайское,
Первомайское,Троицкий,188,37.205351,55.539125,24.980000,Первомайское,
Первомайское,Троицкий,189,37.213270,55.539241,23.590000,Первомайское,
Первомайское,Троицкий,190,37.300383,55.540481,23.390000,Первомайское,
Первомайское,Троицкий,191,37.125950,55.542430,24.250000,Первомайское,
Первомайское,Троицкий,192,37.133869,55.542551,24.360000,Первомайское,
Первомайское,Троицкий,193,37.141789,55.542671,35.720000,Первомайское,
Первомайское,Троицкий,194,37.157628,55.542911,47.440000,Первомайское,
Первомайское,Троицкий,195,37.173467,55.543148,35.370000,Первомайское,
Первомайское,Троицкий,196,37.205146,55.543616,20.410000,Первомайское,
Первомайское,Троицкий,197,37.213066,55.543732,14.320000,Первомайское,
Первомайское,Троицкий,198,37.347714,55.545622,23.190000,Первомайское,
Первомайское,Троицкий,199,37.125736,55.546920,23.320000,Первомайское,
Первомайское,Троицкий,200,37.141577,55.547162,32.190000,Первомайское,
Первомайское,Троицкий,201,37.149497,55.547282,38.320000,Первомайское,
Первомайское,Троицкий,202,37.157418,55.547401,40.620000,Первомайское,
Первомайское,Троицкий,203,37.173259,55.547638,26.240000,Первомайское,
Первомайское,Троицкий,204,37.189100,55.547873,23.630000,Первомайское,
Первомайское,Троицкий,205,37.141365,55.551652,25.940000,Первомайское,
Первомайское,Троицкий,206,37.149286,55.551772,27.500000,Первомайское,
Первомайское,Троицкий,207,37.157207,55.551891,30.160000,Первомайское,
Первомайское,Троицкий,208,37.165129,55.552010,27.020000,Первомайское,
Первомайское,Троицкий,209,37.180972,55.552247,15.150000,Первомайское,
Первомайское,Троицкий,210,37.188893,55.552364,13.820000,Первомайское,
Первомайское,Троицкий,211,37.196815,55.552481,12.870000,Первомайское,
Первомайское,Троицкий,212,37.149075,55.556263,24.220000,Первомайское,
Первомайское,Троицкий,213,37.156997,55.556382,25.670000,Первомайское,
Первомайское,Троицкий,214,37.164920,55.556501,25.540000,Первомайское,
Первомайское,Троицкий,215,37.212455,55.557204,10.450000,Первомайское,
Первомайское,Троицкий,216,37.164710,55.560991,24.980000,Первомайское,
Перово,Восточный,1,37.769757,55.734803,85.900000,Перово,
Перово,Восточный,2,37.753692,55.739134,84.680000,Перово,
Перово,Восточный,3,37.761654,55.739215,86.740000,Перово,
Перово,Восточный,4,37.769615,55.739295,87.710000,Перово,
Перово,Восточный,5,37.745587,55.743545,76.320000,Перово,
Перово,Восточный,6,37.753549,55.743626,79.830000,Перово,
Перово,Восточный,7,37.761511,55.743707,87.340000,Перово,
Перово,Восточный,8,37.769474,55.743787,87.950000,Перово,
Перово,Восточный,9,37.777436,55.743866,88.930000,Перово,
Перово,Восточный,10,37.729516,55.747873,80.160000,Перово,
Перово,Восточный,11,37.737479,55.747955,69.140000,Перово,
Перово,Восточный,12,37.745442,55.748037,73.840000,Перово,
Перово,Восточный,13,37.753406,55.748118,82.260000,Перово,
Перово,Восточный,14,37.761369,55.748198,83.990000,Перово,
Перово,Восточный,15,37.777296,55.748358,91.490000,Перово,
Перово,Восточный,16,37.785259,55.748437,92.460000,Перово,
Перово,Восточный,17,37.721406,55.752282,86.510000,Перово,
Перово,Восточный,18,37.729370,55.752364,81.410000,Перово,
Перово,Восточный,19,37.737334,55.752447,71.790000,Перово,
Перово,Восточный,20,37.745298,55.752528,77.670000,Перово,
Перово,Восточный,21,37.753262,55.752609,84.260000,Перово,
Перово,Восточный,22,37.761227,55.752690,84.420000,Перово,
Перово,Восточный,23,37.769191,55.752770,86.840000,Перово,
Перово,Восточный,24,37.777155,55.752849,90.330000,Перово,
Перово,Восточный,25,37.785120,55.752928,89.860000,Перово,
Перово,Восточный,26,37.793084,55.753007,90.270000,Перово,
Перово,Восточный,27,37.761084,55.757181,84.270000,Перово,
Перово,Восточный,28,37.769050,55.757261,82.030000,Перово,
Перово,Восточный,29,37.777015,55.757341,88.600000,Перово,
Перово,Восточный,30,37.792946,55.757498,90.800000,Перово,
Перово,Восточный,31,37.800911,55.757576,86.590000,Перово,
Перово,Восточный,32,37.768908,55.761753,79.010000,Перово,
Перово,Восточный,33,37.776874,55.761833,82.290000,Перово,
Перово,Восточный,34,37.784841,55.761912,84.080000,Перово,
Перово,Восточный,35,37.792807,55.761990,83.980000,Перово,
Печатники,Юго-Восточный,1,37.685059,55.648556,69.400000,Печатники,
Печатники,Юго-Восточный,2,37.693002,55.648641,76.180000,Печатники,
Печатники,Юго-Восточный,3,37.684909,55.653048,61.240000,Печатники,
Печатники,Юго-Восточный,4,37.692852,55.653133,69.430000,Печатники,
Печатники,Юго-Восточный,5,37.700796,55.653217,77.500000,Печатники,
Печатники,Юго-Восточный,6,37.684758,55.657540,53.750000,Печатники,
Печатники,Юго-Восточный,7,37.692703,55.657624,65.690000,Печатники,
Печатники,Юго-Восточный,8,37.700648,55.657709,74.460000,Печатники,
Печатники,Юго-Восточный,9,37.708592,55.657793,80.750000,Печатники,
Печатники,Юго-Восточный,10,37.676662,55.661946,50.020000,Печатники,
Печатники,Юго-Восточный,11,37.684607,55.662031,47.460000,Печатники,
Печатники,Юго-Восточный,12,37.692553,55.662116,54.590000,Печатники,
Печатники,Юго-Восточный,13,37.700499,55.662200,70.140000,Печатники,
Печатники,Юго-Восточный,14,37.708445,55.662284,76.200000,Печатники,
Печатники,Юго-Восточный,15,37.716390,55.662368,80.890000,Печатники,
Печатники,Юго-Восточный,16,37.676510,55.666437,60.420000,Печатники,
Печатники,Юго-Восточный,17,37.684457,55.666523,57.340000,Печатники,
Печатники,Юго-Восточный,18,37.692403,55.666608,53.210000,Печатники,
Печатники,Юго-Восточный,19,37.700350,55.666692,60.730000,Печатники,
Печатники,Юго-Восточный,20,37.716243,55.666859,77.860000,Печатники,
Печатники,Юго-Восточный,21,37.716096,55.671351,80.600000,Печатники,
Печатники,Юго-Восточный,22,37.724044,55.671434,87.300000,Печатники,
Печатники,Юго-Восточный,23,37.708001,55.675759,81.400000,Печатники,
Печатники,Юго-Восточный,24,37.723898,55.675925,88.230000,Печатники,
Печатники,Юго-Восточный,25,37.723751,55.680417,87.630000,Печатники,
Печатники,Юго-Восточный,26,37.723605,55.684908,88.430000,Печатники,
Печатники,Юго-Восточный,27,37.731556,55.684991,92.470000,Печатники,
Печатники,Юго-Восточный,28,37.723459,55.689400,89.750000,Печатники,
Печатники,Юго-Восточный,29,37.731410,55.689482,92.810000,Печатники,
Печатники,Юго-Восточный,30,37.715360,55.693809,82.090000,Печатники,
Печатники,Юго-Восточный,31,37.723312,55.693892,88.450000,Печатники,
Печатники,Юго-Восточный,32,37.731265,55.693974,91.870000,Печатники,
Печатники,Юго-Восточный,33,37.699307,55.698133,63.560000,Печатники,
Печатники,Юго-Восточный,34,37.707260,55.698217,58.460000,Печатники,
Печатники,Юго-Восточный,35,37.715213,55.698300,72.440000,Печатники,
Печатники,Юго-Восточный,36,37.723166,55.698383,84.570000,Печатники,
Печатники,Юго-Восточный,37,37.691204,55.702540,82.930000,Печатники,
Печатники,Юго-Восточный,38,37.699158,55.702624,73.180000,Печатники,
Печатники,Юго-Восточный,39,37.707112,55.702708,59.000000,Печатники,
Печатники,Юго-Восточный,40,37.715066,55.702792,64.310000,Печатники,
Печатники,Юго-Восточный,41,37.723020,55.702875,83.760000,Печатники,
Печатники,Юго-Восточный,42,37.691054,55.707031,82.880000,Печатники,
Печатники,Юго-Восточный,43,37.699008,55.707116,72.570000,Печатники,
Печатники,Юго-Восточный,44,37.706963,55.707200,57.620000,Печатники,
Печатники,Юго-Восточный,45,37.714918,55.707283,65.910000,Печатники,
Печатники,Юго-Восточный,46,37.722873,55.707366,80.570000,Печатники,
Печатники,Юго-Восточный,47,37.682948,55.711438,85.150000,Печатники,
Печатники,Юго-Восточный,48,37.690903,55.711523,80.320000,Печатники,
Печатники,Юго-Восточный,49,37.698859,55.711607,70.280000,Печатники,
Печатники,Юго-Восточный,50,37.706815,55.711691,57.330000,Печатники,
Печатники,Юго-Восточный,51,37.714771,55.711775,65.580000,Печатники,
Печатники,Юго-Восточный,52,37.722726,55.711858,79.740000,Печатники,
Печатники,Юго-Восточный,53,37.690753,55.716014,80.000000,Печатники,
Печатники,Юго-Восточный,54,37.698710,55.716099,74.650000,Печатники,
Печатники,Юго-Восточный,55,37.706666,55.716183,65.130000,Печатники,
Печатники,Юго-Восточный,56,37.714623,55.716266,68.320000,Печатники,
Печатники,Юго-Восточный,57,37.722580,55.716349,77.580000,Печатники,
Печатники,Юго-Восточный,58,37.706518,55.720674,66.350000,Печатники,
Печатники,Юго-Восточный,59,37.714476,55.720758,69.670000,Печатники,
Покровское-Стрешнево,Северо-Западный,1,37.424229,55.811736,82.020000,Покровское-Стрешнево,
Покровское-Стрешнево,Северо-Западный,2,37.432205,55.811838,78.750000,Покровское-Стрешнево,
Покровское-Стрешнево,Северо-Западный,3,37.440180,55.811939,75.440000,Покровское-Стрешнево,
Покровское-Стрешнево,Северо-Западный,4,37.456131,55.812140,90.620000,Покровское-Стрешнево,
Покровское-Стрешнево,Северо-Западный,5,37.464106,55.812240,89.890000,Покровское-Стрешнево,
Покровское-Стрешнево,Северо-Западный,6,37.424048,55.816227,82.290000,Покровское-Стрешнево,
Покровское-Стрешнево,Северо-Западный,7,37.432024,55.816329,82.690000,Покровское-Стрешнево,
Покровское-Стрешнево,Северо-Западный,8,37.440000,55.816430,80.960000,Покровское-Стрешнево,
Покровское-Стрешнево,Северо-Западный,9,37.447976,55.816531,78.890000,Покровское-Стрешнево,
Покровское-Стрешнево,Северо-Западный,10,37.455953,55.816631,87.150000,Покровское-Стрешнево,
Покровское-Стрешнево,Северо-Западный,11,37.463929,55.816731,86.680000,Покровское-Стрешнево,
Покровское-Стрешнево,Северо-Западный,12,37.415889,55.820615,73.120000,Покровское-Стрешнево,
Покровское-Стрешнево,Северо-Западный,13,37.423866,55.820718,82.320000,Покровское-Стрешнево,
Покровское-Стрешнево,Северо-Западный,14,37.431843,55.820820,82.390000,Покровское-Стрешнево,
Покровское-Стрешнево,Северо-Западный,15,37.439820,55.820921,86.180000,Покровское-Стрешнево,
Покровское-Стрешнево,Северо-Западный,16,37.447798,55.821022,86.130000,Покровское-Стрешнево,
Покровское-Стрешнево,Северо-Западный,17,37.455775,55.821122,80.380000,Покровское-Стрешнево,
Покровское-Стрешнево,Северо-Западный,18,37.487684,55.821519,84.980000,Покровское-Стрешнево,
Покровское-Стрешнево,Северо-Западный,19,37.415707,55.825106,72.770000,Покровское-Стрешнево,
Покровское-Стрешнево,Северо-Западный,20,37.423685,55.825208,81.350000,Покровское-Стрешнево,
Покровское-Стрешнево,Северо-Западный,21,37.439641,55.825412,85.500000,Покровское-Стрешнево,
Покровское-Стрешнево,Северо-Западный,22,37.447619,55.825513,90.300000,Покровское-Стрешнево,
Покровское-Стрешнево,Северо-Западный,23,37.455597,55.825613,85.550000,Покровское-Стрешнево,
Покровское-Стрешнево,Северо-Западный,24,37.463575,55.825713,77.680000,Покровское-Стрешнево,
Покровское-Стрешнево,Северо-Западный,25,37.487510,55.826010,84.700000,Покровское-Стрешнево,
Покровское-Стрешнево,Северо-Западный,26,37.407545,55.829494,79.580000,Покровское-Стрешнево,
Покровское-Стрешнево,Северо-Западный,27,37.415524,55.829597,73.820000,Покровское-Стрешнево,
Покровское-Стрешнево,Северо-Западный,28,37.423503,55.829699,80.200000,Покровское-Стрешнево,
Покровское-Стрешнево,Северо-Западный,29,37.431482,55.829801,86.850000,Покровское-Стрешнево,
Покровское-Стрешнево,Северо-Западный,30,37.439461,55.829903,88.110000,Покровское-Стрешнево,
Покровское-Стрешнево,Северо-Западный,31,37.455419,55.830104,85.890000,Покровское-Стрешнево,
Покровское-Стрешнево,Северо-Западный,32,37.423321,55.834190,71.800000,Покровское-Стрешнево,
Покровское-Стрешнево,Северо-Западный,33,37.439281,55.834394,86.120000,Покровское-Стрешнево,
Покровское-Стрешнево,Северо-Западный,34,37.447261,55.834495,88.040000,Покровское-Стрешнево,
Покровское-Стрешнево,Северо-Западный,35,37.455241,55.834595,82.930000,Покровское-Стрешнево,
Покровское-Стрешнево,Северо-Западный,36,37.463221,55.834695,80.620000,Покровское-Стрешнево,
Преображенское,Восточный,1,37.704286,55.788047,86.580000,Преображенское,
Преображенское,Восточный,2,37.712258,55.788131,87.300000,Преображенское,
Преображенское,Восточный,3,37.720229,55.788214,87.650000,Преображенское,
Преображенское,Восточный,4,37.712109,55.792622,88.090000,Преображенское,
Преображенское,Восточный,5,37.728054,55.792788,86.310000,Преображенское,
Преображенское,Восточный,6,37.703988,55.797030,88.880000,Преображенское,
Преображенское,Восточный,7,37.711961,55.797114,88.020000,Преображенское,
Преображенское,Восточный,8,37.719934,55.797197,89.740000,Преображенское,
Преображенское,Восточный,9,37.727908,55.797280,88.680000,Преображенское,
Преображенское,Восточный,10,37.735881,55.797362,85.400000,Преображенское,
Преображенское,Восточный,11,37.743854,55.797444,85.130000,Преображенское,
Преображенское,Восточный,12,37.703839,55.801521,88.920000,Преображенское,
Преображенское,Восточный,13,37.711813,55.801605,88.840000,Преображенское,
Преображенское,Восточный,14,37.719787,55.801689,90.310000,Преображенское,
Преображенское,Восточный,15,37.743710,55.801935,84.890000,Преображенское,
Преображенское,Восточный,16,37.727615,55.806263,85.450000,Преображенское,
Преображенское,Восточный,17,37.735590,55.806345,82.970000,Преображенское,
Преображенское,Восточный,18,37.743565,55.806427,83.570000,Преображенское,
Пресненский,Центральный,1,37.530449,55.745653,88.200000,Пресненский,
Пресненский,Центральный,2,37.522317,55.750049,85.930000,Пресненский,
Пресненский,Центральный,3,37.530280,55.750144,87.630000,Пресненский,
Пресненский,Центральный,4,37.538243,55.750239,89.530000,Пресненский,
Пресненский,Центральный,5,37.546206,55.750334,90.940000,Пресненский,
Пресненский,Центральный,6,37.522147,55.754540,87.100000,Пресненский,
Пресненский,Центральный,7,37.530111,55.754636,87.310000,Пресненский,
Пресненский,Центральный,8,37.538075,55.754731,87.500000,Пресненский,
Пресненский,Центральный,9,37.546039,55.754825,88.540000,Пресненский,
Пресненский,Центральный,10,37.561967,55.755013,84.990000,Пресненский,
Пресненский,Центральный,11,37.569932,55.755106,87.650000,Пресненский,
Пресненский,Центральный,12,37.577896,55.755198,89.910000,Пресненский,
Пресненский,Центральный,13,37.601789,55.755472,87.730000,Пресненский,
Пресненский,Центральный,14,37.521977,55.759031,83.540000,Пресненский,
Пресненский,Центральный,15,37.529942,55.759127,81.550000,Пресненский,
Пресненский,Центральный,16,37.537907,55.759222,85.450000,Пресненский,
Пресненский,Центральный,17,37.545872,55.759316,83.210000,Пресненский,
Пресненский,Центральный,18,37.553837,55.759410,86.130000,Пресненский,
Пресненский,Центральный,19,37.561802,55.759504,88.270000,Пресненский,
Пресненский,Центральный,20,37.569767,55.759597,89.010000,Пресненский,
Пресненский,Центральный,21,37.585697,55.759781,87.150000,Пресненский,
Пресненский,Центральный,22,37.593663,55.759873,86.310000,Пресненский,
Пресненский,Центральный,23,37.601628,55.759963,87.590000,Пресненский,
Пресненский,Центральный,24,37.537739,55.763713,78.040000,Пресненский,
Пресненский,Центральный,25,37.553671,55.763902,86.090000,Пресненский,
Пресненский,Центральный,26,37.569603,55.764088,88.550000,Пресненский,
Пресненский,Центральный,27,37.593501,55.764364,88.120000,Пресненский,
Пресненский,Центральный,28,37.601467,55.764455,88.290000,Пресненский,
Пресненский,Центральный,29,37.537571,55.768204,79.340000,Пресненский,
Пресненский,Центральный,30,37.545538,55.768299,79.780000,Пресненский,
Пресненский,Центральный,31,37.553504,55.768393,83.310000,Пресненский,
Пресненский,Центральный,32,37.561471,55.768486,85.570000,Пресненский,
Пресненский,Центральный,33,37.569438,55.768579,86.720000,Пресненский,
Пресненский,Центральный,34,37.577405,55.768672,86.190000,Пресненский,
Пресненский,Центральный,35,37.585372,55.768764,88.220000,Пресненский,
Пресненский,Центральный,36,37.593339,55.768855,87.950000,Пресненский,
Пресненский,Центральный,37,37.545370,55.772790,82.170000,Пресненский,
Пресненский,Центральный,38,37.553338,55.772884,81.570000,Пресненский,
Пресненский,Центральный,39,37.561306,55.772977,82.740000,Пресненский,
Пресненский,Центральный,40,37.569274,55.773071,84.040000,Пресненский,
Пресненский,Центральный,41,37.577242,55.773163,85.690000,Пресненский,
Пресненский,Центральный,42,37.585209,55.773255,86.930000,Пресненский,
Проспект Вернадского,Западный,1,37.509643,55.664524,83.520000,Проспект Вернадского,
Проспект Вернадского,Западный,2,37.501526,55.668919,84.830000,Проспект Вернадского,
Проспект Вернадского,Западный,3,37.509473,55.669015,86.960000,Проспект Вернадского,
Проспект Вернадского,Западный,4,37.517419,55.669112,88.650000,Проспект Вернадского,
Проспект Вернадского,Западный,5,37.485460,55.673215,85.850000,Проспект Вернадского,
Проспект Вернадского,Западный,6,37.493407,55.673313,86.970000,Проспект Вернадского,
Проспект Вернадского,Западный,7,37.501355,55.673410,89.360000,Проспект Вернадского,
Проспект Вернадского,Западный,8,37.509302,55.673507,89.070000,Проспект Вернадского,
Проспект Вернадского,Западный,9,37.517249,55.673603,89.870000,Проспект Вернадского,
Проспект Вернадского,Западный,10,37.493235,55.677804,87.120000,Проспект Вернадского,
Проспект Вернадского,Западный,11,37.501183,55.677901,89.230000,Проспект Вернадского,
Проспект Вернадского,Западный,12,37.509131,55.677998,89.840000,Проспект Вернадского,
Проспект Вернадского,Западный,13,37.485113,55.682197,86.040000,Проспект Вернадского,
Проспект Вернадского,Западный,14,37.493062,55.682295,86.210000,Проспект Вернадского,
Проспект Вернадского,Западный,15,37.501011,55.682392,87.370000,Проспект Вернадского,
Раменки,Западный,1,37.476989,55.686590,86.350000,Раменки,
Раменки,Западный,2,37.484939,55.686688,86.570000,Раменки,
Раменки,Западный,3,37.516739,55.687077,79.410000,Раменки,
Раменки,Западный,4,37.524690,55.687172,84.500000,Раменки,
Раменки,Западный,5,37.476815,55.691081,84.370000,Раменки,
Раменки,Западный,6,37.492716,55.691277,86.920000,Раменки,
Раменки,Западный,7,37.500667,55.691375,87.470000,Раменки,
Раменки,Западный,8,37.508618,55.691471,83.000000,Раменки,
Раменки,Западный,9,37.516569,55.691568,74.480000,Раменки,
Раменки,Западный,10,37.524520,55.691664,81.030000,Раменки,
Раменки,Западный,11,37.532472,55.691759,84.050000,Раменки,
Раменки,Западный,12,37.468688,55.695473,78.820000,Раменки,
Раменки,Западный,13,37.476640,55.695572,80.350000,Раменки,
Раменки,Западный,14,37.484592,55.695670,81.400000,Раменки,
Раменки,Западный,15,37.500495,55.695866,87.100000,Раменки,
Раменки,Западный,16,37.508447,55.695963,83.930000,Раменки,
Раменки,Западный,17,37.516399,55.696059,75.640000,Раменки,
Раменки,Западный,18,37.524351,55.696155,77.410000,Раменки,
Раменки,Западный,19,37.532303,55.696250,81.390000,Раменки,
Раменки,Западный,20,37.540255,55.696345,83.730000,Раменки,
Раменки,Западный,21,37.476465,55.700063,81.620000,Раменки,
Раменки,Западный,22,37.484418,55.700162,80.680000,Раменки,
Раменки,Западный,23,37.492371,55.700260,84.600000,Раменки,
Раменки,Западный,24,37.500323,55.700357,84.400000,Раменки,
Раменки,Западный,25,37.508276,55.700454,83.360000,Раменки,
Раменки,Западный,26,37.524182,55.700646,77.640000,Раменки,
Раменки,Западный,27,37.484244,55.704653,80.690000,Раменки,
Раменки,Западный,28,37.492198,55.704751,81.930000,Раменки,
Раменки,Западный,29,37.500151,55.704848,81.380000,Раменки,
Раменки,Западный,30,37.508105,55.704945,82.220000,Раменки,
Раменки,Западный,31,37.516059,55.705041,81.490000,Раменки,
Раменки,Западный,32,37.524013,55.705137,79.220000,Раменки,
Раменки,Западный,33,37.531967,55.705233,70.700000,Раменки,
Раменки,Западный,34,37.547874,55.705422,73.290000,Раменки,
Раменки,Западный,35,37.492025,55.709242,77.770000,Раменки,
Раменки,Западный,36,37.499979,55.709339,77.160000,Раменки,
Раменки,Западный,37,37.507934,55.709436,81.140000,Раменки,
Раменки,Западный,38,37.515889,55.709532,79.400000,Раменки,
Раменки,Западный,39,37.523843,55.709628,77.970000,Раменки,
Раменки,Западный,40,37.539753,55.709819,65.000000,Раменки,
Раменки,Западный,41,37.547708,55.709913,68.660000,Раменки,
Раменки,Западный,42,37.507763,55.713927,81.220000,Раменки,
Раменки,Западный,43,37.515718,55.714024,80.040000,Раменки,
Раменки,Западный,44,37.523674,55.714120,74.690000,Раменки,
Раменки,Западный,45,37.531630,55.714215,65.860000,Раменки,
Раменки,Западный,46,37.499635,55.718321,75.990000,Раменки,
Раменки,Западный,47,37.515548,55.718515,74.940000,Раменки,
Раменки,Западный,48,37.523505,55.718611,71.990000,Раменки,
Раменки,Западный,49,37.531461,55.718706,66.300000,Раменки,
Раменки,Западный,50,37.539418,55.718801,59.870000,Раменки,
Раменки,Западный,51,37.499463,55.722813,74.810000,Раменки,
Раменки,Западный,52,37.523335,55.723102,74.110000,Раменки,
Раменки,Западный,53,37.531293,55.723197,73.720000,Раменки,
Раменки,Западный,54,37.515207,55.727497,75.720000,Раменки,
Раменки,Западный,55,37.523166,55.727593,81.470000,Раменки,
Раменки,Западный,56,37.531124,55.727689,80.860000,Раменки,
Раменки,Западный,57,37.539082,55.727783,76.330000,Раменки,
Раменки,Западный,58,37.522996,55.732084,84.840000,Раменки,
Раменки,Западный,59,37.538915,55.732275,85.090000,Раменки,
Роговское,Троицкий,1,37.034532,55.150029,5.160000,Роговское,
Роговское,Троицкий,2,37.026470,55.154393,5.160000,Роговское,
Роговское,Троицкий,3,37.034312,55.154520,5.160000,Роговское,
Роговское,Троицкий,4,37.026248,55.158883,5.160000,Роговское,
Роговское,Троицкий,5,37.034091,55.159010,5.210000,Роговское,
Роговское,Троицкий,6,37.073305,55.159636,5.200000,Роговское,
Роговское,Троицкий,7,37.026026,55.163374,5.380000,Роговское,
Роговское,Троицкий,8,37.033870,55.163501,5.390000,Роговское,
Роговское,Троицкий,9,37.041713,55.163627,5.390000,Роговское,
Роговское,Троицкий,10,37.049557,55.163753,5.160000,Роговское,
Роговское,Троицкий,11,37.057401,55.163878,5.160000,Роговское,
Роговское,Троицкий,12,37.073089,55.164127,5.830000,Роговское,
Роговское,Троицкий,13,37.080933,55.164251,5.940000,Роговское,
Роговское,Троицкий,14,37.088777,55.164374,5.310000,Роговское,
Роговское,Троицкий,15,37.104465,55.164619,5.760000,Роговское,
Роговское,Троицкий,16,37.120154,55.164862,5.280000,Роговское,
Роговское,Троицкий,17,37.127998,55.164983,5.240000,Роговское,
Роговское,Троицкий,18,37.135842,55.165103,5.240000,Роговское,
Роговское,Троицкий,19,37.033649,55.167991,7.240000,Роговское,
Роговское,Троицкий,20,37.041493,55.168117,7.240000,Роговское,
Роговское,Троицкий,21,37.049338,55.168243,6.130000,Роговское,
Роговское,Троицкий,22,37.065027,55.168493,6.180000,Роговское,
Роговское,Троицкий,23,37.072872,55.168617,6.290000,Роговское,
Роговское,Троицкий,24,37.080717,55.168741,6.030000,Роговское,
Роговское,Троицкий,25,37.088562,55.168864,6.140000,Роговское,
Роговское,Троицкий,26,37.096407,55.168987,5.860000,Роговское,
Роговское,Троицкий,27,37.112097,55.169231,5.730000,Роговское,
Роговское,Троицкий,28,37.119942,55.169352,5.280000,Роговское,
Роговское,Троицкий,29,37.127788,55.169473,5.240000,Роговское,
Роговское,Троицкий,30,37.033427,55.172481,13.140000,Роговское,
Роговское,Троицкий,31,37.041273,55.172608,13.140000,Роговское,
Роговское,Троицкий,32,37.049118,55.172734,8.140000,Роговское,
Роговское,Троицкий,33,37.064810,55.172984,7.580000,Роговское,
Роговское,Троицкий,34,37.080501,55.173232,6.640000,Роговское,
Роговское,Троицкий,35,37.088347,55.173355,6.540000,Роговское,
Роговское,Троицкий,36,37.096193,55.173478,6.050000,Роговское,
Роговское,Троицкий,37,37.104039,55.173600,5.820000,Роговское,
Роговское,Троицкий,38,37.111885,55.173722,5.720000,Роговское,
Роговское,Троицкий,39,37.119731,55.173843,5.240000,Роговское,
Роговское,Троицкий,40,37.127577,55.173964,5.270000,Роговское,
Роговское,Троицкий,41,37.033206,55.176972,18.890000,Роговское,
Роговское,Троицкий,42,37.041053,55.177098,16.870000,Роговское,
Роговское,Троицкий,43,37.056746,55.177349,8.190000,Роговское,
Роговское,Троицкий,44,37.064592,55.177474,8.400000,Роговское,
Роговское,Троицкий,45,37.080285,55.177722,7.460000,Роговское,
Роговское,Троицкий,46,37.088132,55.177846,6.320000,Роговское,
Роговское,Троицкий,47,37.103826,55.178091,6.140000,Роговское,
Роговское,Троицкий,48,37.127366,55.178455,5.270000,Роговское,
Роговское,Троицкий,49,37.032985,55.181462,19.490000,Роговское,
Роговское,Троицкий,50,37.040832,55.181589,19.190000,Роговское,
Роговское,Троицкий,51,37.048680,55.181714,16.840000,Роговское,
Роговское,Троицкий,52,37.080069,55.182213,7.460000,Роговское,
Роговское,Троицкий,53,36.993524,55.185313,11.620000,Роговское,
Роговское,Троицкий,54,37.001372,55.185442,13.980000,Роговское,
Роговское,Троицкий,55,37.009220,55.185571,14.210000,Роговское,
Роговское,Троицкий,56,37.017068,55.185698,16.070000,Роговское,
Роговское,Троицкий,57,37.032764,55.185953,16.690000,Роговское,
Роговское,Троицкий,58,37.040612,55.186079,17.980000,Роговское,
Роговское,Троицкий,59,37.048460,55.186205,19.020000,Роговское,
Роговское,Троицкий,60,37.056308,55.186330,15.520000,Роговское,
Роговское,Троицкий,61,37.064157,55.186455,12.720000,Роговское,
Роговское,Троицкий,62,37.072005,55.186580,8.730000,Роговское,
Роговское,Троицкий,63,37.079853,55.186703,8.660000,Роговское,
Роговское,Троицкий,64,37.087702,55.186827,8.370000,Роговское,
Роговское,Троицкий,65,37.095550,55.186950,8.030000,Роговское,
Роговское,Троицкий,66,36.993298,55.189804,9.690000,Роговское,
Роговское,Троицкий,67,37.001147,55.189932,10.190000,Роговское,
Роговское,Троицкий,68,37.008996,55.190061,11.270000,Роговское,
Роговское,Троицкий,69,37.016845,55.190189,10.740000,Роговское,
Роговское,Троицкий,70,37.024694,55.190316,9.800000,Роговское,
Роговское,Троицкий,71,37.040391,55.190569,10.440000,Роговское,
Роговское,Троицкий,72,37.048240,55.190695,15.330000,Роговское,
Роговское,Троицкий,73,37.056090,55.190821,16.560000,Роговское,
Роговское,Троицкий,74,37.063939,55.190946,15.940000,Роговское,
Роговское,Троицкий,75,37.071788,55.191070,13.730000,Роговское,
Роговское,Троицкий,76,37.079637,55.191194,11.320000,Роговское,
Роговское,Троицкий,77,37.087487,55.191317,10.550000,Роговское,
Роговское,Троицкий,78,37.095336,55.191440,9.730000,Роговское,
Роговское,Троицкий,79,37.000922,55.194423,6.620000,Роговское,
Роговское,Троицкий,80,37.032321,55.194934,8.990000,Роговское,
Роговское,Троицкий,81,37.040171,55.195060,10.340000,Роговское,
Роговское,Троицкий,82,37.048021,55.195186,14.640000,Роговское,
Роговское,Троицкий,83,37.055871,55.195311,17.690000,Роговское,
Роговское,Троицкий,84,37.063721,55.195436,19.400000,Роговское,
Роговское,Троицкий,85,37.071571,55.195561,19.210000,Роговское,
Роговское,Троицкий,86,37.079421,55.195684,16.910000,Роговское,
Роговское,Троицкий,87,37.087271,55.195808,12.650000,Роговское,
Роговское,Троицкий,88,37.095122,55.195931,13.360000,Роговское,
Роговское,Троицкий,89,37.102972,55.196053,12.100000,Роговское,
Роговское,Троицкий,90,37.039950,55.199550,12.960000,Роговское,
Роговское,Троицкий,91,37.047801,55.199676,15.170000,Роговское,
Роговское,Троицкий,92,37.055652,55.199802,22.700000,Роговское,
Роговское,Троицкий,93,37.063503,55.199927,24.950000,Роговское,
Роговское,Троицкий,94,37.071354,55.200051,25.500000,Роговское,
Роговское,Троицкий,95,37.079205,55.200175,20.980000,Роговское,
Роговское,Троицкий,96,37.087056,55.200298,15.500000,Роговское,
Роговское,Троицкий,97,37.094907,55.200421,15.370000,Роговское,
Роговское,Троицкий,98,37.102758,55.200544,13.630000,Роговское,
Роговское,Троицкий,99,37.110610,55.200666,11.960000,Роговское,
Роговское,Троицкий,100,37.047581,55.204167,18.620000,Роговское,
Роговское,Троицкий,101,37.078989,55.204666,25.540000,Роговское,
Роговское,Троицкий,102,37.086841,55.204789,19.180000,Роговское,
Роговское,Троицкий,103,37.094693,55.204912,17.660000,Роговское,
Роговское,Троицкий,104,37.102545,55.205034,14.990000,Роговское,
Роговское,Троицкий,105,37.118249,55.205278,11.120000,Роговское,
Роговское,Троицкий,106,37.126102,55.205399,10.110000,Роговское,
Роговское,Троицкий,107,37.031656,55.208405,12.090000,Роговское,
Роговское,Троицкий,108,37.047362,55.208657,20.680000,Роговское,
Роговское,Троицкий,109,37.055214,55.208783,28.550000,Роговское,
Роговское,Троицкий,110,37.063067,55.208908,36.310000,Роговское,
Роговское,Троицкий,111,37.070920,55.209032,41.820000,Роговское,
Роговское,Троицкий,112,37.078772,55.209156,39.030000,Роговское,
Роговское,Троицкий,113,37.086625,55.209280,27.440000,Роговское,
Роговское,Троицкий,114,37.094478,55.209402,18.440000,Роговское,
Роговское,Троицкий,115,37.110184,55.209647,13.840000,Роговское,
Роговское,Троицкий,116,37.133744,55.210010,9.400000,Роговское,
Роговское,Троицкий,117,37.141597,55.210130,7.370000,Роговское,
Роговское,Троицкий,118,36.976463,55.211995,9.680000,Роговское,
Роговское,Троицкий,119,37.000022,55.212384,15.250000,Роговское,
Роговское,Троицкий,120,37.007875,55.212513,9.190000,Роговское,
Роговское,Троицкий,121,37.047142,55.213148,19.850000,Роговское,
Роговское,Троицкий,122,37.054995,55.213273,28.300000,Роговское,
Роговское,Троицкий,123,37.062849,55.213398,42.800000,Роговское,
Роговское,Троицкий,124,37.078556,55.213647,44.810000,Роговское,
Роговское,Троицкий,125,37.086410,55.213770,36.960000,Роговское,
Роговское,Троицкий,126,37.094264,55.213893,20.040000,Роговское,
Роговское,Троицкий,127,37.102118,55.214015,14.920000,Роговское,
Роговское,Троицкий,128,37.157096,55.214859,6.030000,Роговское,
Роговское,Троицкий,129,37.164951,55.214977,5.600000,Роговское,
Роговское,Троицкий,130,36.976235,55.216486,12.140000,Роговское,
Роговское,Троицкий,131,36.991943,55.216745,24.500000,Роговское,
Роговское,Троицкий,132,36.999797,55.216874,21.840000,Роговское,
Роговское,Троицкий,133,37.023359,55.217259,11.170000,Роговское,
Роговское,Троицкий,134,37.031213,55.217386,12.940000,Роговское,
Роговское,Троицкий,135,37.039067,55.217512,15.160000,Роговское,
Роговское,Троицкий,136,37.046922,55.217638,18.020000,Роговское,
Роговское,Троицкий,137,37.070485,55.218013,44.960000,Роговское,
Роговское,Троицкий,138,37.078340,55.218137,44.420000,Роговское,
Роговское,Троицкий,139,37.101904,55.218506,15.320000,Роговское,
Роговское,Троицкий,140,37.109759,55.218628,12.580000,Роговское,
Роговское,Троицкий,141,36.968152,55.220845,9.810000,Роговское,
Роговское,Троицкий,142,36.976007,55.220976,12.760000,Роговское,
Роговское,Троицкий,143,36.983862,55.221106,21.940000,Роговское,
Роговское,Троицкий,144,36.991716,55.221236,24.560000,Роговское,
Роговское,Троицкий,145,37.007426,55.221493,21.890000,Роговское,
Роговское,Троицкий,146,37.023136,55.221749,11.800000,Роговское,
Роговское,Троицкий,147,37.038846,55.222002,14.680000,Роговское,
Роговское,Троицкий,148,37.062412,55.222379,29.060000,Роговское,
Роговское,Троицкий,149,37.070268,55.222504,36.920000,Роговское,
Роговское,Троицкий,150,37.078123,55.222628,35.040000,Роговское,
Роговское,Троицкий,151,37.085979,55.222751,27.990000,Роговское,
Роговское,Троицкий,152,37.093834,55.222874,17.930000,Роговское,
Роговское,Троицкий,153,37.101690,55.222997,14.610000,Роговское,
Роговское,Троицкий,154,36.952212,55.225073,7.490000,Роговское,
Роговское,Троицкий,155,36.960068,55.225204,9.100000,Роговское,
Роговское,Троицкий,156,36.967923,55.225336,9.580000,Роговское,
Роговское,Троицкий,157,36.975779,55.225466,10.420000,Роговское,
Роговское,Троицкий,158,36.983634,55.225596,18.170000,Роговское,
Роговское,Троицкий,159,37.062194,55.226870,25.220000,Роговское,
Роговское,Троицкий,160,37.070050,55.226994,21.760000,Роговское,
Роговское,Троицкий,161,37.077907,55.227118,20.890000,Роговское,
Роговское,Троицкий,162,37.085763,55.227242,18.970000,Роговское,
Роговское,Троицкий,163,37.093620,55.227365,15.670000,Роговское,
Роговское,Троицкий,164,37.101476,55.227487,13.810000,Роговское,
Роговское,Троицкий,165,36.951982,55.229563,7.200000,Роговское,
Роговское,Троицкий,166,36.959838,55.229695,7.380000,Роговское,
Роговское,Троицкий,167,36.967694,55.229826,8.050000,Роговское,
Роговское,Троицкий,168,36.975551,55.229956,8.220000,Роговское,
Роговское,Троицкий,169,37.006977,55.230474,11.750000,Роговское,
Роговское,Троицкий,170,37.014834,55.230602,14.810000,Роговское,
Роговское,Троицкий,171,37.030548,55.230857,21.780000,Роговское,
Роговское,Троицкий,172,37.069833,55.231485,20.820000,Роговское,
Роговское,Троицкий,173,37.077690,55.231609,17.130000,Роговское,
Роговское,Троицкий,174,37.085547,55.231732,15.770000,Роговское,
Роговское,Троицкий,175,37.093405,55.231855,14.180000,Роговское,
Роговское,Троицкий,176,36.959608,55.234185,6.990000,Роговское,
Роговское,Троицкий,177,36.967465,55.234316,7.080000,Роговское,
Роговское,Троицкий,178,36.998895,55.234836,7.420000,Роговское,
Роговское,Троицкий,179,37.006752,55.234964,8.770000,Роговское,
Роговское,Троицкий,180,37.014610,55.235092,14.390000,Роговское,
Роговское,Троицкий,181,37.022468,55.235220,19.200000,Роговское,
Роговское,Троицкий,182,37.030326,55.235347,22.370000,Роговское,
Роговское,Троицкий,183,37.046041,55.235600,24.580000,Роговское,
Роговское,Троицкий,184,37.069615,55.235975,15.310000,Роговское,
Роговское,Троицкий,185,37.077473,55.236099,14.950000,Роговское,
Роговское,Троицкий,186,37.085332,55.236223,14.270000,Роговское,
Роговское,Троицкий,187,37.093190,55.236346,11.740000,Роговское,
Роговское,Троицкий,188,36.959378,55.238675,6.390000,Роговское,
Роговское,Троицкий,189,36.967236,55.238806,7.960000,Роговское,
Роговское,Троицкий,190,36.998669,55.239326,8.590000,Роговское,
Роговское,Троицкий,191,37.006528,55.239455,9.620000,Роговское,
Роговское,Троицкий,192,37.014386,55.239583,11.450000,Роговское,
Роговское,Троицкий,193,37.022245,55.239710,15.020000,Роговское,
Роговское,Троицкий,194,37.030104,55.239837,21.330000,Роговское,
Роговское,Троицкий,195,37.037962,55.239964,25.050000,Роговское,
Роговское,Троицкий,196,37.045821,55.240090,25.440000,Роговское,
Роговское,Троицкий,197,37.069398,55.240466,18.630000,Роговское,
Роговское,Троицкий,198,36.951289,55.243033,6.430000,Роговское,
Роговское,Троицкий,199,36.967007,55.243296,7.980000,Роговское,
Роговское,Троицкий,200,36.974866,55.243427,7.940000,Роговское,
Роговское,Троицкий,201,36.982725,55.243557,7.900000,Роговское,
Роговское,Троицкий,202,36.998444,55.243816,8.700000,Роговское,
Роговское,Троицкий,203,37.006303,55.243945,9.510000,Роговское,
Роговское,Троицкий,204,37.014162,55.244073,11.070000,Роговское,
Роговское,Троицкий,205,37.022022,55.244201,11.210000,Роговское,
Роговское,Троицкий,206,36.974638,55.247917,7.580000,Роговское,
Роговское,Троицкий,207,36.982498,55.248048,7.490000,Роговское,
Роговское,Троицкий,208,36.998218,55.248306,8.930000,Роговское,
Роговское,Троицкий,209,37.006078,55.248435,11.080000,Роговское,
Роговское,Троицкий,210,37.013939,55.248563,12.190000,Роговское,
Роговское,Троицкий,211,37.029659,55.248818,9.010000,Роговское,
Роговское,Троицкий,212,37.045380,55.249071,14.240000,Роговское,
Роговское,Троицкий,213,37.100406,55.249940,10.240000,Роговское,
Роговское,Троицкий,214,36.966549,55.252277,7.350000,Роговское,
Роговское,Троицкий,215,36.974409,55.252408,7.270000,Роговское,
Роговское,Троицкий,216,37.005853,55.252925,11.120000,Роговское,
Роговское,Троицкий,217,37.013715,55.253054,11.910000,Роговское,
Роговское,Троицкий,218,37.053021,55.253687,10.270000,Роговское,
Роговское,Троицкий,219,37.076606,55.254061,18.230000,Роговское,
Роговское,Троицкий,220,37.092330,55.254308,17.850000,Роговское,
Роговское,Троицкий,221,37.052802,55.258178,8.330000,Роговское,
Роговское,Троицкий,222,37.076389,55.258552,12.820000,Роговское,
Роговское,Троицкий,223,37.092114,55.258798,20.760000,Роговское,
Роговское,Троицкий,224,37.099977,55.258921,22.080000,Роговское,
Роговское,Троицкий,225,37.099763,55.263412,21.890000,Роговское,
Роговское,Троицкий,226,37.107626,55.263534,22.330000,Роговское,
Роговское,Троицкий,227,37.075521,55.276514,6.620000,Роговское,
Роговское,Троицкий,228,37.003827,55.293338,5.170000,Роговское,
Роговское,Троицкий,229,37.003601,55.297828,5.170000,Роговское,
Ростокино,Северо-Восточный,1,37.663045,55.828043,80.980000,Ростокино,
Ростокино,Северо-Восточный,2,37.671025,55.828130,80.490000,Ростокино,
Ростокино,Северо-Восточный,3,37.646931,55.832360,84.480000,Ростокино,
Ростокино,Северо-Восточный,4,37.662891,55.832534,85.730000,Ростокино,
Ростокино,Северо-Восточный,5,37.670871,55.832621,82.090000,Ростокино,
Ростокино,Северо-Восточный,6,37.638793,55.836763,84.330000,Ростокино,
Ростокино,Северо-Восточный,7,37.646775,55.836851,84.800000,Ростокино,
Ростокино,Северо-Восточный,8,37.654756,55.836939,86.030000,Ростокино,
Ростокино,Северо-Восточный,9,37.662737,55.837026,85.510000,Ростокино,
Ростокино,Северо-Восточный,10,37.646619,55.841343,86.610000,Ростокино,
Ростокино,Северо-Восточный,11,37.654601,55.841430,83.710000,Ростокино,
Рязановское,Новомосковский,1,37.510218,55.439864,40.970000,Рязановское,
Рязановское,Новомосковский,2,37.526019,55.440055,39.680000,Рязановское,
Рязановское,Новомосковский,3,37.533919,55.440150,45.950000,Рязановское,
Рязановское,Новомосковский,4,37.510049,55.444355,48.920000,Рязановское,
Рязановское,Новомосковский,5,37.509880,55.448847,52.260000,Рязановское,
Рязановское,Новомосковский,6,37.517782,55.448943,51.400000,Рязановское,
Рязановское,Новомосковский,7,37.525684,55.449038,48.770000,Рязановское,
Рязановское,Новомосковский,8,37.501807,55.453241,42.630000,Рязановское,
Рязановское,Новомосковский,9,37.509710,55.453338,49.670000,Рязановское,
Рязановское,Новомосковский,10,37.517613,55.453434,49.850000,Рязановское,
Рязановское,Новомосковский,11,37.525517,55.453529,44.640000,Рязановское,
Рязановское,Новомосковский,12,37.533420,55.453624,48.440000,Рязановское,
Рязановское,Новомосковский,13,37.501637,55.457733,33.390000,Рязановское,
Рязановское,Новомосковский,14,37.509541,55.457829,43.040000,Рязановское,
Рязановское,Новомосковский,15,37.517445,55.457925,42.100000,Рязановское,
Рязановское,Новомосковский,16,37.525349,55.458021,36.740000,Рязановское,
Рязановское,Новомосковский,17,37.533253,55.458116,37.730000,Рязановское,
Рязановское,Новомосковский,18,37.541157,55.458210,46.170000,Рязановское,
Рязановское,Новомосковский,19,37.477753,55.461931,23.290000,Рязановское,
Рязановское,Новомосковский,20,37.501467,55.462224,34.160000,Рязановское,
Рязановское,Новомосковский,21,37.517276,55.462417,33.790000,Рязановское,
Рязановское,Новомосковский,22,37.533086,55.462607,39.440000,Рязановское,
Рязановское,Новомосковский,23,37.540991,55.462702,56.520000,Рязановское,
Рязановское,Новомосковский,24,37.461768,55.466225,17.130000,Рязановское,
Рязановское,Новомосковский,25,37.469674,55.466324,22.220000,Рязановское,
Рязановское,Новомосковский,26,37.477579,55.466423,26.670000,Рязановское,
Рязановское,Новомосковский,27,37.485485,55.466521,30.260000,Рязановское,
Рязановское,Новомосковский,28,37.493391,55.466618,33.420000,Рязановское,
Рязановское,Новомосковский,29,37.501296,55.466715,34.200000,Рязановское,
Рязановское,Новомосковский,30,37.525014,55.467004,40.490000,Рязановское,
Рязановское,Новомосковский,31,37.540825,55.467193,67.250000,Рязановское,
Рязановское,Новомосковский,32,37.461594,55.470716,20.690000,Рязановское,
Рязановское,Новомосковский,33,37.469500,55.470815,23.580000,Рязановское,
Рязановское,Новомосковский,34,37.477406,55.470914,26.400000,Рязановское,
Рязановское,Новомосковский,35,37.485313,55.471012,30.270000,Рязановское,
Рязановское,Новомосковский,36,37.493219,55.471110,32.050000,Рязановское,
Рязановское,Новомосковский,37,37.516939,55.471399,46.000000,Рязановское,
Рязановское,Новомосковский,38,37.524846,55.471495,55.660000,Рязановское,
Рязановское,Новомосковский,39,37.532753,55.471590,65.930000,Рязановское,
Рязановское,Новомосковский,40,37.540659,55.471685,70.810000,Рязановское,
Рязановское,Новомосковский,41,37.461419,55.475208,21.570000,Рязановское,
Рязановское,Новомосковский,42,37.469326,55.475307,24.990000,Рязановское,
Рязановское,Новомосковский,43,37.493048,55.475601,34.200000,Рязановское,
Рязановское,Новомосковский,44,37.500955,55.475698,36.480000,Рязановское,
Рязановское,Новомосковский,45,37.508863,55.475795,38.480000,Рязановское,
Рязановское,Новомосковский,46,37.516771,55.475891,50.270000,Рязановское,
Рязановское,Новомосковский,47,37.524678,55.475986,59.560000,Рязановское,
Рязановское,Новомосковский,48,37.532586,55.476081,64.560000,Рязановское,
Рязановское,Новомосковский,49,37.540494,55.476176,67.590000,Рязановское,
Рязановское,Новомосковский,50,37.548401,55.476270,71.240000,Рязановское,
Рязановское,Новомосковский,51,37.556309,55.476363,69.540000,Рязановское,
Рязановское,Новомосковский,52,37.453335,55.479599,21.580000,Рязановское,
Рязановское,Новомосковский,53,37.469152,55.479798,26.490000,Рязановское,
Рязановское,Новомосковский,54,37.492877,55.480092,42.250000,Рязановское,
Рязановское,Новомосковский,55,37.516602,55.480382,47.790000,Рязановское,
Рязановское,Новомосковский,56,37.524510,55.480478,55.340000,Рязановское,
Рязановское,Новомосковский,57,37.532419,55.480573,62.380000,Рязановское,
Рязановское,Новомосковский,58,37.548236,55.480761,65.430000,Рязановское,
Рязановское,Новомосковский,59,37.556145,55.480855,61.500000,Рязановское,
Рязановское,Новомосковский,60,37.453159,55.484090,23.480000,Рязановское,
Рязановское,Новомосковский,61,37.461069,55.484190,23.260000,Рязановское,
Рязановское,Новомосковский,62,37.468978,55.484289,27.960000,Рязановское,
Рязановское,Новомосковский,63,37.476887,55.484388,30.070000,Рязановское,
Рязановское,Новомосковский,64,37.484796,55.484486,40.510000,Рязановское,
Рязановское,Новомосковский,65,37.492705,55.484584,48.420000,Рязановское,
Рязановское,Новомосковский,66,37.500614,55.484681,50.700000,Рязановское,
Рязановское,Новомосковский,67,37.508524,55.484777,49.160000,Рязановское,
Рязановское,Новомосковский,68,37.516433,55.484873,46.900000,Рязановское,
Рязановское,Новомосковский,69,37.524342,55.484969,47.930000,Рязановское,
Рязановское,Новомосковский,70,37.532252,55.485064,53.370000,Рязановское,
Рязановское,Новомосковский,71,37.540161,55.485159,56.210000,Рязановское,
Рязановское,Новомосковский,72,37.555981,55.485346,60.950000,Рязановское,
Рязановское,Новомосковский,73,37.563890,55.485439,59.810000,Рязановское,
Рязановское,Новомосковский,74,37.452983,55.488582,20.940000,Рязановское,
Рязановское,Новомосковский,75,37.476713,55.488879,30.910000,Рязановское,
Рязановское,Новомосковский,76,37.484623,55.488977,36.600000,Рязановское,
Рязановское,Новомосковский,77,37.492534,55.489075,48.920000,Рязановское,
Рязановское,Новомосковский,78,37.500444,55.489172,54.500000,Рязановское,
Рязановское,Новомосковский,79,37.508354,55.489269,57.220000,Рязановское,
Рязановское,Новомосковский,80,37.516264,55.489365,56.770000,Рязановское,
Рязановское,Новомосковский,81,37.524175,55.489460,49.240000,Рязановское,
Рязановское,Новомосковский,82,37.532085,55.489556,44.850000,Рязановское,
Рязановское,Новомосковский,83,37.460718,55.493172,21.520000,Рязановское,
Рязановское,Новомосковский,84,37.476540,55.493370,32.690000,Рязановское,
Рязановское,Новомосковский,85,37.484451,55.493469,39.990000,Рязановское,
Рязановское,Новомосковский,86,37.492362,55.493566,48.550000,Рязановское,
Рязановское,Новомосковский,87,37.500273,55.493663,54.140000,Рязановское,
Рязановское,Новомосковский,88,37.508184,55.493760,60.100000,Рязановское,
Рязановское,Новомосковский,89,37.516095,55.493856,60.860000,Рязановское,
Рязановское,Новомосковский,90,37.524007,55.493952,58.910000,Рязановское,
Рязановское,Новомосковский,91,37.531918,55.494047,54.330000,Рязановское,
Рязановское,Новомосковский,92,37.476367,55.497862,35.190000,Рязановское,
Рязановское,Новомосковский,93,37.484279,55.497960,41.890000,Рязановское,
Рязановское,Новомосковский,94,37.500102,55.498155,48.650000,Рязановское,
Рязановское,Новомосковский,95,37.508014,55.498251,59.120000,Рязановское,
Рязановское,Новомосковский,96,37.515926,55.498347,61.570000,Рязановское,
Рязановское,Новомосковский,97,37.523839,55.498443,62.800000,Рязановское,
Рязановское,Новомосковский,98,37.531751,55.498538,61.460000,Рязановское,
Рязановское,Новомосковский,99,37.484106,55.502451,38.340000,Рязановское,
Рязановское,Новомосковский,100,37.492019,55.502549,38.940000,Рязановское,
Рязановское,Новомосковский,101,37.507845,55.502743,53.350000,Рязановское,
Рязановское,Новомосковский,102,37.515758,55.502839,57.600000,Рязановское,
Рязановское,Новомосковский,103,37.523671,55.502934,59.600000,Рязановское,
Рязановское,Новомосковский,104,37.476020,55.506844,27.560000,Рязановское,
Рязановское,Новомосковский,105,37.483933,55.506942,30.840000,Рязановское,
Рязановское,Новомосковский,106,37.491847,55.507040,32.070000,Рязановское,
Рязановское,Новомосковский,107,37.483761,55.511434,26.060000,Рязановское,
Рязановское,Новомосковский,108,37.491504,55.516023,36.080000,Рязановское,
Рязановское,Новомосковский,109,37.499419,55.516120,39.420000,Рязановское,
Рязанский,Юго-Восточный,1,37.794469,55.708090,81.650000,Рязанский,
Рязанский,Юго-Восточный,2,37.778419,55.712424,86.570000,Рязанский,
Рязанский,Юго-Восточный,3,37.786375,55.712503,84.410000,Рязанский,
Рязанский,Юго-Восточный,4,37.794331,55.712582,84.230000,Рязанский,
Рязанский,Юго-Восточный,5,37.746450,55.716595,79.300000,Рязанский,
Рязанский,Юго-Восточный,6,37.754407,55.716676,78.270000,Рязанский,
Рязанский,Юго-Восточный,7,37.762364,55.716757,77.410000,Рязанский,
Рязанский,Юго-Восточный,8,37.770321,55.716837,83.360000,Рязанский,
Рязанский,Юго-Восточный,9,37.778278,55.716916,86.290000,Рязанский,
Рязанский,Юго-Восточный,10,37.786235,55.716995,86.060000,Рязанский,
Рязанский,Юго-Восточный,11,37.794193,55.717073,88.550000,Рязанский,
Рязанский,Юго-Восточный,12,37.746307,55.721087,82.490000,Рязанский,
Рязанский,Юго-Восточный,13,37.754264,55.721168,81.760000,Рязанский,
Рязанский,Юго-Восточный,14,37.762222,55.721248,79.930000,Рязанский,
Рязанский,Юго-Восточный,15,37.770180,55.721328,82.280000,Рязанский,
Рязанский,Юго-Восточный,16,37.778138,55.721408,86.660000,Рязанский,
Рязанский,Юго-Восточный,17,37.786096,55.721487,87.310000,Рязанский,
Рязанский,Юго-Восточный,18,37.794054,55.721565,88.950000,Рязанский,
Рязанский,Юго-Восточный,19,37.746163,55.725579,84.590000,Рязанский,
Рязанский,Юго-Восточный,20,37.754121,55.725660,84.060000,Рязанский,
Рязанский,Юго-Восточный,21,37.762080,55.725740,83.730000,Рязанский,
Рязанский,Юго-Восточный,22,37.770039,55.725820,85.850000,Рязанский,
Рязанский,Юго-Восточный,23,37.777998,55.725899,87.460000,Рязанский,
Рязанский,Юго-Восточный,24,37.785957,55.725978,86.520000,Рязанский,
Рязанский,Юго-Восточный,25,37.761938,55.730232,87.770000,Рязанский,
Рязанский,Юго-Восточный,26,37.769898,55.730312,86.080000,Рязанский,
Савёлки,Зеленоградский,1,37.257505,55.971246,40.740000,Савёлки,
Савёлки,Зеленоградский,2,37.249295,55.975623,46.370000,Савёлки,
Савёлки,Зеленоградский,3,37.257303,55.975736,45.450000,Савёлки,
Савёлки,Зеленоградский,4,37.233074,55.979885,66.590000,Савёлки,
Савёлки,Зеленоградский,5,37.241083,55.979999,61.620000,Савёлки,
Савёлки,Зеленоградский,6,37.249092,55.980113,55.090000,Савёлки,
Савёлки,Зеленоградский,7,37.257101,55.980227,51.940000,Савёлки,
Савёлки,Зеленоградский,8,37.265111,55.980340,45.690000,Савёлки,
Савёлки,Зеленоградский,9,37.232869,55.984375,73.630000,Савёлки,
Савёлки,Зеленоградский,10,37.224654,55.988750,78.800000,Савёлки,
Савёлки,Зеленоградский,11,37.232665,55.988865,77.450000,Савёлки,
Савёлки,Зеленоградский,12,37.216436,55.993125,80.850000,Савёлки,
Савёлки,Зеленоградский,13,37.224448,55.993241,81.250000,Савёлки,
Савёлки,Зеленоградский,14,37.256495,55.993698,65.410000,Савёлки,
Савёлки,Зеленоградский,15,37.216229,55.997615,80.120000,Савёлки,
Савёлки,Зеленоградский,16,37.224242,55.997731,80.160000,Савёлки,
Савёлки,Зеленоградский,17,37.232255,55.997846,78.730000,Савёлки,
Савёлки,Зеленоградский,18,37.248280,55.998075,71.170000,Савёлки,
Савёлки,Зеленоградский,19,37.232050,56.002336,72.820000,Савёлки,
Савёловский,Северный,1,37.568450,55.795527,89.580000,Савёловский,
Савёловский,Северный,2,37.576423,55.795619,89.580000,Савёловский,
Савёловский,Северный,3,37.560312,55.799925,89.060000,Савёловский,
Савёловский,Северный,4,37.568286,55.800018,86.500000,Савёловский,
Савёловский,Северный,5,37.576259,55.800110,88.050000,Савёловский,
Савёловский,Северный,6,37.552172,55.804322,89.170000,Савёловский,
Савёловский,Северный,7,37.560147,55.804416,89.040000,Савёловский,
Савёловский,Северный,8,37.568121,55.804509,88.250000,Савёловский,
Савёловский,Северный,9,37.576095,55.804602,87.890000,Савёловский,
Свиблово,Северо-Восточный,1,37.662583,55.841517,85.980000,Свиблово,
Свиблово,Северо-Восточный,2,37.638480,55.845746,89.380000,Свиблово,
Свиблово,Северо-Восточный,3,37.646463,55.845834,89.550000,Свиблово,
Свиблово,Северо-Восточный,4,37.654445,55.845921,87.860000,Свиблово,
Свиблово,Северо-Восточный,5,37.662429,55.846009,82.830000,Свиблово,
Свиблово,Северо-Восточный,6,37.670412,55.846095,78.560000,Свиблово,
Свиблово,Северо-Восточный,7,37.638323,55.850237,90.400000,Свиблово,
Свиблово,Северо-Восточный,8,37.654290,55.850413,89.360000,Свиблово,
Свиблово,Северо-Восточный,9,37.662274,55.850500,87.360000,Свиблово,
Свиблово,Северо-Восточный,10,37.670258,55.850586,80.250000,Свиблово,
Свиблово,Северо-Восточный,11,37.638165,55.854728,88.640000,Свиблово,
Свиблово,Северо-Восточный,12,37.646150,55.854817,91.440000,Свиблово,
Свиблово,Северо-Восточный,13,37.654135,55.854904,89.970000,Свиблово,
Свиблово,Северо-Восточный,14,37.662120,55.854991,89.200000,Свиблово,
Свиблово,Северо-Восточный,15,37.638008,55.859220,85.990000,Свиблово,
Свиблово,Северо-Восточный,16,37.645994,55.859308,90.400000,Свиблово,
Северное Бутово,Юго-Западный,1,37.577118,55.557487,74.330000,Северное Бутово,
Северное Бутово,Юго-Западный,2,37.576956,55.561978,86.040000,Северное Бутово,
Северное Бутово,Юго-Западный,3,37.584881,55.562070,83.950000,Северное Бутово,
Северное Бутово,Юго-Западный,4,37.592806,55.562161,73.840000,Северное Бутово,
Северное Бутово,Юго-Западный,5,37.560942,55.566285,83.560000,Северное Бутово,
Северное Бутово,Юго-Западный,6,37.568868,55.566377,89.600000,Северное Бутово,
Северное Бутово,Юго-Западный,7,37.576794,55.566470,88.790000,Северное Бутово,
Северное Бутово,Юго-Западный,8,37.584720,55.566562,86.060000,Северное Бутово,
Северное Бутово,Юго-Западный,9,37.592646,55.566653,77.730000,Северное Бутово,
Северное Бутово,Юго-Западный,10,37.560777,55.570776,86.920000,Северное Бутово,
Северное Бутово,Юго-Западный,11,37.568704,55.570869,89.810000,Северное Бутово,
Северное Бутово,Юго-Западный,12,37.576631,55.570961,89.300000,Северное Бутово,
Северное Бутово,Юго-Западный,13,37.584558,55.571053,87.020000,Северное Бутово,
Северное Бутово,Юго-Западный,14,37.576469,55.575453,89.140000,Северное Бутово,
Северное Бутово,Юго-Западный,15,37.584396,55.575544,87.540000,Северное Бутово,
Северное Измайлово,Восточный,1,37.775466,55.806749,78.180000,Северное Измайлово,
Северное Измайлово,Восточный,2,37.783442,55.806828,84.470000,Северное Измайлово,
Северное Измайлово,Восточный,3,37.791417,55.806906,86.090000,Северное Измайлово,
Северное Измайлово,Восточный,4,37.799392,55.806985,86.960000,Северное Измайлово,
Северное Измайлово,Восточный,5,37.807368,55.807062,84.130000,Северное Измайлово,
Северное Измайлово,Восточный,6,37.815344,55.807139,82.070000,Северное Измайлово,
Северное Измайлово,Восточный,7,37.823319,55.807216,81.440000,Северное Измайлово,
Северное Измайлово,Восточный,8,37.831295,55.807292,78.710000,Северное Измайлово,
Северное Измайлово,Восточный,9,37.839270,55.807367,73.340000,Северное Измайлово,
Северное Измайлово,Восточный,10,37.823184,55.811707,80.710000,Северное Измайлово,
Северное Измайлово,Восточный,11,37.831160,55.811783,77.200000,Северное Измайлово,
Северное Измайлово,Восточный,12,37.839137,55.811859,71.760000,Северное Измайлово,
Северное Медведково,Северо-Восточный,1,37.653358,55.877361,86.150000,Северное Медведково,
Северное Медведково,Северо-Восточный,2,37.645212,55.881764,84.280000,Северное Медведково,
Северное Медведково,Северо-Восточный,3,37.653203,55.881852,88.040000,Северное Медведково,
Северное Медведково,Северо-Восточный,4,37.621082,55.885990,79.040000,Северное Медведково,
Северное Медведково,Северо-Восточный,5,37.629073,55.886079,78.070000,Северное Медведково,
Северное Медведково,Северо-Восточный,6,37.637065,55.886168,77.760000,Северное Медведково,
Северное Медведково,Северо-Восточный,7,37.645056,55.886256,81.780000,Северное Медведково,
Северное Медведково,Северо-Восточный,8,37.653047,55.886343,87.210000,Северное Медведково,
Северное Медведково,Северо-Восточный,9,37.661038,55.886431,88.050000,Северное Медведково,
Северное Медведково,Северо-Восточный,10,37.669030,55.886517,87.890000,Северное Медведково,
Северное Медведково,Северо-Восточный,11,37.677021,55.886603,85.320000,Северное Медведково,
Северное Медведково,Северо-Восточный,12,37.628915,55.890570,77.620000,Северное Медведково,
Северное Медведково,Северо-Восточный,13,37.636907,55.890659,75.100000,Северное Медведково,
Северное Медведково,Северо-Восточный,14,37.644899,55.890747,79.590000,Северное Медведково,
Северное Медведково,Северо-Восточный,15,37.652892,55.890835,84.880000,Северное Медведково,
Северное Медведково,Северо-Восточный,16,37.660884,55.890922,85.590000,Северное Медведково,
Северное Медведково,Северо-Восточный,17,37.668876,55.891009,84.860000,Северное Медведково,
Северное Медведково,Северо-Восточный,18,37.676868,55.891095,81.030000,Северное Медведково,
Северное Медведково,Северо-Восточный,19,37.644743,55.895238,73.210000,Северное Медведково,
Северное Медведково,Северо-Восточный,20,37.652736,55.895326,78.560000,Северное Медведково,
Северное Медведково,Северо-Восточный,21,37.668722,55.895500,79.020000,Северное Медведково,
Северное Тушино,Северо-Западный,1,37.406627,55.851948,80.020000,Северное Тушино,
Северное Тушино,Северо-Западный,2,37.414610,55.852051,85.420000,Северное Тушино,
Северное Тушино,Северо-Западный,3,37.430577,55.852256,91.220000,Северное Тушино,
Северное Тушино,Северо-Западный,4,37.438561,55.852357,90.760000,Северное Тушино,
Северное Тушино,Северо-Западный,5,37.446545,55.852459,89.930000,Северное Тушино,
Северное Тушино,Северо-Западный,6,37.406443,55.856439,78.460000,Северное Тушино,
Северное Тушино,Северо-Западный,7,37.414428,55.856542,82.560000,Северное Тушино,
Северное Тушино,Северо-Западный,8,37.422412,55.856645,87.190000,Северное Тушино,
Северное Тушино,Северо-Западный,9,37.430396,55.856747,89.690000,Северное Тушино,
Северное Тушино,Северо-Западный,10,37.438381,55.856848,90.030000,Северное Тушино,
Северное Тушино,Северо-Западный,11,37.446365,55.856949,89.630000,Северное Тушино,
Северное Тушино,Северо-Западный,12,37.414245,55.861033,79.990000,Северное Тушино,
Северное Тушино,Северо-Западный,13,37.422230,55.861136,85.800000,Северное Тушино,
Северное Тушино,Северо-Западный,14,37.430215,55.861238,86.460000,Северное Тушино,
Северное Тушино,Северо-Западный,15,37.438201,55.861339,88.270000,Северное Тушино,
Северное Тушино,Северо-Западный,16,37.446186,55.861440,87.980000,Северное Тушино,
Северное Тушино,Северо-Западный,17,37.430034,55.865729,86.040000,Северное Тушино,
Северное Тушино,Северо-Западный,18,37.438020,55.865830,87.670000,Северное Тушино,
Северное Тушино,Северо-Западный,19,37.446007,55.865931,85.140000,Северное Тушино,
Северное Тушино,Северо-Западный,20,37.421684,55.874608,72.570000,Северное Тушино,
Северное Тушино,Северо-Западный,21,37.437660,55.874812,67.580000,Северное Тушино,
Северный,Северо-Восточный,1,37.540330,55.907524,84.940000,Северный,
Северный,Северо-Восточный,2,37.540162,55.912015,81.270000,Северный,
Северный,Северо-Восточный,3,37.548158,55.912110,82.100000,Северный,
Северный,Северо-Восточный,4,37.556154,55.912204,79.040000,Северный,
Северный,Северо-Восточный,5,37.539993,55.916506,83.190000,Северный,
Северный,Северо-Восточный,6,37.555987,55.916695,78.180000,Северный,
Северный,Северо-Восточный,7,37.539824,55.920997,84.900000,Северный,
Северный,Северо-Восточный,8,37.547822,55.921092,84.440000,Северный,
Северный,Северо-Восточный,9,37.555820,55.921186,75.390000,Северный,
Северный,Северо-Восточный,10,37.547654,55.925583,84.170000,Северный,
Северный,Северо-Восточный,11,37.539486,55.929979,83.020000,Северный,
Северный,Северо-Восточный,12,37.547486,55.930074,82.050000,Северный,
Северный,Северо-Восточный,13,37.523316,55.934280,79.820000,Северный,
Северный,Северо-Восточный,14,37.531316,55.934375,75.060000,Северный,
Северный,Северо-Восточный,15,37.555319,55.934659,77.610000,Северный,
Северный,Северо-Восточный,16,37.531146,55.938866,79.040000,Северный,
Северный,Северо-Восточный,17,37.547150,55.939056,73.960000,Северный,
Северный,Северо-Восточный,18,37.563154,55.939244,61.820000,Северный,
Северный,Северо-Восточный,19,37.538979,55.943453,71.500000,Северный,
Северный,Северо-Восточный,20,37.546982,55.943547,66.010000,Северный,
Северный,Северо-Восточный,21,37.554985,55.943641,66.110000,Северный,
Северный,Северо-Восточный,22,37.562987,55.943735,46.240000,Северный,
Северный,Северо-Восточный,23,37.546814,55.948038,55.320000,Северный,
Северный,Северо-Восточный,24,37.554817,55.948132,51.810000,Северный,
Северный,Северо-Восточный,25,37.562821,55.948226,41.010000,Северный,
Северный,Северо-Восточный,26,37.538641,55.952435,55.840000,Северный,
Северный,Северо-Восточный,27,37.546645,55.952529,49.580000,Северный,
Северный,Северо-Восточный,28,37.554650,55.952623,42.770000,Северный,
Северный,Северо-Восточный,29,37.562655,55.952717,39.660000,Северный,
Северный,Северо-Восточный,30,37.570659,55.952810,38.110000,Северный,
Силино,Зеленоградский,1,37.176802,55.983558,91.380000,Силино,
Силино,Зеленоградский,2,37.168580,55.987930,90.090000,Силино,
Силино,Зеленоградский,3,37.176590,55.988049,88.530000,Силино,
Силино,Зеленоградский,4,37.160356,55.992301,76.310000,Силино,
Силино,Зеленоградский,5,37.168367,55.992420,80.450000,Силино,
Силино,Зеленоградский,6,37.192402,55.992775,80.940000,Силино,
Силино,Зеленоградский,7,37.176167,55.997029,79.070000,Силино,
Силино,Зеленоградский,8,37.184180,55.997147,79.620000,Силино,
Силино,Зеленоградский,9,37.151916,56.001161,52.580000,Силино,
Силино,Зеленоградский,10,37.159929,56.001281,54.940000,Силино,
Силино,Зеленоградский,11,37.159716,56.005771,52.390000,Силино,
Силино,Зеленоградский,12,37.143473,56.010021,50.600000,Силино,
Силино,Зеленоградский,13,37.159503,56.010261,51.490000,Силино,
Силино,Зеленоградский,14,37.135242,56.014390,45.640000,Силино,
Силино,Зеленоградский,15,37.143257,56.014511,46.220000,Силино,
Силино,Зеленоградский,16,37.151273,56.014632,45.530000,Силино,
Силино,Зеленоградский,17,37.183337,56.015108,55.040000,Силино,
Сокол,Северный,1,37.504673,55.794768,85.990000,Сокол,
Сокол,Северный,2,37.512645,55.794864,87.130000,Сокол,
Сокол,Северный,3,37.504501,55.799259,87.390000,Сокол,
Сокол,Северный,4,37.496355,55.803652,84.300000,Сокол,
Сокол,Северный,5,37.504328,55.803750,86.220000,Сокол,
Сокол,Северный,6,37.512302,55.803846,87.380000,Сокол,
Сокол,Северный,7,37.504156,55.808241,85.550000,Сокол,
Сокол,Северный,8,37.512131,55.808338,87.270000,Сокол,
Сокол,Северный,9,37.488033,55.812537,88.110000,Сокол,
Сокол,Северный,10,37.496008,55.812635,86.240000,Сокол,
Сокол,Северный,11,37.503984,55.812732,86.520000,Сокол,
Сокол,Северный,12,37.511960,55.812829,84.310000,Сокол,
Соколиная Гора,Восточный,1,37.721259,55.756773,86.030000,Соколиная Гора,
Соколиная Гора,Восточный,2,37.729224,55.756856,79.990000,Соколиная Гора,
Соколиная Гора,Восточный,3,37.737189,55.756938,78.760000,Соколиная Гора,
Соколиная Гора,Восточный,4,37.745154,55.757020,78.730000,Соколиная Гора,
Соколиная Гора,Восточный,5,37.721112,55.761265,86.460000,Соколиная Гора,
Соколиная Гора,Восточный,6,37.729078,55.761348,82.780000,Соколиная Гора,
Соколиная Гора,Восточный,7,37.737044,55.761430,80.240000,Соколиная Гора,
Соколиная Гора,Восточный,8,37.745010,55.761511,80.350000,Соколиная Гора,
Соколиная Гора,Восточный,9,37.720965,55.765756,86.610000,Соколиная Гора,
Соколиная Гора,Восточный,10,37.728932,55.765839,83.860000,Соколиная Гора,
Соколиная Гора,Восточный,11,37.736899,55.765921,84.020000,Соколиная Гора,
Соколиная Гора,Восточный,12,37.744865,55.766003,84.600000,Соколиная Гора,
Соколиная Гора,Восточный,13,37.720818,55.770248,83.620000,Соколиная Гора,
Соколиная Гора,Восточный,14,37.728785,55.770331,83.750000,Соколиная Гора,
Соколиная Гора,Восточный,15,37.736753,55.770413,87.390000,Соколиная Гора,
Соколиная Гора,Восточный,16,37.744721,55.770494,83.500000,Соколиная Гора,
Соколиная Гора,Восточный,17,37.720671,55.774739,85.050000,Соколиная Гора,
Соколиная Гора,Восточный,18,37.728639,55.774822,81.750000,Соколиная Гора,
Соколиная Гора,Восточный,19,37.736608,55.774904,87.130000,Соколиная Гора,
Соколиная Гора,Восточный,20,37.712554,55.779148,90.020000,Соколиная Гора,
Соколиная Гора,Восточный,21,37.720523,55.779231,87.350000,Соколиная Гора,
Соколиная Гора,Восточный,22,37.728493,55.779314,85.250000,Соколиная Гора,
Соколиная Гора,Восточный,23,37.736463,55.779396,82.470000,Соколиная Гора,
Соколиная Гора,Восточный,24,37.704435,55.783556,89.240000,Соколиная Гора,
Соколиная Гора,Восточный,25,37.712406,55.783639,90.190000,Соколиная Гора,
Соколиная Гора,Восточный,26,37.720376,55.783723,89.470000,Соколиная Гора,
Соколиная Гора,Восточный,27,37.728347,55.783805,86.350000,Соколиная Гора,
Соколиная Гора,Восточный,28,37.736317,55.783887,88.200000,Соколиная Гора,
Соколиная Гора,Восточный,29,37.728200,55.788297,87.310000,Соколиная Гора,
Соколиная Гора,Восточный,30,37.736172,55.788379,88.370000,Соколиная Гора,
Соколиная Гора,Восточный,31,37.736026,55.792870,87.680000,Соколиная Гора,
Соколиная Гора,Восточный,32,37.743999,55.792952,88.560000,Соколиная Гора,
Сокольники,Восточный,1,37.688495,55.783387,86.880000,Сокольники,
Сокольники,Восточный,2,37.696465,55.783471,87.320000,Сокольники,
Сокольники,Восточный,3,37.664430,55.787621,87.900000,Сокольники,
Сокольники,Восточный,4,37.672401,55.787707,90.210000,Сокольники,
Сокольники,Восточный,5,37.680372,55.787793,89.370000,Сокольники,
Сокольники,Восточный,6,37.696315,55.787963,86.340000,Сокольники,
Сокольники,Восточный,7,37.656304,55.792025,79.870000,Сокольники,
Сокольники,Восточный,8,37.672248,55.792198,90.350000,Сокольники,
Сокольники,Восточный,9,37.680221,55.792284,90.660000,Сокольники,
Сокольники,Восточный,10,37.696165,55.792454,84.910000,Сокольники,
Сокольники,Восточный,11,37.704137,55.792539,87.220000,Сокольники,
Сокольники,Восточный,12,37.656150,55.796516,78.380000,Сокольники,
Сокольники,Восточный,13,37.688042,55.796861,87.950000,Сокольники,
Сокольники,Восточный,14,37.696015,55.796946,84.740000,Сокольники,
Сокольники,Восточный,15,37.695865,55.801437,84.020000,Сокольники,
Сокольники,Восточный,16,37.655840,55.805499,79.620000,Сокольники,
Сокольники,Восточный,17,37.687740,55.805844,71.450000,Сокольники,
Сокольники,Восточный,18,37.695715,55.805929,79.470000,Сокольники,
Сокольники,Восточный,19,37.679613,55.810250,65.770000,Сокольники,
Сокольники,Восточный,20,37.695564,55.810420,80.760000,Сокольники,
Сокольники,Восточный,21,37.687437,55.814827,78.580000,Сокольники,
Сокольники,Восточный,22,37.671331,55.819147,72.310000,Сокольники,
Солнцево,Западный,1,37.391755,55.631582,63.020000,Солнцево,
Солнцево,Западный,2,37.399693,55.631686,58.610000,Солнцево,
Солнцево,Западный,3,37.407632,55.631790,60.780000,Солнцево,
Солнцево,Западный,4,37.383631,55.635969,76.500000,Солнцево,
Солнцево,Западный,5,37.391571,55.636073,77.210000,Солнцево,
Солнцево,Западный,6,37.399510,55.636177,75.660000,Солнцево,
Солнцево,Западный,7,37.407450,55.636281,65.370000,Солнцево,
Солнцево,Западный,8,37.383446,55.640460,85.000000,Солнцево,
Солнцево,Западный,9,37.399327,55.640668,83.250000,Солнцево,
Солнцево,Западный,10,37.407267,55.640772,78.270000,Солнцево,
Солнцево,Западный,11,37.415208,55.640874,72.320000,Солнцево,
Солнцево,Западный,12,37.375320,55.644846,84.740000,Солнцево,
Солнцево,Западный,13,37.383261,55.644951,89.340000,Солнцево,
Солнцево,Западный,14,37.391203,55.645055,91.730000,Солнцево,
Солнцево,Западный,15,37.399144,55.645159,90.600000,Солнцево,
Солнцево,Западный,16,37.415026,55.645365,78.780000,Солнцево,
Солнцево,Западный,17,37.383076,55.649442,90.350000,Солнцево,
Солнцево,Западный,18,37.391018,55.649546,92.010000,Солнцево,
Солнцево,Западный,19,37.398961,55.649650,91.860000,Солнцево,
Солнцево,Западный,20,37.406903,55.649754,86.520000,Солнцево,
Солнцево,Западный,21,37.374948,55.653828,81.070000,Солнцево,
Солнцево,Западный,22,37.382891,55.653933,87.880000,Солнцево,
Солнцево,Западный,23,37.398777,55.654141,91.350000,Солнцево,
Солнцево,Западный,24,37.406720,55.654245,89.330000,Солнцево,
Солнцево,Западный,25,37.414663,55.654347,88.020000,Солнцево,
Солнцево,Западный,26,37.374762,55.658319,71.830000,Солнцево,
Солнцево,Западный,27,37.382706,55.658424,82.710000,Солнцево,
Солнцево,Западный,28,37.390650,55.658528,86.840000,Солнцево,
Солнцево,Западный,29,37.398594,55.658632,87.790000,Солнцево,
Солнцево,Западный,30,37.414482,55.658838,87.080000,Солнцево,
Солнцево,Западный,31,37.382521,55.662915,70.320000,Солнцево,
Солнцево,Западный,32,37.414300,55.663329,83.380000,Солнцево,
Солнцево,Западный,33,37.422245,55.663432,82.150000,Солнцево,
Солнцево,Западный,34,37.430190,55.663534,81.100000,Солнцево,
Солнцево,Западный,35,37.414119,55.667820,75.700000,Солнцево,
Солнцево,Западный,36,37.422065,55.667923,79.400000,Солнцево,
Солнцево,Западный,37,37.413937,55.672311,62.820000,Солнцево,
Солнцево,Западный,38,37.421884,55.672414,69.720000,Солнцево,
Солнцево,Западный,39,37.413755,55.676802,54.870000,Солнцево,
Сосенское,Новомосковский,1,37.467059,55.533693,52.820000,Сосенское,
Сосенское,Новомосковский,2,37.474978,55.533792,54.190000,Сосенское,
Сосенское,Новомосковский,3,37.458964,55.538085,58.590000,Сосенское,
Сосенское,Новомосковский,4,37.466884,55.538184,59.590000,Сосенское,
Сосенское,Новомосковский,5,37.474804,55.538283,65.600000,Сосенское,
Сосенское,Новомосковский,6,37.450868,55.542476,54.230000,Сосенское,
Сосенское,Новомосковский,7,37.458788,55.542576,56.270000,Сосенское,
Сосенское,Новомосковский,8,37.466709,55.542675,63.110000,Сосенское,
Сосенское,Новомосковский,9,37.474630,55.542774,66.780000,Сосенское,
Сосенское,Новомосковский,10,37.482551,55.542872,71.940000,Сосенское,
Сосенское,Новомосковский,11,37.490472,55.542970,74.720000,Сосенское,
Сосенское,Новомосковский,12,37.498393,55.543067,75.200000,Сосенское,
Сосенское,Новомосковский,13,37.506314,55.543164,81.280000,Сосенское,
Сосенское,Новомосковский,14,37.450691,55.546967,47.380000,Сосенское,
Сосенское,Новомосковский,15,37.482378,55.547364,76.600000,Сосенское,
Сосенское,Новомосковский,16,37.490300,55.547461,79.610000,Сосенское,
Сосенское,Новомосковский,17,37.498221,55.547559,75.910000,Сосенское,
Сосенское,Новомосковский,18,37.506143,55.547656,79.970000,Сосенское,
Сосенское,Новомосковский,19,37.426747,55.551155,32.300000,Сосенское,
Сосенское,Новомосковский,20,37.442592,55.551358,40.030000,Сосенское,
Сосенское,Новомосковский,21,37.474282,55.551756,67.480000,Сосенское,
Сосенское,Новомосковский,22,37.482205,55.551855,74.750000,Сосенское,
Сосенское,Новомосковский,23,37.490127,55.551953,79.530000,Сосенское,
Сосенское,Новомосковский,24,37.498050,55.552050,80.220000,Сосенское,
Сосенское,Новомосковский,25,37.505973,55.552147,82.970000,Сосенское,
Сосенское,Новомосковский,26,37.513896,55.552243,78.340000,Сосенское,
Сосенское,Новомосковский,27,37.521819,55.552339,77.710000,Сосенское,
Сосенское,Новомосковский,28,37.442414,55.555849,41.290000,Сосенское,
Сосенское,Новомосковский,29,37.466184,55.556149,66.930000,Сосенское,
Сосенское,Новомосковский,30,37.474108,55.556248,72.190000,Сосенское,
Сосенское,Новомосковский,31,37.489955,55.556444,78.860000,Сосенское,
Сосенское,Новомосковский,32,37.497879,55.556541,80.460000,Сосенское,
Сосенское,Новомосковский,33,37.505803,55.556638,80.100000,Сосенское,
Сосенское,Новомосковский,34,37.513726,55.556734,76.330000,Сосенское,
Сосенское,Новомосковский,35,37.537498,55.557020,71.890000,Сосенское,
Сосенское,Новомосковский,36,37.553346,55.557209,85.300000,Сосенское,
Сосенское,Новомосковский,37,37.386768,55.559622,16.120000,Сосенское,
Сосенское,Новомосковский,38,37.410540,55.559933,35.880000,Сосенское,
Сосенское,Новомосковский,39,37.418464,55.560035,36.270000,Сосенское,
Сосенское,Новомосковский,40,37.442236,55.560340,48.930000,Сосенское,
Сосенское,Новомосковский,41,37.450161,55.560440,55.680000,Сосенское,
Сосенское,Новомосковский,42,37.466009,55.560640,68.750000,Сосенское,
Сосенское,Новомосковский,43,37.473934,55.560739,74.680000,Сосенское,
Сосенское,Новомосковский,44,37.481858,55.560837,75.160000,Сосенское,
Сосенское,Новомосковский,45,37.497707,55.561033,77.770000,Сосенское,
Сосенское,Новомосковский,46,37.402433,55.564321,32.260000,Сосенское,
Сосенское,Новомосковский,47,37.418283,55.564527,35.450000,Сосенское,
Сосенское,Новомосковский,48,37.442059,55.564831,51.750000,Сосенское,
Сосенское,Новомосковский,49,37.449984,55.564932,60.350000,Сосенское,
Сосенское,Новомосковский,50,37.457909,55.565032,66.290000,Сосенское,
Сосенское,Новомосковский,51,37.465834,55.565131,70.580000,Сосенское,
Сосенское,Новомосковский,52,37.473760,55.565230,76.350000,Сосенское,
Сосенское,Новомосковский,53,37.481685,55.565328,77.470000,Сосенское,
Сосенское,Новомосковский,54,37.489611,55.565426,75.080000,Сосенское,
Сосенское,Новомосковский,55,37.497536,55.565524,73.910000,Сосенское,
Сосенское,Новомосковский,56,37.370548,55.568395,31.920000,Сосенское,
Сосенское,Новомосковский,57,37.394325,55.568708,31.610000,Сосенское,
Сосенское,Новомосковский,58,37.402251,55.568812,29.890000,Сосенское,
Сосенское,Новомосковский,59,37.418103,55.569018,29.240000,Сосенское,
Сосенское,Новомосковский,60,37.441881,55.569322,56.050000,Сосенское,
Сосенское,Новомосковский,61,37.449807,55.569423,62.180000,Сосенское,
Сосенское,Новомосковский,62,37.457733,55.569523,67.180000,Сосенское,
Сосенское,Новомосковский,63,37.465659,55.569622,72.640000,Сосенское,
Сосенское,Новомосковский,64,37.473586,55.569721,74.790000,Сосенское,
Сосенское,Новомосковский,65,37.489438,55.569918,72.040000,Сосенское,
Сосенское,Новомосковский,66,37.497365,55.570015,70.170000,Сосенское,
Сосенское,Новомосковский,67,37.521144,55.570304,31.250000,Сосенское,
Сосенское,Новомосковский,68,37.378289,55.572991,34.990000,Сосенское,
Сосенское,Новомосковский,69,37.386215,55.573095,34.090000,Сосенское,
Сосенское,Новомосковский,70,37.402069,55.573303,29.710000,Сосенское,
Сосенское,Новомосковский,71,37.417922,55.573509,22.550000,Сосенское,
Сосенское,Новомосковский,72,37.433776,55.573712,32.490000,Сосенское,
Сосенское,Новомосковский,73,37.441703,55.573813,47.500000,Сосенское,
Сосенское,Новомосковский,74,37.457557,55.574014,60.450000,Сосенское,
Сосенское,Новомосковский,75,37.465484,55.574113,69.910000,Сосенское,
Сосенское,Новомосковский,76,37.473411,55.574212,72.790000,Сосенское,
Сосенское,Новомосковский,77,37.489266,55.574409,69.040000,Сосенское,
Сосенское,Новомосковский,78,37.497193,55.574506,64.490000,Сосенское,
Сосенское,Новомосковский,79,37.505120,55.574603,51.440000,Сосенское,
Сосенское,Новомосковский,80,37.513048,55.574700,31.800000,Сосенское,
Сосенское,Новомосковский,81,37.386031,55.577586,36.630000,Сосенское,
Сосенское,Новомосковский,82,37.393959,55.577690,29.230000,Сосенское,
Сосенское,Новомосковский,83,37.401886,55.577794,25.900000,Сосенское,
Сосенское,Новомосковский,84,37.425669,55.578102,29.470000,Сосенское,
Сосенское,Новомосковский,85,37.433597,55.578203,32.370000,Сосенское,
Сосенское,Новомосковский,86,37.465309,55.578605,62.150000,Сосенское,
Сосенское,Новомосковский,87,37.473237,55.578704,67.040000,Сосенское,
Сосенское,Новомосковский,88,37.481165,55.578802,65.430000,Сосенское,
Сосенское,Новомосковский,89,37.497021,55.578997,51.760000,Сосенское,
Сосенское,Новомосковский,90,37.520806,55.579287,31.870000,Сосенское,
Сосенское,Новомосковский,91,37.393775,55.582181,32.080000,Сосенское,
Сосенское,Новомосковский,92,37.401704,55.582285,29.880000,Сосенское,
Сосенское,Новомосковский,93,37.409632,55.582388,25.130000,Сосенское,
Сосенское,Новомосковский,94,37.417561,55.582491,29.690000,Сосенское,
Сосенское,Новомосковский,95,37.441347,55.582796,49.450000,Сосенское,
Сосенское,Новомосковский,96,37.465134,55.583096,53.000000,Сосенское,
Сосенское,Новомосковский,97,37.473063,55.583195,59.100000,Сосенское,
Сосенское,Новомосковский,98,37.480992,55.583293,56.600000,Сосенское,
Сосенское,Новомосковский,99,37.488921,55.583391,50.590000,Сосенское,
Сосенское,Новомосковский,100,37.528567,55.583874,45.590000,Сосенское,
Сосенское,Новомосковский,101,37.433239,55.587186,55.980000,Сосенское,
Сосенское,Новомосковский,102,37.441169,55.587287,56.510000,Сосенское,
Сосенское,Новомосковский,103,37.449099,55.587387,61.110000,Сосенское,
Сосенское,Новомосковский,104,37.457029,55.587487,59.010000,Сосенское,
Сосенское,Новомосковский,105,37.464958,55.587587,58.360000,Сосенское,
Сосенское,Новомосковский,106,37.472888,55.587686,52.550000,Сосенское,
Сосенское,Новомосковский,107,37.480818,55.587784,49.880000,Сосенское,
Сосенское,Новомосковский,108,37.488748,55.587882,36.500000,Сосенское,
Сосенское,Новомосковский,109,37.528399,55.588365,55.370000,Сосенское,
Сосенское,Новомосковский,110,37.401339,55.591267,38.920000,Сосенское,
Сосенское,Новомосковский,111,37.425130,55.591575,57.710000,Сосенское,
Сосенское,Новомосковский,112,37.440991,55.591778,57.410000,Сосенское,
Сосенское,Новомосковский,113,37.448922,55.591878,59.900000,Сосенское,
Сосенское,Новомосковский,114,37.456852,55.591978,58.050000,Сосенское,
Сосенское,Новомосковский,115,37.464783,55.592078,60.940000,Сосенское,
Сосенское,Новомосковский,116,37.472714,55.592177,57.390000,Сосенское,
Сосенское,Новомосковский,117,37.480645,55.592276,45.570000,Сосенское,
Сосенское,Новомосковский,118,37.488576,55.592374,43.100000,Сосенское,
Сосенское,Новомосковский,119,37.409087,55.595861,53.000000,Сосенское,
Сосенское,Новомосковский,120,37.417019,55.595964,51.950000,Сосенское,
Сосенское,Новомосковский,121,37.432881,55.596168,52.600000,Сосенское,
Сосенское,Новомосковский,122,37.448744,55.596370,56.870000,Сосенское,
Сосенское,Новомосковский,123,37.456676,55.596470,61.030000,Сосенское,
Сосенское,Новомосковский,124,37.464608,55.596569,63.310000,Сосенское,
Сосенское,Новомосковский,125,37.472539,55.596668,57.530000,Сосенское,
Сосенское,Новомосковский,126,37.480471,55.596767,59.760000,Сосенское,
Сосенское,Новомосковский,127,37.504267,55.597059,65.620000,Сосенское,
Сосенское,Новомосковский,128,37.408906,55.600352,55.740000,Сосенское,
Сосенское,Новомосковский,129,37.416838,55.600455,52.380000,Сосенское,
Сосенское,Новомосковский,130,37.424770,55.600557,45.330000,Сосенское,
Сосенское,Новомосковский,131,37.440635,55.600760,44.050000,Сосенское,
Сосенское,Новомосковский,132,37.448567,55.600861,47.540000,Сосенское,
Сосенское,Новомосковский,133,37.456500,55.600961,57.860000,Сосенское,
Сосенское,Новомосковский,134,37.464432,55.601060,62.070000,Сосенское,
Сосенское,Новомосковский,135,37.472365,55.601159,65.590000,Сосенское,
Сосенское,Новомосковский,136,37.496163,55.601454,67.580000,Сосенское,
Сосенское,Новомосковский,137,37.416657,55.604946,48.000000,Сосенское,
Сосенское,Новомосковский,138,37.432523,55.605150,37.630000,Сосенское,
Сосенское,Новомосковский,139,37.440457,55.605251,39.110000,Сосенское,
Сосенское,Новомосковский,140,37.448390,55.605352,41.570000,Сосенское,
Сосенское,Новомосковский,141,37.456323,55.605452,51.010000,Сосенское,
Сосенское,Новомосковский,142,37.488057,55.605847,74.290000,Сосенское,
Сосенское,Новомосковский,143,37.495991,55.605945,73.210000,Сосенское,
Сосенское,Новомосковский,144,37.408542,55.609334,56.100000,Сосенское,
Сосенское,Новомосковский,145,37.416476,55.609437,49.840000,Сосенское,
Сосенское,Новомосковский,146,37.440278,55.609742,44.000000,Сосенское,
Сосенское,Новомосковский,147,37.448213,55.609843,45.260000,Сосенское,
Сосенское,Новомосковский,148,37.456147,55.609943,49.800000,Сосенское,
Сосенское,Новомосковский,149,37.440100,55.614233,45.230000,Сосенское,
Сосенское,Новомосковский,150,37.448035,55.614334,49.340000,Сосенское,
Сосенское,Новомосковский,151,37.455970,55.614434,50.960000,Сосенское,
Сосенское,Новомосковский,152,37.447858,55.618825,51.510000,Сосенское,
Сосенское,Новомосковский,153,37.455794,55.618925,54.680000,Сосенское,
Старое Крюково,Зеленоградский,1,37.177013,55.979068,89.430000,Старое Крюково,
Старое Крюково,Зеленоградский,2,37.185021,55.979186,89.450000,Старое Крюково,
Старое Крюково,Зеленоградский,3,37.201039,55.979421,77.760000,Старое Крюково,
Старое Крюково,Зеленоградский,4,37.217056,55.979654,60.200000,Старое Крюково,
Старое Крюково,Зеленоградский,5,37.184811,55.983677,90.650000,Старое Крюково,
Старое Крюково,Зеленоградский,6,37.208840,55.984028,70.140000,Старое Крюково,
Старое Крюково,Зеленоградский,7,37.216850,55.984144,74.610000,Старое Крюково,
Старое Крюково,Зеленоградский,8,37.224860,55.984260,74.220000,Старое Крюково,
Старое Крюково,Зеленоградский,9,37.184601,55.988167,85.310000,Старое Крюково,
Строгино,Северо-Западный,1,37.369906,55.775081,49.800000,Строгино,
Строгино,Северо-Западный,2,37.369718,55.779572,55.530000,Строгино,
Строгино,Северо-Западный,3,37.369531,55.784063,62.780000,Строгино,
Строгино,Северо-Западный,4,37.393439,55.784378,60.720000,Строгино,
Строгино,Северо-Западный,5,37.377313,55.788659,56.970000,Строгино,
Строгино,Северо-Западный,6,37.385284,55.788764,63.860000,Строгино,
Строгино,Северо-Западный,7,37.393254,55.788869,73.500000,Строгино,
Строгино,Северо-Западный,8,37.401224,55.788973,74.670000,Строгино,
Строгино,Северо-Западный,9,37.385098,55.793255,75.270000,Строгино,
Строгино,Северо-Западный,10,37.393069,55.793359,79.430000,Строгино,
Строгино,Северо-Западный,11,37.401040,55.793463,83.300000,Строгино,
Строгино,Северо-Западный,12,37.409012,55.793567,82.640000,Строгино,
Строгино,Северо-Западный,13,37.384912,55.797746,79.510000,Строгино,
Строгино,Северо-Западный,14,37.392884,55.797850,85.210000,Строгино,
Строгино,Северо-Западный,15,37.400856,55.797954,89.610000,Строгино,
Строгино,Северо-Западный,16,37.408829,55.798058,89.230000,Строгино,
Строгино,Северо-Западный,17,37.384726,55.802237,81.770000,Строгино,
Строгино,Северо-Западный,18,37.392699,55.802341,87.110000,Строгино,
Строгино,Северо-Западный,19,37.400672,55.802445,88.780000,Строгино,
Строгино,Северо-Западный,20,37.408646,55.802549,90.550000,Строгино,
Строгино,Северо-Западный,21,37.392514,55.806832,88.170000,Строгино,
Строгино,Северо-Западный,22,37.400488,55.806936,88.500000,Строгино,
Строгино,Северо-Западный,23,37.408462,55.807039,91.300000,Строгино,
Строгино,Северо-Западный,24,37.416437,55.807142,89.050000,Строгино,
Строгино,Северо-Западный,25,37.392329,55.811323,85.760000,Строгино,
Строгино,Северо-Западный,26,37.400304,55.811427,90.030000,Строгино,
Строгино,Северо-Западный,27,37.408279,55.811530,89.670000,Строгино,
Строгино,Северо-Западный,28,37.400120,55.815918,83.340000,Строгино,
Строгино,Северо-Западный,29,37.391959,55.820305,82.270000,Строгино,
Таганский,Центральный,1,37.658465,55.729145,87.610000,Таганский,
Таганский,Центральный,2,37.674384,55.729318,84.960000,Таганский,
Таганский,Центральный,3,37.682343,55.729404,84.980000,Таганский,
Таганский,Центральный,4,37.650351,55.733550,87.110000,Таганский,
Таганский,Центральный,5,37.658311,55.733637,88.610000,Таганский,
Таганский,Центральный,6,37.666271,55.733723,88.400000,Таганский,
Таганский,Центральный,7,37.674231,55.733810,86.480000,Таганский,
Таганский,Центральный,8,37.682192,55.733895,85.170000,Таганский,
Таганский,Центральный,9,37.650196,55.738041,89.170000,Таганский,
Таганский,Центральный,10,37.658157,55.738128,88.770000,Таганский,
Таганский,Центральный,11,37.666118,55.738215,86.600000,Таганский,
Таганский,Центральный,12,37.674079,55.738301,87.750000,Таганский,
Таганский,Центральный,13,37.682040,55.738387,87.320000,Таганский,
Таганский,Центральный,14,37.690001,55.738472,85.600000,Таганский,
Таганский,Центральный,15,37.697963,55.738556,82.860000,Таганский,
Таганский,Центральный,16,37.650041,55.742532,89.090000,Таганский,
Таганский,Центральный,17,37.658003,55.742620,88.990000,Таганский,
Таганский,Центральный,18,37.665965,55.742706,89.440000,Таганский,
Таганский,Центральный,19,37.673927,55.742792,89.480000,Таганский,
Таганский,Центральный,20,37.681889,55.742878,86.250000,Таганский,
Таганский,Центральный,21,37.689851,55.742963,84.600000,Таганский,
Таганский,Центральный,22,37.641923,55.746936,87.360000,Таганский,
Таганский,Центральный,23,37.649886,55.747024,88.250000,Таганский,
Таганский,Центральный,24,37.657849,55.747111,87.910000,Таганский,
Таганский,Центральный,25,37.665811,55.747198,88.240000,Таганский,
Таганский,Центральный,26,37.673774,55.747284,90.430000,Таганский,
Таганский,Центральный,27,37.681737,55.747370,87.080000,Таганский,
Таганский,Центральный,28,37.633803,55.751339,88.610000,Таганский,
Таганский,Центральный,29,37.641767,55.751427,88.200000,Таганский,
Таганский,Центральный,30,37.665658,55.751689,87.840000,Таганский,
Тверской,Центральный,1,37.617876,55.751161,84.100000,Тверской,
Тверской,Центральный,2,37.609753,55.755562,88.210000,Тверской,
Тверской,Центральный,3,37.617717,55.755652,86.800000,Тверской,
Тверской,Центральный,4,37.625682,55.755742,85.840000,Тверской,
Тверской,Центральный,5,37.609593,55.760054,86.390000,Тверской,
Тверской,Центральный,6,37.617558,55.760144,85.490000,Тверской,
Тверской,Центральный,7,37.609433,55.764545,87.230000,Тверской,
Тверской,Центральный,8,37.617400,55.764635,86.440000,Тверской,
Тверской,Центральный,9,37.601306,55.768946,88.160000,Тверской,
Тверской,Центральный,10,37.609273,55.769036,87.910000,Тверской,
Тверской,Центральный,11,37.617241,55.769126,87.520000,Тверской,
Тверской,Центральный,12,37.593177,55.773346,87.250000,Тверской,
Тверской,Центральный,13,37.601145,55.773437,87.430000,Тверской,
Тверской,Центральный,14,37.609113,55.773528,87.010000,Тверской,
Тверской,Центральный,15,37.617082,55.773618,88.760000,Тверской,
Тверской,Центральный,16,37.585047,55.777746,86.830000,Тверской,
Тверской,Центральный,17,37.600984,55.777929,86.280000,Тверской,
Тверской,Центральный,18,37.608953,55.778019,87.610000,Тверской,
Тверской,Центральный,19,37.592854,55.782329,85.780000,Тверской,
Тверской,Центральный,20,37.600824,55.782420,86.610000,Тверской,
Тверской,Центральный,21,37.608793,55.782510,86.300000,Тверской,
Тверской,Центральный,22,37.592692,55.786820,86.100000,Тверской,
Тверской,Центральный,23,37.600663,55.786911,86.480000,Тверской,
Тверской,Центральный,24,37.592530,55.791312,86.890000,Тверской,
Текстильщики,Юго-Восточный,1,37.739217,55.694056,94.390000,Текстильщики,
Текстильщики,Юго-Восточный,2,37.747169,55.694137,94.020000,Текстильщики,
Текстильщики,Юго-Восточный,3,37.731119,55.698466,91.680000,Текстильщики,
Текстильщики,Юго-Восточный,4,37.739072,55.698548,92.490000,Текстильщики,
Текстильщики,Юго-Восточный,5,37.747026,55.698629,89.840000,Текстильщики,
Текстильщики,Юго-Восточный,6,37.730974,55.702957,87.980000,Текстильщики,
Текстильщики,Юго-Восточный,7,37.738928,55.703039,88.180000,Текстильщики,
Текстильщики,Юго-Восточный,8,37.746882,55.703121,85.120000,Текстильщики,
Текстильщики,Юго-Восточный,9,37.730828,55.707449,87.260000,Текстильщики,
Текстильщики,Юго-Восточный,10,37.738783,55.707531,90.180000,Текстильщики,
Текстильщики,Юго-Восточный,11,37.730682,55.711940,86.370000,Текстильщики,
Текстильщики,Юго-Восточный,12,37.738638,55.712022,88.560000,Текстильщики,
Текстильщики,Юго-Восточный,13,37.746594,55.712104,86.920000,Текстильщики,
Текстильщики,Юго-Восточный,14,37.730537,55.716432,82.560000,Текстильщики,
Текстильщики,Юго-Восточный,15,37.738494,55.716514,84.410000,Текстильщики,
Текстильщики,Юго-Восточный,16,37.722433,55.720841,76.630000,Текстильщики,
Текстильщики,Юго-Восточный,17,37.730391,55.720924,78.800000,Текстильщики,
Текстильщики,Юго-Восточный,18,37.738349,55.721006,77.640000,Текстильщики,
Тимирязевский,Северный,1,37.559981,55.808907,88.710000,Тимирязевский,
Тимирязевский,Северный,2,37.567956,55.809000,89.530000,Тимирязевский,
Тимирязевский,Северный,3,37.559815,55.813398,87.380000,Тимирязевский,
Тимирязевский,Северный,4,37.567791,55.813491,88.030000,Тимирязевский,
Тимирязевский,Северный,5,37.575767,55.813584,88.620000,Тимирязевский,
Тимирязевский,Северный,6,37.575603,55.818075,89.100000,Тимирязевский,
Тимирязевский,Северный,7,37.559483,55.822381,80.540000,Тимирязевский,
Тимирязевский,Северный,8,37.543360,55.826684,69.790000,Тимирязевский,
Тимирязевский,Северный,9,37.551338,55.826778,65.740000,Тимирязевский,
Тимирязевский,Северный,10,37.559317,55.826872,79.830000,Тимирязевский,
Тимирязевский,Северный,11,37.567296,55.826965,87.160000,Тимирязевский,
Тимирязевский,Северный,12,37.551171,55.831269,70.320000,Тимирязевский,
Тимирязевский,Северный,13,37.559151,55.831363,77.740000,Тимирязевский,
Тимирязевский,Северный,14,37.567131,55.831456,86.750000,Тимирязевский,
Тимирязевский,Северный,15,37.543024,55.835666,84.460000,Тимирязевский,
Тимирязевский,Северный,16,37.551004,55.835761,79.900000,Тимирязевский,
Тимирязевский,Северный,17,37.566966,55.835947,85.130000,Тимирязевский,
Тимирязевский,Северный,18,37.574946,55.836040,85.330000,Тимирязевский,
Тимирязевский,Северный,19,37.550837,55.840252,85.430000,Тимирязевский,
Тимирязевский,Северный,20,37.558819,55.840345,82.980000,Тимирязевский,
Тимирязевский,Северный,21,37.566800,55.840439,85.320000,Тимирязевский,
Тимирязевский,Северный,22,37.574782,55.840531,84.430000,Тимирязевский,
Тимирязевский,Северный,23,37.566635,55.844930,82.260000,Тимирязевский,
Тимирязевский,Северный,24,37.574618,55.845023,83.690000,Тимирязевский,
Тимирязевский,Северный,25,37.566470,55.849421,82.820000,Тимирязевский,
Троицк,Троицкий,1,37.272641,55.450221,40.790000,Троицк,
Троицк,Троицкий,2,37.272445,55.454712,41.130000,Троицк,
Троицк,Троицкий,3,37.280347,55.454823,48.400000,Троицк,
Троицк,Троицкий,4,37.288250,55.454934,48.840000,Троицк,
Троицк,Троицкий,5,37.296152,55.455044,46.980000,Троицк,
Троицк,Троицкий,6,37.264345,55.459091,33.610000,Троицк,
Троицк,Троицкий,7,37.280152,55.459314,47.560000,Троицк,
Троицк,Троицкий,8,37.288055,55.459425,51.260000,Троицк,
Троицк,Троицкий,9,37.295959,55.459535,55.840000,Троицк,
Троицк,Троицкий,10,37.272052,55.463694,37.430000,Троицк,
Троицк,Троицкий,11,37.279956,55.463805,49.510000,Троицк,
Троицк,Троицкий,12,37.287861,55.463916,61.330000,Троицк,
Троицк,Троицкий,13,37.287666,55.468407,66.280000,Троицк,
Троицк,Троицкий,14,37.295571,55.468517,67.840000,Троицк,
Троицк,Троицкий,15,37.303477,55.468627,68.230000,Троицк,
Троицк,Троицкий,16,37.295378,55.473008,69.160000,Троицк,
Троицк,Троицкий,17,37.303284,55.473118,69.380000,Троицк,
Троицк,Троицкий,18,37.311190,55.473227,68.650000,Троицк,
Троицк,Троицкий,19,37.303091,55.477609,69.810000,Троицк,
Троицк,Троицкий,20,37.302898,55.482099,69.150000,Троицк,
Троицк,Троицкий,21,37.302705,55.486590,70.690000,Троицк,
Троицк,Троицкий,22,37.310614,55.486700,69.310000,Троицк,
Троицк,Троицкий,23,37.318523,55.486809,62.400000,Троицк,
Троицк,Троицкий,24,37.294602,55.490971,65.210000,Троицк,
Троицк,Троицкий,25,37.302512,55.491081,69.310000,Троицк,
Троицк,Троицкий,26,37.310421,55.491191,69.780000,Троицк,
Троицк,Троицкий,27,37.318331,55.491300,63.410000,Троицк,
Троицк,Троицкий,28,37.310229,55.495682,63.100000,Троицк,
Троицк,Троицкий,29,37.318140,55.495790,60.020000,Троицк,
Троицк,Троицкий,30,37.326051,55.495899,59.560000,Троицк,
Троицк,Троицкий,31,37.286302,55.499843,39.530000,Троицк,
Троицк,Троицкий,32,37.302125,55.500063,45.970000,Троицк,
Троицк,Троицкий,33,37.310037,55.500172,52.320000,Троицк,
Троицк,Троицкий,34,37.317948,55.500281,56.640000,Троицк,
Троицк,Троицкий,35,37.309844,55.504663,39.320000,Троицк,
Троицк,Троицкий,36,37.317757,55.504772,49.420000,Троицк,
Тропарёво-Никулино,Западный,1,37.446614,55.650263,48.390000,Тропарёво-Никулино,
Тропарёво-Никулино,Западный,2,37.454557,55.650363,56.240000,Тропарёво-Никулино,
Тропарёво-Никулино,Западный,3,37.470442,55.650562,84.050000,Тропарёво-Никулино,
Тропарёво-Никулино,Западный,4,37.454380,55.654854,60.080000,Тропарёво-Никулино,
Тропарёво-Никулино,Западный,5,37.486154,55.655250,84.260000,Тропарёво-Никулино,
Тропарёво-Никулино,Западный,6,37.494097,55.655348,79.060000,Тропарёво-Никулино,
Тропарёво-Никулино,Западный,7,37.438314,55.659144,72.350000,Тропарёво-Никулино,
Тропарёво-Никулино,Западный,8,37.446258,55.659245,70.830000,Тропарёво-Никулино,
Тропарёво-Никулино,Западный,9,37.454203,55.659345,72.130000,Тропарёво-Никулино,
Тропарёво-Никулино,Западный,10,37.470091,55.659544,84.010000,Тропарёво-Никулино,
Тропарёво-Никулино,Западный,11,37.478036,55.659643,85.750000,Тропарёво-Никулино,
Тропарёво-Никулино,Западный,12,37.485980,55.659741,86.510000,Тропарёво-Никулино,
Тропарёво-Никулино,Западный,13,37.493925,55.659839,84.930000,Тропарёво-Никулино,
Тропарёво-Никулино,Западный,14,37.446081,55.663736,80.940000,Тропарёво-Никулино,
Тропарёво-Никулино,Западный,15,37.454026,55.663836,82.570000,Тропарёво-Никулино,
Тропарёво-Никулино,Западный,16,37.461971,55.663936,80.790000,Тропарёво-Никулино,
Тропарёво-Никулино,Западный,17,37.469916,55.664035,85.550000,Тропарёво-Никулино,
Тропарёво-Никулино,Западный,18,37.477862,55.664134,87.100000,Тропарёво-Никулино,
Тропарёво-Никулино,Западный,19,37.485807,55.664233,87.360000,Тропарёво-Никулино,
Тропарёво-Никулино,Западный,20,37.493752,55.664330,87.530000,Тропарёво-Никулино,
Тропарёво-Никулино,Западный,21,37.445903,55.668227,84.630000,Тропарёво-Никулино,
Тропарёво-Никулино,Западный,22,37.453849,55.668327,87.260000,Тропарёво-Никулино,
Тропарёво-Никулино,Западный,23,37.469741,55.668527,86.860000,Тропарёво-Никулино,
Тропарёво-Никулино,Западный,24,37.477687,55.668625,87.940000,Тропарёво-Никулино,
Тропарёво-Никулино,Западный,25,37.485633,55.668724,88.050000,Тропарёво-Никулино,
Тропарёво-Никулино,Западный,26,37.493580,55.668821,87.480000,Тропарёво-Никулино,
Тропарёво-Никулино,Западный,27,37.461619,55.672918,89.760000,Тропарёво-Никулино,
Тропарёво-Никулино,Западный,28,37.469566,55.673018,84.430000,Тропарёво-Никулино,
Тропарёво-Никулино,Западный,29,37.477513,55.673116,85.140000,Тропарёво-Никулино,
Тропарёво-Никулино,Западный,30,37.469390,55.677509,83.140000,Тропарёво-Никулино,
Тёплый Стан,Юго-Западный,1,37.487712,55.614830,79.610000,Тёплый Стан,
Тёплый Стан,Юго-Западный,2,37.495647,55.614927,83.250000,Тёплый Стан,
Тёплый Стан,Юго-Западный,3,37.487539,55.619321,84.650000,Тёплый Стан,
Тёплый Стан,Юго-Западный,4,37.495475,55.619418,86.960000,Тёплый Стан,
Тёплый Стан,Юго-Западный,5,37.503412,55.619516,88.060000,Тёплый Стан,
Тёплый Стан,Юго-Западный,6,37.487366,55.623812,84.400000,Тёплый Стан,
Тёплый Стан,Юго-Западный,7,37.503240,55.624007,88.650000,Тёплый Стан,
Тёплый Стан,Юго-Западный,8,37.471317,55.628106,80.310000,Тёплый Стан,
Тёплый Стан,Юго-Западный,9,37.479255,55.628205,83.830000,Тёплый Стан,
Тёплый Стан,Юго-Западный,10,37.487193,55.628303,85.270000,Тёплый Стан,
Тёплый Стан,Юго-Западный,11,37.511007,55.628595,88.560000,Тёплый Стан,
Тёплый Стан,Юго-Западный,12,37.471142,55.632598,78.140000,Тёплый Стан,
Тёплый Стан,Юго-Западный,13,37.479081,55.632696,83.500000,Тёплый Стан,
Тёплый Стан,Юго-Западный,14,37.487020,55.632794,84.050000,Тёплый Стан,
Тёплый Стан,Юго-Западный,15,37.510837,55.633086,89.210000,Тёплый Стан,
Тёплый Стан,Юго-Западный,16,37.518776,55.633182,91.430000,Тёплый Стан,
Тёплый Стан,Юго-Западный,17,37.470967,55.637089,82.780000,Тёплый Стан,
Тёплый Стан,Юго-Западный,18,37.470792,55.641580,84.950000,Тёплый Стан,
Тёплый Стан,Юго-Западный,19,37.478733,55.641679,86.810000,Тёплый Стан,
Тёплый Стан,Юго-Западный,20,37.486673,55.641777,86.300000,Тёплый Стан,
Тёплый Стан,Юго-Западный,21,37.478559,55.646170,85.300000,Тёплый Стан,
Тёплый Стан,Юго-Западный,22,37.486500,55.646268,84.310000,Тёплый Стан,
Фили-Давыдково,Западный,1,37.460030,55.713338,81.510000,Фили-Давыдково,
Фили-Давыдково,Западный,2,37.451897,55.717729,85.270000,Фили-Давыдково,
Фили-Давыдково,Западный,3,37.459853,55.717829,84.020000,Фили-Давыдково,
Фили-Давыдково,Западный,4,37.451720,55.722220,87.330000,Фили-Давыдково,
Фили-Давыдково,Западный,5,37.459677,55.722320,86.700000,Фили-Давыдково,
Фили-Давыдково,Западный,6,37.467634,55.722420,85.540000,Фили-Давыдково,
Фили-Давыдково,Западный,7,37.475591,55.722519,82.100000,Фили-Давыдково,
Фили-Давыдково,Западный,8,37.451542,55.726711,86.800000,Фили-Давыдково,
Фили-Давыдково,Западный,9,37.459500,55.726811,88.610000,Фили-Давыдково,
Фили-Давыдково,Западный,10,37.475416,55.727010,84.960000,Фили-Давыдково,
Фили-Давыдково,Западный,11,37.451364,55.731202,88.140000,Фили-Давыдково,
Фили-Давыдково,Западный,12,37.459323,55.731302,88.670000,Фили-Давыдково,
Фили-Давыдково,Западный,13,37.467282,55.731402,89.580000,Фили-Давыдково,
Фили-Давыдково,Западный,14,37.475241,55.731501,87.510000,Фили-Давыдково,
Фили-Давыдково,Западный,15,37.483200,55.731599,83.150000,Фили-Давыдково,
Фили-Давыдково,Западный,16,37.459146,55.735793,86.850000,Фили-Давыдково,
Фили-Давыдково,Западный,17,37.467106,55.735893,89.520000,Фили-Давыдково,
Фили-Давыдково,Западный,18,37.475066,55.735992,89.490000,Фили-Давыдково,
Фили-Давыдково,Западный,19,37.483026,55.736090,87.560000,Фили-Давыдково,
Фили-Давыдково,Западный,20,37.474891,55.740483,88.860000,Фили-Давыдково,
Филимонковское,Новомосковский,1,37.284544,55.540260,9.550000,Филимонковское,
Филимонковское,Новомосковский,2,37.316223,55.540699,39.960000,Филимонковское,
Филимонковское,Новомосковский,3,37.324143,55.540808,38.310000,Филимонковское,
Филимонковское,Новомосковский,4,37.276428,55.544639,11.720000,Филимонковское,
Филимонковское,Новомосковский,5,37.292269,55.544861,18.920000,Филимонковское,
Филимонковское,Новомосковский,6,37.300190,55.544971,29.160000,Филимонковское,
Филимонковское,Новомосковский,7,37.308110,55.545081,34.580000,Филимонковское,
Филимонковское,Новомосковский,8,37.323952,55.545299,43.570000,Филимонковское,
Филимонковское,Новомосковский,9,37.331873,55.545407,38.890000,Филимонковское,
Филимонковское,Новомосковский,10,37.339793,55.545514,28.110000,Филимонковское,
Филимонковское,Новомосковский,11,37.276231,55.549130,11.840000,Филимонковское,
Филимонковское,Новомосковский,12,37.284153,55.549241,12.510000,Филимонковское,
Филимонковское,Новомосковский,13,37.299996,55.549462,29.430000,Филимонковское,
Филимонковское,Новомосковский,14,37.307917,55.549572,37.440000,Филимонковское,
Филимонковское,Новомосковский,15,37.315839,55.549681,44.410000,Филимонковское,
Филимонковское,Новомосковский,16,37.323761,55.549790,44.140000,Филимонковское,
Филимонковское,Новомосковский,17,37.371292,55.550431,16.380000,Филимонковское,
Филимонковское,Новомосковский,18,37.299802,55.553953,24.420000,Филимонковское,
Филимонковское,Новомосковский,19,37.307724,55.554063,36.290000,Филимонковское,
Филимонковское,Новомосковский,20,37.323569,55.554281,42.070000,Филимонковское,
Филимонковское,Новомосковский,21,37.355260,55.554710,26.740000,Филимонковское,
Филимонковское,Новомосковский,22,37.363183,55.554816,18.800000,Филимонковское,
Филимонковское,Новомосковский,23,37.386952,55.555131,11.620000,Филимонковское,
Филимонковское,Новомосковский,24,37.259992,55.557888,16.510000,Филимонковское,
Филимонковское,Новомосковский,25,37.291685,55.558334,19.540000,Филимонковское,
Филимонковское,Новомосковский,26,37.307531,55.558554,33.390000,Филимонковское,
Филимонковское,Новомосковский,27,37.315455,55.558663,37.110000,Филимонковское,
Филимонковское,Новомосковский,28,37.331302,55.558880,31.030000,Филимонковское,
Филимонковское,Новомосковский,29,37.347149,55.559094,29.810000,Филимонковское,
Филимонковское,Новомосковский,30,37.355073,55.559201,26.910000,Филимонковское,
Филимонковское,Новомосковский,31,37.362996,55.559307,17.480000,Филимонковское,
Филимонковское,Новомосковский,32,37.267717,55.562491,21.660000,Филимонковское,
Филимонковское,Новомосковский,33,37.275641,55.562603,32.020000,Филимонковское,
Филимонковское,Новомосковский,34,37.291490,55.562825,34.680000,Филимонковское,
Филимонковское,Новомосковский,35,37.299414,55.562935,32.150000,Филимонковское,
Филимонковское,Новомосковский,36,37.339036,55.563478,35.730000,Филимонковское,
Филимонковское,Новомосковский,37,37.354885,55.563692,36.010000,Филимонковское,
Филимонковское,Новомосковский,38,37.275445,55.567093,37.530000,Филимонковское,
Филимонковское,Новомосковский,39,37.283370,55.567205,41.400000,Филимонковское,
Филимонковское,Новомосковский,40,37.291295,55.567315,39.590000,Филимонковское,
Филимонковское,Новомосковский,41,37.354697,55.568183,45.630000,Филимонковское,
Филимонковское,Новомосковский,42,37.362623,55.568289,41.710000,Филимонковское,
Филимонковское,Новомосковский,43,37.259396,55.571360,26.060000,Филимонковское,
Филимонковское,Новомосковский,44,37.267322,55.571472,27.420000,Филимонковское,
Филимонковское,Новомосковский,45,37.354509,55.572674,52.410000,Филимонковское,
Филимонковское,Новомосковский,46,37.275051,55.576075,35.970000,Филимонковское,
Филимонковское,Новомосковский,47,37.282978,55.576186,38.350000,Филимонковское,
Филимонковское,Новомосковский,48,37.290905,55.576297,36.110000,Филимонковское,
Филимонковское,Новомосковский,49,37.338467,55.576951,33.430000,Филимонковское,
Филимонковское,Новомосковский,50,37.346394,55.577058,52.670000,Филимонковское,
Филимонковское,Новомосковский,51,37.354321,55.577165,56.940000,Филимонковское,
Филимонковское,Новомосковский,52,37.282782,55.580677,30.650000,Филимонковское,
Филимонковское,Новомосковский,53,37.346205,55.581549,49.350000,Филимонковское,
Филимонковское,Новомосковский,54,37.354134,55.581656,54.910000,Филимонковское,
Филимонковское,Новомосковский,55,37.338087,55.585933,41.840000,Филимонковское,
Филимонковское,Новомосковский,56,37.298054,55.594370,40.240000,Филимонковское,
Филимонковское,Новомосковский,57,37.305985,55.594480,39.110000,Филимонковское,
Филёвский Парк,Западный,1,37.451186,55.735693,83.710000,Филёвский Парк,
Филёвский Парк,Западный,2,37.490986,55.736188,86.070000,Филёвский Парк,
Филёвский Парк,Западный,3,37.498946,55.736286,83.080000,Филёвский Парк,
Филёвский Парк,Западный,4,37.466930,55.740384,87.120000,Филёвский Парк,
Филёвский Парк,Западный,5,37.482852,55.740582,87.460000,Филёвский Парк,
Филёвский Парк,Западный,6,37.498773,55.740777,87.620000,Филёвский Парк,
Филёвский Парк,Западный,7,37.506734,55.740874,87.560000,Филёвский Парк,
Филёвский Парк,Западный,8,37.490639,55.745171,89.550000,Филёвский Парк,
Филёвский Парк,Западный,9,37.498601,55.745268,89.560000,Филёвский Парк,
Филёвский Парк,Западный,10,37.506563,55.745365,91.520000,Филёвский Парк,
Филёвский Парк,Западный,11,37.514525,55.745462,90.180000,Филёвский Парк,
Филёвский Парк,Западный,12,37.498428,55.749759,87.160000,Филёвский Парк,
Филёвский Парк,Западный,13,37.506391,55.749856,90.720000,Филёвский Парк,
Филёвский Парк,Западный,14,37.514354,55.749953,89.490000,Филёвский Парк,
Филёвский Парк,Западный,15,37.482329,55.754055,71.370000,Филёвский Парк,
Филёвский Парк,Западный,16,37.498256,55.754250,84.030000,Филёвский Парк,
Филёвский Парк,Западный,17,37.506220,55.754348,86.890000,Филёвский Парк,
Филёвский Парк,Западный,18,37.514183,55.754444,86.630000,Филёвский Парк,
Филёвский Парк,Западный,19,37.490119,55.758644,76.090000,Филёвский Парк,
Филёвский Парк,Западный,20,37.498083,55.758742,78.500000,Филёвский Парк,
Филёвский Парк,Западный,21,37.506048,55.758839,81.260000,Филёвский Парк,
Филёвский Парк,Западный,22,37.481980,55.763037,83.830000,Филёвский Парк,
Филёвский Парк,Западный,23,37.489945,55.763135,79.010000,Филёвский Парк,
Хамовники,Центральный,1,37.571409,55.714684,79.930000,Хамовники,
Хамовники,Центральный,2,37.571245,55.719175,83.940000,Хамовники,
Хамовники,Центральный,3,37.579202,55.719268,82.220000,Хамовники,
Хамовники,Центральный,4,37.555165,55.723480,80.420000,Хамовники,
Хамовники,Центральный,5,37.563123,55.723574,82.310000,Хамовники,
Хамовники,Центральный,6,37.571081,55.723667,84.550000,Хамовники,
Хамовники,Центральный,7,37.579039,55.723759,85.150000,Хамовники,
Хамовники,Центральный,8,37.586996,55.723851,84.580000,Хамовники,
Хамовники,Центральный,9,37.555000,55.727972,82.250000,Хамовники,
Хамовники,Центральный,10,37.562958,55.728065,83.450000,Хамовники,
Хамовники,Центральный,11,37.570917,55.728158,83.210000,Хамовники,
Хамовники,Центральный,12,37.586834,55.728342,86.810000,Хамовники,
Хамовники,Центральный,13,37.562793,55.732556,82.200000,Хамовники,
Хамовники,Центральный,14,37.578712,55.732742,86.840000,Хамовники,
Хамовники,Центральный,15,37.586672,55.732833,87.950000,Хамовники,
Хамовники,Центральный,16,37.594632,55.732925,88.950000,Хамовники,
Хамовники,Центральный,17,37.570589,55.737140,84.890000,Хамовники,
Хамовники,Центральный,18,37.586510,55.737325,88.140000,Хамовники,
Хамовники,Центральный,19,37.594470,55.737416,89.560000,Хамовники,
Хамовники,Центральный,20,37.602431,55.737507,86.570000,Хамовники,
Хамовники,Центральный,21,37.578386,55.741724,87.900000,Хамовники,
Хамовники,Центральный,22,37.586347,55.741816,88.070000,Хамовники,
Хамовники,Центральный,23,37.594309,55.741907,88.480000,Хамовники,
Хамовники,Центральный,24,37.586185,55.746307,89.050000,Хамовники,
Хамовники,Центральный,25,37.594147,55.746399,87.610000,Хамовники,
Хамовники,Центральный,26,37.602110,55.746489,88.990000,Хамовники,
Хамовники,Центральный,27,37.610072,55.746580,86.120000,Хамовники,
Ховрино,Северный,1,37.494273,55.857545,85.690000,Ховрино,
Ховрино,Северный,2,37.502258,55.857642,84.430000,Ховрино,
Ховрино,Северный,3,37.510243,55.857739,82.410000,Ховрино,
Ховрино,Северный,4,37.486114,55.861938,88.630000,Ховрино,
Ховрино,Северный,5,37.494100,55.862036,84.480000,Ховрино,
Ховрино,Северный,6,37.502086,55.862133,86.170000,Ховрино,
Ховрино,Северный,7,37.477953,55.866331,87.780000,Ховрино,
Ховрино,Северный,8,37.485939,55.866429,86.010000,Ховрино,
Ховрино,Северный,9,37.493926,55.866527,86.690000,Ховрино,
Ховрино,Северный,10,37.501913,55.866625,87.690000,Ховрино,
Ховрино,Северный,11,37.477777,55.870822,86.450000,Ховрино,
Ховрино,Северный,12,37.485765,55.870920,88.030000,Ховрино,
Ховрино,Северный,13,37.493752,55.871018,85.890000,Ховрино,
Ховрино,Северный,14,37.501740,55.871116,86.440000,Ховрино,
Ховрино,Северный,15,37.485590,55.875411,87.560000,Ховрино,
Ховрино,Северный,16,37.493578,55.875509,86.830000,Ховрино,
Ховрино,Северный,17,37.477426,55.879803,82.970000,Ховрино,
Ховрино,Северный,18,37.485415,55.879902,86.360000,Ховрино,
Ховрино,Северный,19,37.469259,55.884195,78.900000,Ховрино,
Хорошёво-Мнёвники,Северо-Западный,1,37.458792,55.744775,71.900000,Хорошёво-Мнёвники,
Хорошёво-Мнёвники,Северо-Западный,2,37.442690,55.749066,67.250000,Хорошёво-Мнёвники,
Хорошёво-Мнёвники,Северо-Западный,3,37.450652,55.749166,68.450000,Хорошёво-Мнёвники,
Хорошёво-Мнёвники,Северо-Западный,4,37.458615,55.749266,68.180000,Хорошёво-Мнёвники,
Хорошёво-Мнёвники,Северо-Западный,5,37.474365,55.753956,64.690000,Хорошёво-Мнёвники,
Хорошёво-Мнёвники,Северо-Западный,6,37.466225,55.758348,66.760000,Хорошёво-Мнёвники,
Хорошёво-Мнёвники,Северо-Западный,7,37.474190,55.758447,73.090000,Хорошёво-Мнёвники,
Хорошёво-Мнёвники,Северо-Западный,8,37.466049,55.762839,70.930000,Хорошёво-Мнёвники,
Хорошёво-Мнёвники,Северо-Западный,9,37.474014,55.762938,80.240000,Хорошёво-Мнёвники,
Хорошёво-Мнёвники,Северо-Западный,10,37.505876,55.763330,79.120000,Хорошёво-Мнёвники,
Хорошёво-Мнёвники,Северо-Западный,11,37.513842,55.763426,79.670000,Хорошёво-Мнёвники,
Хорошёво-Мнёвники,Северо-Западный,12,37.497738,55.767724,81.460000,Хорошёво-Мнёвники,
Хорошёво-Мнёвники,Северо-Западный,13,37.505704,55.767821,76.920000,Хорошёво-Мнёвники,
Хорошёво-Мнёвники,Северо-Западный,14,37.513671,55.767917,74.180000,Хорошёво-Мнёвники,
Хорошёво-Мнёвники,Северо-Западный,15,37.465696,55.771821,82.060000,Хорошёво-Мнёвники,
Хорошёво-Мнёвники,Северо-Западный,16,37.473663,55.771920,87.610000,Хорошёво-Мнёвники,
Хорошёво-Мнёвники,Северо-Западный,17,37.489598,55.772117,90.560000,Хорошёво-Мнёвники,
Хорошёво-Мнёвники,Северо-Западный,18,37.497565,55.772215,87.540000,Хорошёво-Мнёвники,
Хорошёво-Мнёвники,Северо-Западный,19,37.505533,55.772312,83.080000,Хорошёво-Мнёвники,
Хорошёво-Мнёвники,Северо-Западный,20,37.457551,55.776212,80.800000,Хорошёво-Мнёвники,
Хорошёво-Мнёвники,Северо-Западный,21,37.465519,55.776312,81.620000,Хорошёво-Мнёвники,
Хорошёво-Мнёвники,Северо-Западный,22,37.473488,55.776411,87.400000,Хорошёво-Мнёвники,
Хорошёво-Мнёвники,Северо-Западный,23,37.481456,55.776510,90.730000,Хорошёво-Мнёвники,
Хорошёво-Мнёвники,Северо-Западный,24,37.489424,55.776608,91.370000,Хорошёво-Мнёвники,
Хорошёво-Мнёвники,Северо-Западный,25,37.497392,55.776706,86.500000,Хорошёво-Мнёвники,
Хорошёво-Мнёвники,Северо-Западный,26,37.505361,55.776803,85.230000,Хорошёво-Мнёвники,
Хорошёво-Мнёвники,Северо-Западный,27,37.441436,55.780502,69.370000,Хорошёво-Мнёвники,
Хорошёво-Мнёвники,Северо-Западный,28,37.449405,55.780603,77.520000,Хорошёво-Мнёвники,
Хорошёво-Мнёвники,Северо-Западный,29,37.457374,55.780703,81.230000,Хорошёво-Мнёвники,
Хорошёво-Мнёвники,Северо-Западный,30,37.465343,55.780803,83.640000,Хорошёво-Мнёвники,
Хорошёво-Мнёвники,Северо-Западный,31,37.473312,55.780902,83.270000,Хорошёво-Мнёвники,
Хорошёво-Мнёвники,Северо-Западный,32,37.481281,55.781001,88.170000,Хорошёво-Мнёвники,
Хорошёво-Мнёвники,Северо-Западный,33,37.489250,55.781099,86.120000,Хорошёво-Мнёвники,
Хорошёво-Мнёвники,Северо-Западный,34,37.505189,55.781294,86.040000,Хорошёво-Мнёвники,
Хорошёво-Мнёвники,Северо-Западный,35,37.449227,55.785094,76.270000,Хорошёво-Мнёвники,
Хорошёво-Мнёвники,Северо-Западный,36,37.457196,55.785194,79.290000,Хорошёво-Мнёвники,
Хорошёво-Мнёвники,Северо-Западный,37,37.465166,55.785294,79.940000,Хорошёво-Мнёвники,
Хорошёво-Мнёвники,Северо-Западный,38,37.473136,55.785393,80.330000,Хорошёво-Мнёвники,
Хорошёво-Мнёвники,Северо-Западный,39,37.481106,55.785492,82.390000,Хорошёво-Мнёвники,
Хорошёво-Мнёвники,Северо-Западный,40,37.497047,55.785688,87.110000,Хорошёво-Мнёвники,
Хорошёво-Мнёвники,Северо-Западный,41,37.505017,55.785785,86.550000,Хорошёво-Мнёвники,
Хорошёво-Мнёвники,Северо-Западный,42,37.449048,55.789585,74.470000,Хорошёво-Мнёвники,
Хорошёво-Мнёвники,Северо-Западный,43,37.457019,55.789685,77.700000,Хорошёво-Мнёвники,
Хорошёво-Мнёвники,Северо-Западный,44,37.464990,55.789785,76.970000,Хорошёво-Мнёвники,
Хорошёвский,Северный,1,37.521808,55.763522,80.040000,Хорошёвский,
Хорошёвский,Северный,2,37.529773,55.763618,73.750000,Хорошёвский,
Хорошёвский,Северный,3,37.521638,55.768014,71.200000,Хорошёвский,
Хорошёвский,Северный,4,37.529604,55.768109,72.120000,Хорошёвский,
Хорошёвский,Северный,5,37.513500,55.772409,79.630000,Хорошёвский,
Хорошёвский,Северный,6,37.521468,55.772505,77.770000,Хорошёвский,
Хорошёвский,Северный,7,37.529435,55.772600,78.800000,Хорошёвский,
Хорошёвский,Северный,8,37.537403,55.772695,79.850000,Хорошёвский,
Хорошёвский,Северный,9,37.513329,55.776900,84.080000,Хорошёвский,
Хорошёвский,Северный,10,37.521298,55.776996,83.310000,Хорошёвский,
Хорошёвский,Северный,11,37.529266,55.777091,83.530000,Хорошёвский,
Хорошёвский,Северный,12,37.537235,55.777187,81.880000,Хорошёвский,
Хорошёвский,Северный,13,37.545203,55.777281,79.900000,Хорошёвский,
Хорошёвский,Северный,14,37.513158,55.781391,86.340000,Хорошёвский,
Хорошёвский,Северный,15,37.521127,55.781487,86.970000,Хорошёвский,
Хорошёвский,Северный,16,37.529097,55.781583,86.790000,Хорошёвский,
Хорошёвский,Северный,17,37.537066,55.781678,82.270000,Хорошёвский,
Хорошёвский,Северный,18,37.512987,55.785882,87.120000,Хорошёвский,
Хорошёвский,Северный,19,37.520957,55.785978,85.860000,Хорошёвский,
Хорошёвский,Северный,20,37.536898,55.786169,77.900000,Хорошёвский,
Хорошёвский,Северный,21,37.504845,55.790276,85.330000,Хорошёвский,
Хорошёвский,Северный,22,37.520787,55.790469,86.180000,Хорошёвский,
Хорошёвский,Северный,23,37.528758,55.790565,84.410000,Хорошёвский,
Хорошёвский,Северный,24,37.536730,55.790660,82.130000,Хорошёвский,
Хорошёвский,Северный,25,37.544701,55.790755,82.370000,Хорошёвский,
Хорошёвский,Северный,26,37.520617,55.794960,84.680000,Хорошёвский,
Хорошёвский,Северный,27,37.528589,55.795056,85.260000,Хорошёвский,
Хорошёвский,Северный,28,37.536561,55.795151,86.510000,Хорошёвский,
Хорошёвский,Северный,29,37.520447,55.799452,86.710000,Хорошёвский,
Хорошёвский,Северный,30,37.528420,55.799547,88.840000,Хорошёвский,
Царицыно,Южный,1,37.638493,55.616596,66.150000,Царицыно,
Царицыно,Южный,2,37.646430,55.616684,73.370000,Царицыно,
Царицыно,Южный,3,37.654366,55.616771,84.800000,Царицыно,
Царицыно,Южный,4,37.662302,55.616858,87.410000,Царицыно,
Царицыно,Южный,5,37.638338,55.621088,65.630000,Царицыно,
Царицыно,Южный,6,37.646275,55.621176,77.450000,Царицыно,
Царицыно,Южный,7,37.662149,55.621350,90.470000,Царицыно,
Царицыно,Южный,8,37.670087,55.621436,90.320000,Царицыно,
Царицыно,Южный,9,37.630244,55.625491,69.790000,Царицыно,
Царицыно,Южный,10,37.638182,55.625579,68.940000,Царицыно,
Царицыно,Южный,11,37.654058,55.625754,86.680000,Царицыно,
Царицыно,Южный,12,37.661996,55.625841,90.220000,Царицыно,
Царицыно,Южный,13,37.669935,55.625928,92.390000,Царицыно,
Царицыно,Южный,14,37.677873,55.626013,91.250000,Царицыно,
Царицыно,Южный,15,37.630087,55.629982,74.340000,Царицыно,
Царицыно,Южный,16,37.638026,55.630071,71.960000,Царицыно,
Царицыно,Южный,17,37.645965,55.630159,84.280000,Царицыно,
Царицыно,Южный,18,37.653904,55.630246,89.560000,Царицыно,
Царицыно,Южный,19,37.661843,55.630333,90.780000,Царицыно,
Царицыно,Южный,20,37.669782,55.630419,92.280000,Царицыно,
Царицыно,Южный,21,37.629930,55.634474,70.120000,Царицыно,
Царицыно,Южный,22,37.637870,55.634562,71.760000,Царицыно,
Царицыно,Южный,23,37.645810,55.634650,83.350000,Царицыно,
Царицыно,Южный,24,37.653750,55.634737,87.290000,Царицыно,
Царицыно,Южный,25,37.661690,55.634824,88.440000,Царицыно,
Царицыно,Южный,26,37.669630,55.634911,89.410000,Царицыно,
Царицыно,Южный,27,37.677570,55.634996,87.970000,Царицыно,
Царицыно,Южный,28,37.685511,55.635082,86.420000,Царицыно,
Царицыно,Южный,29,37.629774,55.638965,70.760000,Царицыно,
Царицыно,Южный,30,37.637714,55.639054,66.500000,Царицыно,
Чертаново Северное,Южный,1,37.590554,55.625041,81.340000,Чертаново Северное,
Чертаново Северное,Южный,2,37.598492,55.625132,86.500000,Чертаново Северное,
Чертаново Северное,Южный,3,37.606430,55.625223,85.010000,Чертаново Северное,
Чертаново Северное,Южный,4,37.614368,55.625312,83.760000,Чертаново Северное,
Чертаново Северное,Южный,5,37.622306,55.625402,77.340000,Чертаново Северное,
Чертаново Северное,Южный,6,37.598331,55.629623,84.490000,Чертаново Северное,
Чертаново Северное,Южный,7,37.606270,55.629714,84.700000,Чертаново Северное,
Чертаново Северное,Южный,8,37.614209,55.629804,84.010000,Чертаново Северное,
Чертаново Северное,Южный,9,37.622148,55.629893,76.770000,Чертаново Северное,
Чертаново Северное,Южный,10,37.590231,55.634024,78.680000,Чертаново Северное,
Чертаново Северное,Южный,11,37.598171,55.634115,86.600000,Чертаново Северное,
Чертаново Северное,Южный,12,37.606111,55.634205,87.470000,Чертаново Северное,
Чертаново Северное,Южный,13,37.614051,55.634295,85.250000,Чертаново Северное,
Чертаново Северное,Южный,14,37.621990,55.634385,79.170000,Чертаново Северное,
Чертаново Северное,Южный,15,37.590070,55.638515,84.490000,Чертаново Северное,
Чертаново Северное,Южный,16,37.598011,55.638606,88.800000,Чертаново Северное,
Чертаново Северное,Южный,17,37.605951,55.638697,88.440000,Чертаново Северное,
Чертаново Северное,Южный,18,37.613892,55.638787,87.390000,Чертаново Северное,
Чертаново Северное,Южный,19,37.621833,55.638876,81.240000,Чертаново Северное,
Чертаново Северное,Южный,20,37.581967,55.642915,73.720000,Чертаново Северное,
Чертаново Центральное,Южный,1,37.575330,55.606892,75.080000,Чертаново Центральное,
Чертаново Центральное,Южный,2,37.591198,55.607076,89.240000,Чертаново Центральное,
Чертаново Центральное,Южный,3,37.599133,55.607166,91.130000,Чертаново Центральное,
Чертаново Центральное,Южный,4,37.607067,55.607257,89.070000,Чертаново Центральное,
Чертаново Центральное,Южный,5,37.630870,55.607525,71.080000,Чертаново Центральное,
Чертаново Центральное,Южный,6,37.583102,55.611476,80.420000,Чертаново Центральное,
Чертаново Центральное,Южный,7,37.591037,55.611567,90.090000,Чертаново Центральное,
Чертаново Центральное,Южный,8,37.598972,55.611658,90.470000,Чертаново Центральное,
Чертаново Центральное,Южный,9,37.606908,55.611748,89.520000,Чертаново Центральное,
Чертаново Центральное,Южный,10,37.614843,55.611838,86.010000,Чертаново Центральное,
Чертаново Центральное,Южный,11,37.622778,55.611928,75.970000,Чертаново Центральное,
Чертаново Центральное,Южный,12,37.630713,55.612016,64.330000,Чертаново Центральное,
Чертаново Центральное,Южный,13,37.582940,55.615967,78.960000,Чертаново Центральное,
Чертаново Центральное,Южный,14,37.590876,55.616058,87.550000,Чертаново Центральное,
Чертаново Центральное,Южный,15,37.598812,55.616149,87.660000,Чертаново Центральное,
Чертаново Центральное,Южный,16,37.606748,55.616240,86.740000,Чертаново Центральное,
Чертаново Центральное,Южный,17,37.614684,55.616330,82.540000,Чертаново Центральное,
Чертаново Центральное,Южный,18,37.622621,55.616419,68.960000,Чертаново Центральное,
Чертаново Центральное,Южный,19,37.630557,55.616508,57.360000,Чертаново Центральное,
Чертаново Центральное,Южный,20,37.590715,55.620550,81.550000,Чертаново Центральное,
Чертаново Центральное,Южный,21,37.598652,55.620641,86.140000,Чертаново Центральное,
Чертаново Центральное,Южный,22,37.606589,55.620731,84.860000,Чертаново Центральное,
Чертаново Центральное,Южный,23,37.614526,55.620821,82.830000,Чертаново Центральное,
Чертаново Центральное,Южный,24,37.622463,55.620910,70.520000,Чертаново Центральное,
Чертаново Южное,Южный,1,37.600572,55.566744,70.730000,Чертаново Южное,
Чертаново Южное,Южный,2,37.592324,55.575636,80.930000,Чертаново Южное,
Чертаново Южное,Южный,3,37.600252,55.575726,76.190000,Чертаново Южное,
Чертаново Южное,Южный,4,37.608180,55.575817,69.880000,Чертаново Южное,
Чертаново Южное,Южный,5,37.584235,55.580036,85.710000,Чертаново Южное,
Чертаново Южное,Южный,6,37.592164,55.580127,81.920000,Чертаново Южное,
Чертаново Южное,Южный,7,37.600092,55.580218,81.100000,Чертаново Южное,
Чертаново Южное,Южный,8,37.608021,55.580308,74.010000,Чертаново Южное,
Чертаново Южное,Южный,9,37.607862,55.584800,80.470000,Чертаново Южное,
Чертаново Южное,Южный,10,37.591842,55.589110,81.060000,Чертаново Южное,
Чертаново Южное,Южный,11,37.599773,55.589201,84.520000,Чертаново Южное,
Чертаново Южное,Южный,12,37.607703,55.589291,83.540000,Чертаново Южное,
Чертаново Южное,Южный,13,37.599613,55.593692,85.920000,Чертаново Южное,
Чертаново Южное,Южный,14,37.607544,55.593783,84.650000,Чертаново Южное,
Чертаново Южное,Южный,15,37.615476,55.593872,83.410000,Чертаново Южное,
Чертаново Южное,Южный,16,37.583588,55.598001,80.800000,Чертаново Южное,
Чертаново Южное,Южный,17,37.591520,55.598093,87.690000,Чертаново Южное,
Чертаново Южное,Южный,18,37.599453,55.598184,88.620000,Чертаново Южное,
Чертаново Южное,Южный,19,37.607385,55.598274,88.880000,Чертаново Южное,
Чертаново Южное,Южный,20,37.615318,55.598364,86.190000,Чертаново Южное,
Чертаново Южное,Южный,21,37.623250,55.598453,82.640000,Чертаново Южное,
Чертаново Южное,Южный,22,37.583426,55.602493,81.850000,Чертаново Южное,
Чертаново Южное,Южный,23,37.591359,55.602584,88.010000,Чертаново Южное,
Чертаново Южное,Южный,24,37.599293,55.602675,90.230000,Чертаново Южное,
Чертаново Южное,Южный,25,37.607226,55.602765,89.840000,Чертаново Южное,
Чертаново Южное,Южный,26,37.615159,55.602855,82.640000,Чертаново Южное,
Чертаново Южное,Южный,27,37.623093,55.602945,83.990000,Чертаново Южное,
Чертаново Южное,Южный,28,37.631026,55.603033,74.050000,Чертаново Южное,
Чертаново Южное,Южный,29,37.615001,55.607347,88.290000,Чертаново Южное,
Чертаново Южное,Южный,30,37.622936,55.607436,80.670000,Чертаново Южное,
Черёмушки,Юго-Западный,1,37.557813,55.651620,75.030000,Черёмушки,
Черёмушки,Юго-Западный,2,37.565756,55.651713,81.570000,Черёмушки,
Черёмушки,Юго-Западный,3,37.541760,55.655924,80.520000,Черёмушки,
Черёмушки,Юго-Западный,4,37.549704,55.656018,79.430000,Черёмушки,
Черёмушки,Юго-Западный,5,37.557648,55.656111,76.110000,Черёмушки,
Черёмушки,Юго-Западный,6,37.565592,55.656205,82.170000,Черёмушки,
Черёмушки,Юго-Западный,7,37.549538,55.660509,82.760000,Черёмушки,
Черёмушки,Юго-Западный,8,37.557483,55.660603,78.670000,Черёмушки,
Черёмушки,Юго-Западный,9,37.565428,55.660696,83.560000,Черёмушки,
Черёмушки,Юго-Западный,10,37.573373,55.660788,85.160000,Черёмушки,
Черёмушки,Юго-Западный,11,37.549372,55.665000,86.770000,Черёмушки,
Черёмушки,Юго-Западный,12,37.557318,55.665094,84.490000,Черёмушки,
Черёмушки,Юго-Западный,13,37.565263,55.665187,83.790000,Черёмушки,
Черёмушки,Юго-Западный,14,37.573209,55.665280,81.310000,Черёмушки,
Черёмушки,Юго-Западный,15,37.557152,55.669585,86.020000,Черёмушки,
Черёмушки,Юго-Западный,16,37.565099,55.669678,85.290000,Черёмушки,
Черёмушки,Юго-Западный,17,37.573046,55.669771,77.790000,Черёмушки,
Черёмушки,Юго-Западный,18,37.580993,55.669863,80.370000,Черёмушки,
Черёмушки,Юго-Западный,19,37.549039,55.673983,89.290000,Черёмушки,
Черёмушки,Юго-Западный,20,37.556987,55.674077,85.520000,Черёмушки,
Черёмушки,Юго-Западный,21,37.564935,55.674170,86.340000,Черёмушки,
Черёмушки,Юго-Западный,22,37.572882,55.674262,84.780000,Черёмушки,
Черёмушки,Юго-Западный,23,37.556822,55.678568,86.060000,Черёмушки,
Щаповское,Троицкий,1,37.420258,55.317410,6.680000,Щаповское,
Щаповское,Троицкий,2,37.412203,55.321799,8.240000,Щаповское,
Щаповское,Троицкий,3,37.420079,55.321901,7.040000,Щаповское,
Щаповское,Троицкий,4,37.404146,55.326188,9.600000,Щаповское,
Щаповское,Троицкий,5,37.412023,55.326290,8.510000,Щаповское,
Щаповское,Троицкий,6,37.419901,55.326393,7.260000,Щаповское,
Щаповское,Троицкий,7,37.396087,55.330576,11.490000,Щаповское,
Щаповское,Троицкий,8,37.403965,55.330679,9.740000,Щаповское,
Щаповское,Троицкий,9,37.411844,55.330782,7.560000,Щаповское,
Щаповское,Троицкий,10,37.403785,55.335170,10.160000,Щаповское,
Щаповское,Троицкий,11,37.395724,55.339558,14.400000,Щаповское,
Щаповское,Троицкий,12,37.411484,55.339764,9.170000,Щаповское,
Щаповское,Троицкий,13,37.395543,55.344049,17.360000,Щаповское,
Щаповское,Троицкий,14,37.419185,55.344358,8.940000,Щаповское,
Щаповское,Троицкий,15,37.387479,55.348437,21.370000,Щаповское,
Щаповское,Троицкий,16,37.395361,55.348541,18.380000,Щаповское,
Щаповское,Троицкий,17,37.403243,55.348644,13.440000,Щаповское,
Щаповское,Троицкий,18,37.371532,55.352719,24.150000,Щаповское,
Щаповское,Троицкий,19,37.379414,55.352824,23.020000,Щаповское,
Щаповское,Троицкий,20,37.387297,55.352928,22.460000,Щаповское,
Щаповское,Троицкий,21,37.418828,55.353340,12.620000,Щаповское,
Щаповское,Троицкий,22,37.426710,55.353442,9.470000,Щаповское,
Щаповское,Троицкий,23,37.434593,55.353543,9.140000,Щаповское,
Щаповское,Троицкий,24,37.324048,55.356571,16.300000,Щаповское,
Щаповское,Троицкий,25,37.339814,55.356786,24.180000,Щаповское,
Щаповское,Троицкий,26,37.387114,55.357419,20.920000,Щаповское,
Щаповское,Троицкий,27,37.426532,55.357933,15.340000,Щаповское,
Щаповское,Троицкий,28,37.434416,55.358034,13.370000,Щаповское,
Щаповское,Троицкий,29,37.323858,55.361062,11.710000,Щаповское,
Щаповское,Троицкий,30,37.331742,55.361169,13.160000,Щаповское,
Щаповское,Троицкий,31,37.347510,55.361384,22.710000,Щаповское,
Щаповское,Троицкий,32,37.363279,55.361596,27.270000,Щаповское,
Щаповское,Троицкий,33,37.371163,55.361701,28.920000,Щаповское,
Щаповское,Троицкий,34,37.379047,55.361806,27.440000,Щаповское,
Щаповское,Троицкий,35,37.386932,55.361910,25.060000,Щаповское,
Щаповское,Троицкий,36,37.394816,55.362014,20.230000,Щаповское,
Щаповское,Троицкий,37,37.402700,55.362117,19.700000,Щаповское,
Щаповское,Троицкий,38,37.410585,55.362220,19.150000,Щаповское,
Щаповское,Троицкий,39,37.418469,55.362322,18.970000,Щаповское,
Щаповское,Троицкий,40,37.426354,55.362424,18.600000,Щаповское,
Щаповское,Троицкий,41,37.339438,55.365768,13.980000,Щаповское,
Щаповское,Троицкий,42,37.347323,55.365875,18.490000,Щаповское,
Щаповское,Троицкий,43,37.355208,55.365981,25.760000,Щаповское,
Щаповское,Троицкий,44,37.378864,55.366297,32.070000,Щаповское,
Щаповское,Троицкий,45,37.386749,55.366401,30.130000,Щаповское,
Щаповское,Троицкий,46,37.394634,55.366505,24.840000,Щаповское,
Щаповское,Троицкий,47,37.402519,55.366609,18.440000,Щаповское,
Щаповское,Троицкий,48,37.410405,55.366711,18.550000,Щаповское,
Щаповское,Троицкий,49,37.426176,55.366915,18.180000,Щаповское,
Щаповское,Троицкий,50,37.339250,55.370259,14.160000,Щаповское,
Щаповское,Троицкий,51,37.347136,55.370366,16.850000,Щаповское,
Щаповское,Троицкий,52,37.355022,55.370472,19.340000,Щаповское,
Щаповское,Троицкий,53,37.362908,55.370578,27.940000,Щаповское,
Щаповское,Троицкий,54,37.370794,55.370683,33.980000,Щаповское,
Щаповское,Троицкий,55,37.378680,55.370788,35.960000,Щаповское,
Щаповское,Троицкий,56,37.386566,55.370893,35.270000,Щаповское,
Щаповское,Троицкий,57,37.402339,55.371100,23.080000,Щаповское,
Щаповское,Троицкий,58,37.410225,55.371203,15.470000,Щаповское,
Щаповское,Троицкий,59,37.418111,55.371305,13.550000,Щаповское,
Щаповское,Троицкий,60,37.425998,55.371407,15.560000,Щаповское,
Щаповское,Троицкий,61,37.433884,55.371508,12.420000,Щаповское,
Щаповское,Троицкий,62,37.465430,55.371908,7.510000,Щаповское,
Щаповское,Троицкий,63,37.331175,55.374643,10.930000,Щаповское,
Щаповское,Троицкий,64,37.339062,55.374750,13.770000,Щаповское,
Щаповское,Троицкий,65,37.346949,55.374857,16.400000,Щаповское,
Щаповское,Троицкий,66,37.354836,55.374963,19.370000,Щаповское,
Щаповское,Троицкий,67,37.362722,55.375069,25.400000,Щаповское,
Щаповское,Троицкий,68,37.378496,55.375279,36.560000,Щаповское,
Щаповское,Троицкий,69,37.394270,55.375488,30.750000,Щаповское,
Щаповское,Троицкий,70,37.410045,55.375694,17.130000,Щаповское,
Щаповское,Троицкий,71,37.417932,55.375796,12.510000,Щаповское,
Щаповское,Троицкий,72,37.425819,55.375898,9.080000,Щаповское,
Щаповское,Троицкий,73,37.433706,55.375999,9.350000,Щаповское,
Щаповское,Троицкий,74,37.441594,55.376100,9.780000,Щаповское,
Щаповское,Троицкий,75,37.457369,55.376300,7.910000,Щаповское,
Щаповское,Троицкий,76,37.346761,55.379348,16.470000,Щаповское,
Щаповское,Троицкий,77,37.354649,55.379454,24.530000,Щаповское,
Щаповское,Троицкий,78,37.362537,55.379560,28.710000,Щаповское,
Щаповское,Троицкий,79,37.370425,55.379666,32.010000,Щаповское,
Щаповское,Троицкий,80,37.394088,55.379979,29.660000,Щаповское,
Щаповское,Троицкий,81,37.409864,55.380185,20.590000,Щаповское,
Щаповское,Троицкий,82,37.417753,55.380287,17.980000,Щаповское,
Щаповское,Троицкий,83,37.425641,55.380389,17.700000,Щаповское,
Щаповское,Троицкий,84,37.433529,55.380491,11.060000,Щаповское,
Щаповское,Троицкий,85,37.441417,55.380591,11.340000,Щаповское,
Щаповское,Троицкий,86,37.457194,55.380791,9.830000,Щаповское,
Щаповское,Троицкий,87,37.465082,55.380891,8.870000,Щаповское,
Щаповское,Троицкий,88,37.307132,55.383299,13.210000,Щаповское,
Щаповское,Троицкий,89,37.346574,55.383839,17.690000,Щаповское,
Щаповское,Троицкий,90,37.370240,55.384157,29.170000,Щаповское,
Щаповское,Троицкий,91,37.393906,55.384470,25.070000,Щаповское,
Щаповское,Троицкий,92,37.409684,55.384676,22.420000,Щаповское,
Щаповское,Троицкий,93,37.417573,55.384779,23.650000,Щаповское,
Щаповское,Троицкий,94,37.433351,55.384982,18.500000,Щаповское,
Щаповское,Троицкий,95,37.441241,55.385083,13.450000,Щаповское,
Щаповское,Троицкий,96,37.449130,55.385183,12.160000,Щаповское,
Щаповское,Троицкий,97,37.457019,55.385283,11.320000,Щаповское,
Щаповское,Троицкий,98,37.464908,55.385382,11.330000,Щаповское,
Щаповское,Троицкий,99,37.354276,55.388436,22.640000,Щаповское,
Щаповское,Троицкий,100,37.385835,55.388857,18.070000,Щаповское,
Щаповское,Троицкий,101,37.393724,55.388961,16.570000,Щаповское,
Щаповское,Троицкий,102,37.401614,55.389065,19.510000,Щаповское,
Щаповское,Троицкий,103,37.409504,55.389167,25.300000,Щаповское,
Щаповское,Троицкий,104,37.417394,55.389270,27.420000,Щаповское,
Щаповское,Троицкий,105,37.425284,55.389372,28.160000,Щаповское,
Щаповское,Троицкий,106,37.441064,55.389574,20.070000,Щаповское,
Щаповское,Троицкий,107,37.448954,55.389674,13.820000,Щаповское,
Щаповское,Троицкий,108,37.456844,55.389774,13.340000,Щаповское,
Щаповское,Троицкий,109,37.464734,55.389873,13.300000,Щаповское,
Щаповское,Троицкий,110,37.306748,55.392281,13.630000,Щаповское,
Щаповское,Троицкий,111,37.314638,55.392390,10.880000,Щаповское,
Щаповское,Троицкий,112,37.361980,55.393034,20.690000,Щаповское,
Щаповское,Троицкий,113,37.377761,55.393244,16.090000,Щаповское,
Щаповское,Троицкий,114,37.401433,55.393556,18.900000,Щаповское,
Щаповское,Троицкий,115,37.409324,55.393659,24.530000,Щаповское,
Щаповское,Троицкий,116,37.417214,55.393761,27.770000,Щаповское,
Щаповское,Троицкий,117,37.425105,55.393863,25.480000,Щаповское,
Щаповское,Троицкий,118,37.432996,55.393964,26.460000,Щаповское,
Щаповское,Троицкий,119,37.440887,55.394065,27.190000,Щаповское,
Щаповское,Троицкий,120,37.448778,55.394165,23.640000,Щаповское,
Щаповское,Троицкий,121,37.456669,55.394265,20.010000,Щаповское,
Щаповское,Троицкий,122,37.464560,55.394365,15.760000,Щаповское,
Щаповское,Троицкий,123,37.361794,55.397525,15.280000,Щаповское,
Щаповское,Троицкий,124,37.369686,55.397630,16.000000,Щаповское,
Щаповское,Троицкий,125,37.377577,55.397735,16.370000,Щаповское,
Щаповское,Троицкий,126,37.385469,55.397839,18.910000,Щаповское,
Щаповское,Троицкий,127,37.401252,55.398047,21.960000,Щаповское,
Щаповское,Троицкий,128,37.417035,55.398252,23.950000,Щаповское,
Щаповское,Троицкий,129,37.424927,55.398354,25.740000,Щаповское,
Щаповское,Троицкий,130,37.432819,55.398455,27.670000,Щаповское,
Щаповское,Троицкий,131,37.440710,55.398556,30.620000,Щаповское,
Щаповское,Троицкий,132,37.448602,55.398657,30.750000,Щаповское,
Щаповское,Троицкий,133,37.456494,55.398757,28.660000,Щаповское,
Щаповское,Троицкий,134,37.464386,55.398856,25.830000,Щаповское,
Щаповское,Троицкий,135,37.322148,55.401481,7.380000,Щаповское,
Щаповское,Троицкий,136,37.330040,55.401589,7.770000,Щаповское,
Щаповское,Троицкий,137,37.345824,55.401803,10.280000,Щаповское,
Щаповское,Троицкий,138,37.353716,55.401910,13.310000,Щаповское,
Щаповское,Троицкий,139,37.361608,55.402016,14.350000,Щаповское,
Щаповское,Троицкий,140,37.377393,55.402226,17.760000,Щаповское,
Щаповское,Троицкий,141,37.385285,55.402331,23.740000,Щаповское,
Щаповское,Троицкий,142,37.401070,55.402538,26.180000,Щаповское,
Щаповское,Троицкий,143,37.424748,55.402845,26.280000,Щаповское,
Щаповское,Троицкий,144,37.432641,55.402947,26.250000,Щаповское,
Щаповское,Троицкий,145,37.440533,55.403048,29.950000,Щаповское,
Щаповское,Троицкий,146,37.448426,55.403148,32.820000,Щаповское,
Щаповское,Троицкий,147,37.456319,55.403248,34.150000,Щаповское,
Щаповское,Троицкий,148,37.345636,55.406294,10.210000,Щаповское,
Щаповское,Троицкий,149,37.353529,55.406401,13.240000,Щаповское,
Щаповское,Троицкий,150,37.361423,55.406507,14.110000,Щаповское,
Щаповское,Троицкий,151,37.369316,55.406612,14.470000,Щаповское,
Щаповское,Троицкий,152,37.377209,55.406717,21.050000,Щаповское,
Щаповское,Троицкий,153,37.385102,55.406822,25.920000,Щаповское,
Щаповское,Троицкий,154,37.392996,55.406926,28.890000,Щаповское,
Щаповское,Троицкий,155,37.400889,55.407029,31.020000,Щаповское,
Щаповское,Троицкий,156,37.408782,55.407132,33.450000,Щаповское,
Щаповское,Троицкий,157,37.424569,55.407337,29.960000,Щаповское,
Щаповское,Троицкий,158,37.432463,55.407438,25.450000,Щаповское,
Щаповское,Троицкий,159,37.440357,55.407539,24.900000,Щаповское,
Щаповское,Троицкий,160,37.448250,55.407639,29.560000,Щаповское,
Щаповское,Троицкий,161,37.456144,55.407739,35.390000,Щаповское,
Щаповское,Троицкий,162,37.464038,55.407839,41.750000,Щаповское,
Щаповское,Троицкий,163,37.345449,55.410785,8.700000,Щаповское,
Щаповское,Троицкий,164,37.353343,55.410892,9.730000,Щаповское,
Щаповское,Троицкий,165,37.361237,55.410998,12.920000,Щаповское,
Щаповское,Троицкий,166,37.369131,55.411103,16.760000,Щаповское,
Щаповское,Троицкий,167,37.377025,55.411208,20.700000,Щаповское,
Щаповское,Троицкий,168,37.384919,55.411313,25.630000,Щаповское,
Щаповское,Троицкий,169,37.392813,55.411417,30.260000,Щаповское,
Щаповское,Троицкий,170,37.400708,55.411520,41.090000,Щаповское,
Щаповское,Троицкий,171,37.416496,55.411726,43.010000,Щаповское,
Щаповское,Троицкий,172,37.448074,55.412131,22.570000,Щаповское,
Щаповское,Троицкий,173,37.463864,55.412330,41.490000,Щаповское,
Щаповское,Троицкий,174,37.345261,55.415276,7.970000,Щаповское,
Щаповское,Троицкий,175,37.376841,55.415699,18.530000,Щаповское,
Щаповское,Троицкий,176,37.384736,55.415804,23.020000,Щаповское,
Щаповское,Троицкий,177,37.392631,55.415908,35.760000,Щаповское,
Щаповское,Троицкий,178,37.400526,55.416011,45.240000,Щаповское,
Щаповское,Троицкий,179,37.408421,55.416114,48.290000,Щаповское,
Щаповское,Троицкий,180,37.416317,55.416217,45.900000,Щаповское,
Щаповское,Троицкий,181,37.424212,55.416319,31.720000,Щаповское,
Щаповское,Троицкий,182,37.337177,55.419660,8.560000,Щаповское,
Щаповское,Троицкий,183,37.345073,55.419767,8.300000,Щаповское,
Щаповское,Троицкий,184,37.376656,55.420191,18.110000,Щаповское,
Щаповское,Троицкий,185,37.392448,55.420399,37.960000,Щаповское,
Щаповское,Троицкий,186,37.408241,55.420606,47.760000,Щаповское,
Щаповское,Троицкий,187,37.416137,55.420708,44.610000,Щаповское,
Щаповское,Троицкий,188,37.376472,55.424682,20.800000,Щаповское,
Щаповское,Троицкий,189,37.408060,55.425097,43.630000,Щаповское,
Щаповское,Троицкий,190,37.352595,55.428856,17.770000,Щаповское,
Щаповское,Троицкий,191,37.368390,55.429068,24.010000,Щаповское,
Щаповское,Троицкий,192,37.376288,55.429173,26.080000,Щаповское,
Щаповское,Троицкий,193,37.384186,55.429277,27.150000,Щаповское,
Щаповское,Троицкий,194,37.344509,55.433240,16.000000,Щаповское,
Щаповское,Троицкий,195,37.368205,55.433559,24.010000,Щаповское,
Щаповское,Троицкий,196,37.376104,55.433664,26.000000,Щаповское,
Щаповское,Троицкий,197,37.384002,55.433768,24.260000,Щаповское,
Щаповское,Троицкий,198,37.360120,55.437944,18.090000,Щаповское,
Щаповское,Троицкий,199,37.375919,55.438155,21.740000,Щаповское,
Щаповское,Троицкий,200,37.359934,55.442435,11.750000,Щаповское,
Щаповское,Троицкий,201,37.367834,55.442541,13.840000,Щаповское,
Щаповское,Троицкий,202,37.375735,55.442646,14.070000,Щаповское,
Щербинка,Новомосковский,1,37.547906,55.489744,62.860000,Щербинка,
Щербинка,Новомосковский,2,37.571637,55.490023,54.340000,Щербинка,
Щербинка,Новомосковский,3,37.539829,55.494141,60.610000,Щербинка,
Щербинка,Новомосковский,4,37.547740,55.494236,64.060000,Щербинка,
Щербинка,Новомосковский,5,37.555652,55.494329,64.650000,Щербинка,
Щербинка,Новомосковский,6,37.563563,55.494422,60.400000,Щербинка,
Щербинка,Новомосковский,7,37.571475,55.494515,63.560000,Щербинка,
Щербинка,Новомосковский,8,37.539663,55.498633,63.430000,Щербинка,
Щербинка,Новомосковский,9,37.547575,55.498727,64.940000,Щербинка,
Щербинка,Новомосковский,10,37.555487,55.498821,62.930000,Щербинка,
Щербинка,Новомосковский,11,37.563400,55.498914,66.170000,Щербинка,
Щербинка,Новомосковский,12,37.571312,55.499006,71.430000,Щербинка,
Щербинка,Новомосковский,13,37.531584,55.503030,60.290000,Щербинка,
Щербинка,Новомосковский,14,37.539497,55.503124,63.050000,Щербинка,
Щербинка,Новомосковский,15,37.547410,55.503218,67.150000,Щербинка,
Щербинка,Новомосковский,16,37.555323,55.503312,70.720000,Щербинка,
Щербинка,Новомосковский,17,37.563236,55.503405,73.340000,Щербинка,
Щербинка,Новомосковский,18,37.571150,55.503498,76.420000,Щербинка,
Щербинка,Новомосковский,19,37.555159,55.507803,71.540000,Щербинка,
Щербинка,Новомосковский,20,37.563073,55.507896,75.590000,Щербинка,
Щербинка,Новомосковский,21,37.570987,55.507989,77.730000,Щербинка,
Щербинка,Новомосковский,22,37.531249,55.512012,55.500000,Щербинка,
Щербинка,Новомосковский,23,37.547079,55.512201,55.870000,Щербинка,
Щербинка,Новомосковский,24,37.554994,55.512295,67.220000,Щербинка,
Щербинка,Новомосковский,25,37.562909,55.512388,75.910000,Щербинка,
Щербинка,Новомосковский,26,37.570824,55.512481,76.160000,Щербинка,
Щербинка,Новомосковский,27,37.523166,55.516408,56.900000,Щербинка,
Щербинка,Новомосковский,28,37.515081,55.520804,67.450000,Щербинка,
Щербинка,Новомосковский,29,37.522998,55.520900,65.470000,Щербинка,
Щукино,Северо-Западный,1,37.472961,55.789885,79.630000,Щукино,
Щукино,Северо-Западный,2,37.480932,55.789983,86.180000,Щукино,
Щукино,Северо-Западный,3,37.488903,55.790081,86.970000,Щукино,
Щукино,Северо-Западный,4,37.496874,55.790179,87.410000,Щукино,
Щукино,Северо-Западный,5,37.456841,55.794176,75.460000,Щукино,
Щукино,Северо-Западный,6,37.464813,55.794276,75.850000,Щукино,
Щукино,Северо-Западный,7,37.472785,55.794376,76.530000,Щукино,
Щукино,Северо-Западный,8,37.480757,55.794474,86.100000,Щукино,
Щукино,Северо-Западный,9,37.488729,55.794573,86.180000,Щукино,
Щукино,Северо-Западный,10,37.496701,55.794670,86.860000,Щукино,
Щукино,Северо-Западный,11,37.448691,55.798567,71.540000,Щукино,
Щукино,Северо-Западный,12,37.456664,55.798667,79.310000,Щукино,
Щукино,Северо-Западный,13,37.464636,55.798767,80.420000,Щукино,
Щукино,Северо-Западный,14,37.480582,55.798965,86.080000,Щукино,
Щукино,Северо-Западный,15,37.488555,55.799064,85.720000,Щукино,
Щукино,Северо-Западный,16,37.496528,55.799161,86.270000,Щукино,
Щукино,Северо-Западный,17,37.456486,55.803158,86.530000,Щукино,
Щукино,Северо-Западный,18,37.464460,55.803258,88.130000,Щукино,
Щукино,Северо-Западный,19,37.472433,55.803358,86.430000,Щукино,
Щукино,Северо-Западный,20,37.480407,55.803456,81.670000,Щукино,
Щукино,Северо-Западный,21,37.448334,55.807549,86.260000,Щукино,
Щукино,Северо-Западный,22,37.456308,55.807649,89.540000,Щукино,
Щукино,Северо-Западный,23,37.464283,55.807749,88.910000,Щукино,
Щукино,Северо-Западный,24,37.480232,55.807947,87.690000,Щукино,
Южное Бутово,Юго-Западный,1,37.587298,55.494698,55.990000,Южное Бутово,
Южное Бутово,Юго-Западный,2,37.595210,55.494789,57.670000,Южное Бутово,
Южное Бутово,Юго-Западный,3,37.579225,55.499098,72.490000,Южное Бутово,
Южное Бутово,Юго-Западный,4,37.595050,55.499281,67.090000,Южное Бутово,
Южное Бутово,Юго-Западный,5,37.602962,55.499371,62.270000,Южное Бутово,
Южное Бутово,Юго-Западный,6,37.579063,55.503590,74.500000,Южное Бутово,
Южное Бутово,Юго-Западный,7,37.586976,55.503681,71.790000,Южное Бутово,
Южное Бутово,Юго-Западный,8,37.594890,55.503772,68.560000,Южное Бутово,
Южное Бутово,Юго-Западный,9,37.539330,55.507616,66.030000,Южное Бутово,
Южное Бутово,Юго-Западный,10,37.547244,55.507710,66.890000,Южное Бутово,
Южное Бутово,Юго-Западный,11,37.586815,55.508173,73.150000,Южное Бутово,
Южное Бутово,Юго-Западный,12,37.539164,55.512107,59.610000,Южное Бутово,
Южное Бутово,Юго-Западный,13,37.578739,55.512573,73.680000,Южное Бутово,
Южное Бутово,Юго-Западный,14,37.586654,55.512664,69.680000,Южное Бутово,
Южное Бутово,Юго-Западный,15,37.538998,55.516598,51.270000,Южное Бутово,
Южное Бутово,Юго-Западный,16,37.546913,55.516693,48.540000,Южное Бутово,
Южное Бутово,Юго-Западный,17,37.554829,55.516786,60.870000,Южное Бутово,
Южное Бутово,Юго-Западный,18,37.562745,55.516879,69.700000,Южное Бутово,
Южное Бутово,Юго-Западный,19,37.570661,55.516972,73.860000,Южное Бутово,
Южное Бутово,Юго-Западный,20,37.578577,55.517064,68.900000,Южное Бутово,
Южное Бутово,Юго-Западный,21,37.530914,55.520995,55.520000,Южное Бутово,
Южное Бутово,Юго-Западный,22,37.538831,55.521090,44.300000,Южное Бутово,
Южное Бутово,Юго-Западный,23,37.546748,55.521184,39.550000,Южное Бутово,
Южное Бутово,Юго-Западный,24,37.554665,55.521278,39.800000,Южное Бутово,
Южное Бутово,Юго-Западный,25,37.562582,55.521371,48.900000,Южное Бутово,
Южное Бутово,Юго-Западный,26,37.570498,55.521463,60.650000,Южное Бутово,
Южное Бутово,Юго-Западный,27,37.578415,55.521556,65.210000,Южное Бутово,
Южное Бутово,Юго-Западный,28,37.522830,55.525391,71.630000,Южное Бутово,
Южное Бутово,Юго-Западный,29,37.530747,55.525486,63.120000,Южное Бутово,
Южное Бутово,Юго-Западный,30,37.538665,55.525581,49.740000,Южное Бутово,
Южное Бутово,Юго-Западный,31,37.554500,55.525769,41.700000,Южное Бутово,
Южное Бутово,Юго-Западный,32,37.562418,55.525862,47.040000,Южное Бутово,
Южное Бутово,Юго-Западный,33,37.570336,55.525955,59.320000,Южное Бутово,
Южное Бутово,Юго-Западный,34,37.578253,55.526047,66.600000,Южное Бутово,
Южное Бутово,Юго-Западный,35,37.483070,55.529399,47.060000,Южное Бутово,
Южное Бутово,Юго-Западный,36,37.490988,55.529496,52.140000,Южное Бутово,
Южное Бутово,Юго-Западный,37,37.498906,55.529594,67.390000,Южное Бутово,
Южное Бутово,Юго-Западный,38,37.514743,55.529787,79.950000,Южное Бутово,
Южное Бутово,Юго-Западный,39,37.570173,55.530446,63.460000,Южное Бутово,
Южное Бутово,Юго-Западный,40,37.578091,55.530538,68.230000,Южное Бутово,
Южное Бутово,Юго-Западный,41,37.482897,55.533890,61.520000,Южное Бутово,
Южное Бутово,Юго-Западный,42,37.490816,55.533988,65.030000,Южное Бутово,
Южное Бутово,Юго-Западный,43,37.498735,55.534085,74.090000,Южное Бутово,
Южное Бутово,Юго-Западный,44,37.514574,55.534278,83.630000,Южное Бутово,
Южное Бутово,Юго-Западный,45,37.522493,55.534374,83.790000,Южное Бутово,
Южное Бутово,Юго-Западный,46,37.530412,55.534469,81.710000,Южное Бутово,
Южное Бутово,Юго-Западный,47,37.546251,55.534658,69.800000,Южное Бутово,
Южное Бутово,Юго-Западный,48,37.554171,55.534752,60.580000,Южное Бутово,
Южное Бутово,Юго-Западный,49,37.570010,55.534938,76.120000,Южное Бутово,
Южное Бутово,Юго-Западный,50,37.577929,55.535030,75.860000,Южное Бутово,
Южное Бутово,Юго-Западный,51,37.482724,55.538381,69.900000,Южное Бутово,
Южное Бутово,Юго-Западный,52,37.498564,55.538576,77.160000,Южное Бутово,
Южное Бутово,Юго-Западный,53,37.506484,55.538673,83.280000,Южное Бутово,
Южное Бутово,Юго-Западный,54,37.530245,55.538960,86.330000,Южное Бутово,
Южное Бутово,Юго-Западный,55,37.538165,55.539055,84.830000,Южное Бутово,
Южное Бутово,Юго-Западный,56,37.546085,55.539149,84.000000,Южное Бутово,
Южное Бутово,Юго-Западный,57,37.577767,55.539521,78.130000,Южное Бутово,
Южное Бутово,Юго-Западный,58,37.522156,55.543356,84.280000,Южное Бутово,
Южное Бутово,Юго-Западный,59,37.545920,55.543641,89.330000,Южное Бутово,
Южное Бутово,Юго-Западный,60,37.553841,55.543734,88.880000,Южное Бутово,
Южное Бутово,Юго-Западный,61,37.561762,55.543828,87.650000,Южное Бутово,
Южное Бутово,Юго-Западный,62,37.569684,55.543920,85.520000,Южное Бутово,
Южное Бутово,Юго-Западный,63,37.577605,55.544013,81.780000,Южное Бутово,
Южное Бутово,Юго-Западный,64,37.514065,55.547752,79.980000,Южное Бутово,
Южное Бутово,Юго-Западный,65,37.521987,55.547848,83.240000,Южное Бутово,
Южное Бутово,Юго-Западный,66,37.529909,55.547943,86.490000,Южное Бутово,
Южное Бутово,Юго-Западный,67,37.545754,55.548132,89.880000,Южное Бутово,
Южное Бутово,Юго-Западный,68,37.553676,55.548226,89.780000,Южное Бутово,
Южное Бутово,Юго-Западный,69,37.561598,55.548319,87.870000,Южное Бутово,
Южное Бутово,Юго-Западный,70,37.569521,55.548412,86.000000,Южное Бутово,
Южное Бутово,Юго-Западный,71,37.585365,55.548596,72.440000,Южное Бутово,
Южное Бутово,Юго-Западный,72,37.537665,55.552529,85.650000,Южное Бутово,
Южное Бутово,Юго-Западный,73,37.553511,55.552717,88.840000,Южное Бутово,
Южное Бутово,Юго-Западный,74,37.561434,55.552811,87.450000,Южное Бутово,
Южное Бутово,Юго-Западный,75,37.569357,55.552903,80.990000,Южное Бутово,
Южное Бутово,Юго-Западный,76,37.585204,55.553087,71.380000,Южное Бутово,
Южное Медведково,Северо-Восточный,1,37.637694,55.868202,83.940000,Южное Медведково,
Южное Медведково,Северо-Восточный,2,37.645681,55.868291,83.110000,Южное Медведково,
Южное Медведково,Северо-Восточный,3,37.637537,55.872694,82.180000,Южное Медведково,
Южное Медведково,Северо-Восточный,4,37.645525,55.872782,86.920000,Южное Медведково,
Южное Медведково,Северо-Восточный,5,37.621401,55.877007,79.610000,Южное Медведково,
Южное Медведково,Северо-Восточный,6,37.629390,55.877096,81.580000,Южное Медведково,
Южное Медведково,Северо-Восточный,7,37.637379,55.877185,79.520000,Южное Медведково,
Южное Медведково,Северо-Восточный,8,37.645369,55.877273,84.540000,Южное Медведково,
Южное Медведково,Северо-Восточный,9,37.621242,55.881498,79.650000,Южное Медведково,
Южное Медведково,Северо-Восточный,10,37.629232,55.881588,81.460000,Южное Медведково,
Южное Медведково,Северо-Восточный,11,37.637222,55.881676,80.430000,Южное Медведково,
Южное Тушино,Северо-Западный,1,37.399382,55.833881,82.890000,Южное Тушино,
Южное Тушино,Северо-Западный,2,37.399198,55.838372,82.610000,Южное Тушино,
Южное Тушино,Северо-Западный,3,37.407178,55.838476,85.590000,Южное Тушино,
Южное Тушино,Северо-Западный,4,37.415159,55.838579,79.370000,Южное Тушино,
Южное Тушино,Северо-Западный,5,37.423140,55.838681,76.620000,Южное Тушино,
Южное Тушино,Северо-Западный,6,37.431120,55.838783,80.500000,Южное Тушино,
Южное Тушино,Северо-Западный,7,37.439101,55.838885,84.990000,Южное Тушино,
Южное Тушино,Северо-Западный,8,37.447082,55.838986,83.560000,Южное Тушино,
Южное Тушино,Северо-Западный,9,37.463044,55.839186,79.150000,Южное Тушино,
Южное Тушино,Северо-Западный,10,37.422958,55.843172,85.560000,Южное Тушино,
Южное Тушино,Северо-Западный,11,37.430939,55.843274,89.730000,Южное Тушино,
Южное Тушино,Северо-Западный,12,37.438921,55.843376,89.600000,Южное Тушино,
Южное Тушино,Северо-Западный,13,37.446903,55.843477,90.030000,Южное Тушино,
Южное Тушино,Северо-Западный,14,37.454885,55.843577,86.350000,Южное Тушино,
Южное Тушино,Северо-Западный,15,37.422776,55.847663,87.380000,Южное Тушино,
Южное Тушино,Северо-Западный,16,37.438741,55.847867,90.930000,Южное Тушино,
Южное Тушино,Северо-Западный,17,37.446724,55.847968,90.860000,Южное Тушино,
Южное Тушино,Северо-Западный,18,37.454706,55.848068,89.330000,Южное Тушино,
Южнопортовый,Юго-Восточный,1,37.683250,55.702455,86.270000,Южнопортовый,
Южнопортовый,Юго-Восточный,2,37.675144,55.706861,90.200000,Южнопортовый,
Южнопортовый,Юго-Восточный,3,37.683099,55.706946,88.250000,Южнопортовый,
Южнопортовый,Юго-Восточный,4,37.667036,55.711266,87.400000,Южнопортовый,
Южнопортовый,Юго-Восточный,5,37.674992,55.711352,87.680000,Южнопортовый,
Южнопортовый,Юго-Восточный,6,37.666883,55.715758,89.260000,Южнопортовый,
Южнопортовый,Юго-Восточный,7,37.674840,55.715844,85.890000,Южнопортовый,
Южнопортовый,Юго-Восточный,8,37.682797,55.715929,83.060000,Южнопортовый,
Южнопортовый,Юго-Восточный,9,37.666730,55.720249,88.550000,Южнопортовый,
Южнопортовый,Юго-Восточный,10,37.674688,55.720335,83.710000,Южнопортовый,
Южнопортовый,Юго-Восточный,11,37.682645,55.720421,81.570000,Южнопортовый,
Южнопортовый,Юго-Восточный,12,37.690603,55.720506,79.230000,Южнопортовый,
Южнопортовый,Юго-Восточный,13,37.698560,55.720590,75.070000,Южнопортовый,
Южнопортовый,Юго-Восточный,14,37.666577,55.724740,87.090000,Южнопортовый,
Южнопортовый,Юго-Восточный,15,37.674536,55.724827,83.860000,Южнопортовый,
Южнопортовый,Юго-Восточный,16,37.682494,55.724912,83.680000,Южнопортовый,
Южнопортовый,Юго-Восточный,17,37.666424,55.729232,89.510000,Южнопортовый,
Якиманка,Центральный,1,37.602912,55.724033,87.390000,Якиманка,
Якиманка,Центральный,2,37.610870,55.724123,87.730000,Якиманка,
Якиманка,Центральный,3,37.610711,55.728614,88.370000,Якиманка,
Якиманка,Центральный,4,37.618670,55.728704,87.020000,Якиманка,
Якиманка,Центральный,5,37.602591,55.733016,87.320000,Якиманка,
Якиманка,Центральный,6,37.610551,55.733106,88.290000,Якиманка,
Якиманка,Центральный,7,37.618511,55.733196,88.730000,Якиманка,
Якиманка,Центральный,8,37.618352,55.737687,89.340000,Якиманка,
Якиманка,Центральный,9,37.610232,55.742088,88.700000,Якиманка,
Якиманка,Центральный,10,37.618194,55.742178,87.930000,Якиманка,
Якиманка,Центральный,11,37.618035,55.746670,86.190000,Якиманка,
Ярославский,Северо-Восточный,1,37.670565,55.841604,80.770000,Ярославский,
Ярославский,Северо-Восточный,2,37.678395,55.846181,74.780000,Ярославский,
Ярославский,Северо-Восточный,3,37.686378,55.846267,73.230000,Ярославский,
Ярославский,Северо-Восточный,4,37.678242,55.850672,80.850000,Ярославский,
Ярославский,Северо-Восточный,5,37.686226,55.850758,78.410000,Ярославский,
Ярославский,Северо-Восточный,6,37.702195,55.850927,55.190000,Ярославский,
Ярославский,Северо-Восточный,7,37.718163,55.851095,36.740000,Ярославский,
Ярославский,Северо-Восточный,8,37.678090,55.855164,83.210000,Ярославский,
Ярославский,Северо-Восточный,9,37.694060,55.855334,74.220000,Ярославский,
Ярославский,Северо-Восточный,10,37.710030,55.855503,50.140000,Ярославский,
Ярославский,Северо-Восточный,11,37.685923,55.859741,81.770000,Ярославский,
Ярославский,Северо-Восточный,12,37.693909,55.859826,77.870000,Ярославский,
Ярославский,Северо-Восточный,13,37.701895,55.859910,72.400000,Ярославский,
Ярославский,Северо-Восточный,14,37.717867,55.860078,50.100000,Ярославский,
Ярославский,Северо-Восточный,15,37.693758,55.864317,81.090000,Ярославский,
Ярославский,Северо-Восточный,16,37.701745,55.864402,75.870000,Ярославский,
Ярославский,Северо-Восточный,17,37.693608,55.868809,83.520000,Ярославский,
Ярославский,Северо-Восточный,18,37.701596,55.868893,80.160000,Ярославский,
Ярославский,Северо-Восточный,19,37.709583,55.868977,78.790000,Ярославский,
Ярославский,Северо-Восточный,20,37.701446,55.873384,80.920000,Ярославский,
Ярославский,Северо-Восточный,21,37.709435,55.873469,79.290000,Ярославский,
Ярославский,Северо-Восточный,22,37.717423,55.873552,79.340000,Ярославский,
Ярославский,Северо-Восточный,23,37.725412,55.873635,77.570000,Ярославский,
Ярославский,Северо-Восточный,24,37.717275,55.878043,79.550000,Ярославский,
Ярославский,Северо-Восточный,25,37.725265,55.878126,77.990000,Ярославский,
Ярославский,Северо-Восточный,26,37.733255,55.878209,72.720000,Ярославский,
Ярославский,Северо-Восточный,27,37.717127,55.882535,76.130000,Ярославский,
Ярославский,Северо-Восточный,28,37.725118,55.882618,74.630000,Ярославский,
Ясенево,Юго-Западный,1,37.560284,55.584250,57.250000,Ясенево,
Ясенево,Юго-Западный,2,37.544259,55.588554,70.950000,Ясенево,
Ясенево,Юго-Западный,3,37.536162,55.592951,78.720000,Ясенево,
Ясенево,Юго-Западный,4,37.544093,55.593045,77.900000,Ясенево,
Ясенево,Юго-Западный,5,37.512198,55.597156,71.420000,Ясенево,
Ясенево,Юго-Западный,6,37.520130,55.597252,79.630000,Ясенево,
Ясенево,Юго-Западный,7,37.528062,55.597347,82.970000,Ясенево,
Ясенево,Юго-Западный,8,37.543927,55.597537,84.980000,Ясенево,
Ясенево,Юго-Западный,9,37.504096,55.601551,70.400000,Ясенево,
Ясенево,Юго-Западный,10,37.512028,55.601647,74.760000,Ясенево,
Ясенево,Юго-Западный,11,37.519961,55.601743,86.180000,Ясенево,
Ясенево,Юго-Западный,12,37.535827,55.601934,88.330000,Ясенево,
Ясенево,Юго-Западный,13,37.543760,55.602028,86.640000,Ясенево,
Ясенево,Юго-Западный,14,37.551693,55.602122,84.700000,Ясенево,
Ясенево,Юго-Западный,15,37.503925,55.606042,70.110000,Ясенево,
Ясенево,Юго-Западный,16,37.511858,55.606138,76.180000,Ясенево,
Ясенево,Юго-Западный,17,37.519792,55.606234,85.200000,Ясенево,
Ясенево,Юго-Западный,18,37.527726,55.606330,87.440000,Ясенево,
Ясенево,Юго-Западный,19,37.535660,55.606425,88.140000,Ясенево,
Ясенево,Юго-Западный,20,37.543594,55.606519,87.480000,Ясенево,
Ясенево,Юго-Западный,21,37.551528,55.606613,83.240000,Ясенево,
Ясенево,Юго-Западный,22,37.495819,55.610436,75.980000,Ясенево,
Ясенево,Юго-Западный,23,37.511688,55.610630,82.760000,Ясенево,
Ясенево,Юго-Западный,24,37.527558,55.610821,88.360000,Ясенево,
Ясенево,Юго-Западный,25,37.535493,55.610916,87.890000,Ясенево,
Ясенево,Юго-Западный,26,37.543427,55.611011,87.030000,Ясенево,
Ясенево,Юго-Западный,27,37.503583,55.615024,85.910000,Ясенево,
Ясенево,Юго-Западный,28,37.511518,55.615121,85.020000,Ясенево,
Ясенево,Юго-Западный,29,37.527389,55.615312,82.390000,Ясенево,
Ясенево,Юго-Западный,30,37.535325,55.615408,84.510000,Ясенево,
Ясенево,Юго-Западный,31,37.511348,55.619612,86.560000,Ясенево,
Ясенево,Юго-Западный,32,37.543094,55.619993,73.680000,Ясенево,
Ясенево,Юго-Западный,33,37.511178,55.624103,89.020000,Ясенево,
Ясенево,Юго-Западный,34,37.542761,55.628976,69.450000,Ясенево,
